site_id,tariff,cs_avg_kw,cs_revenue,summer_demand_savings_stacked,summer_demand_savings_alone
cs-100189,ngrid-g3,187.2077116530741,37441.54233061482,847.814265040491,3109.4501142822305
cs-100189,es-g2-boston,171.97514375513347,34395.02875102669,7027.793535651774,10010.733238109005
cs-100191,ngrid-g3,161.67616174537258,32335.232349074515,2844.171701413229,5338.333531546751
cs-100191,es-g2-boston,146.70309928584314,29340.61985716863,15226.92252362855,17667.837644338655
cs-100194,ngrid-g3,187.5698459857908,37513.96919715816,982.9703675586875,3032.7245720680644
cs-100194,es-g2-boston,170.4731467873393,34094.62935746786,8450.348028661827,10271.124034018163
cs-100200,ngrid-g3,157.65103562722226,31530.207125444453,1661.942200539345,4506.463036527537
cs-100200,es-g2-boston,142.02125694781415,28404.25138956283,10627.26591997457,14419.832242234674
cs-11787,ngrid-g3,107.01675303795462,21403.350607590924,1920.8175706118845,3029.3718948193678
cs-11787,es-g2-boston,100.26892127696904,20053.784255393806,7338.286297337558,9178.801572376464
cs-12240,ngrid-g3,177.22962814311853,35445.92562862371,494.56713382388875,3009.7185186849224
cs-12240,es-g2-boston,166.81019540043962,33362.039080087925,4147.122402484573,9630.53192359596
cs-12889,ngrid-g3,190.47786388629066,38095.57277725813,1381.2599371715564,3703.0399833201245
cs-12889,es-g2-boston,175.90097104083478,35180.194208166955,9617.541884876098,13220.092458582878
cs-12893,ngrid-g3,175.0334255746658,35006.68511493316,1748.508689927877,4391.919048849805
cs-12893,es-g2-boston,156.5960091307409,31319.20182614818,11238.606934480931,14053.313073369547
cs-12894,ngrid-g3,190.6189421657029,38123.78843314058,1126.215425061627,3691.84718066327
cs-12894,es-g2-boston,175.58376428105723,35116.752856211446,8251.155496966558,11813.215059709522
cs-12895,ngrid-g3,190.35889701077636,38071.77940215527,1518.4680028760945,3292.1251933660483
cs-12895,es-g2-boston,173.86342077262938,34772.68415452588,9843.454378746756,11986.430719019903
cs-12896,ngrid-g3,188.29043226413836,37658.08645282767,1649.9896066047863,4023.0520393213837
cs-12896,es-g2-boston,178.72903661412846,35745.80732282569,8972.509663265104,12873.008174831386
cs-12897,ngrid-g3,190.24637191611936,38049.27438322387,1239.2998976356412,3786.264300256231
cs-12897,es-g2-boston,171.54249946276522,34308.499892553045,11149.967642708229,12689.75954408506
cs-12899,ngrid-g3,189.7087179624275,37941.7435924855,1493.2882747648755,4438.2326338324165
cs-12899,es-g2-boston,171.49268110095795,34298.53622019159,9838.326909374644,14201.507815137655
cs-13886,ngrid-g3,187.25745319192492,37451.49063838499,1356.9486833680994,3512.280834371529
cs-13886,es-g2-boston,171.26480107553192,34252.96021510638,8630.9649656303,11748.542620888858
cs-13896,ngrid-g3,156.56853590770547,31313.707181541093,1788.1229007546344,3818.609112511329
cs-13896,es-g2-boston,141.1394693450917,28227.89386901834,10005.876021419372,13090.656139960043
cs-14345,ngrid-g3,26.951255205131712,5390.251041026342,2312.5976185582285,2653.319327301736
cs-14345,es-g2-boston,26.426178126405436,5285.235625281087,7921.382448094679,8266.856299689403
cs-14350,ngrid-g3,46.32813871474493,9265.627742948986,2033.2668346249561,2460.531087194519
cs-14350,es-g2-boston,43.74684790249706,8749.369580499411,8074.137615842135,8537.864004496434
cs-14353,ngrid-g3,188.91210364653867,37782.420729307734,2297.215751603572,4236.556060322123
cs-14353,es-g2-boston,171.76954006039654,34353.90801207931,13451.286126659958,13746.43913176753
cs-14354,ngrid-g3,93.53518794857771,18707.037589715543,4693.80114763269,5303.259482162743
cs-14354,es-g2-boston,86.60697281158659,17321.394562317317,16820.620545631482,16969.43067101085
cs-14356,ngrid-g3,189.83015592320157,37966.03118464031,2413.2859355873497,5004.575923301368
cs-14356,es-g2-boston,179.8301075801113,35966.02151602226,12026.80630803359,16013.699584927566
cs-14357,ngrid-g3,190.4451662365032,38089.03324730064,1532.898878596011,3719.573317149582
cs-14357,es-g2-boston,176.02294171712873,35204.58834342575,9657.780565524468,11901.933470049795
cs-14358,ngrid-g3,190.57803654959122,38115.60730991825,1444.3863553851786,3513.4828117914662
cs-14358,es-g2-boston,171.07880888029482,34215.761776058964,12433.326640116939,12772.999649751748
cs-14359,ngrid-g3,189.25331079349712,37850.66215869942,2388.8002381468436,5546.732755607877
cs-14359,es-g2-boston,167.71715256876527,33543.430513753054,15613.499711866378,17748.499250979025
cs-14360,ngrid-g3,188.87208052349965,37774.41610469993,1888.7247986340958,4310.233224118298
cs-14360,es-g2-boston,170.13097683826848,34026.195367653694,12800.649908271029,13791.933832122168
cs-14361,ngrid-g3,187.85598571826344,37571.19714365269,1802.6363489398486,4884.9139952889145
cs-14361,es-g2-boston,170.38257625055098,34076.5152501102,11545.657136924705,15630.803971730318
cs-14362,ngrid-g3,187.42215159231148,37484.4303184623,2261.149075012207,4327.907729971269
cs-14362,es-g2-boston,171.74388740752752,34348.7774815055,12988.040859680477,13848.488919182339
cs-14363,ngrid-g3,189.79039116150165,37958.07823230033,2246.576578528728,4797.032344899555
cs-14363,es-g2-boston,171.79648760890396,34359.29752178079,13611.781568644572,15355.383294418234
cs-14364,ngrid-g3,183.41186518213547,36682.373036427096,2194.598433919885,4837.05767613644
cs-14364,es-g2-boston,162.67458761069375,32534.91752213875,13205.092675427926,15518.604442453354
cs-15708,ngrid-g3,115.81568301670134,23163.13660334027,2127.8865319220727,3550.4466865687236
cs-15708,es-g2-boston,107.22717501038083,21445.435002076167,10312.962263869027,13818.090680229081
cs-16081,ngrid-g3,89.37807182281736,17875.614364563473,1375.7020806730852,2026.769109634277
cs-16081,es-g2-boston,84.7436023721272,16948.72047442544,6677.841494837407,7874.7474648898415
cs-16082,ngrid-g3,188.9090227731941,37781.80455463882,1689.733020708648,4631.759997900104
cs-16082,es-g2-boston,171.4268288710417,34285.36577420834,11957.725316022012,14820.75889997253
cs-16083,ngrid-g3,76.94289845133586,15388.579690267174,1395.3738819729401,1919.9710283836664
cs-16083,es-g2-boston,73.00546303753949,14601.092607507897,6668.377124529167,7600.507214459038
cs-16084,ngrid-g3,177.81871586027268,35563.743172054536,3249.8170847435567,5208.4409233924
cs-16084,es-g2-boston,165.0074506916563,33001.49013833126,13043.84503749795,16655.163567525902
cs-16085,ngrid-g3,169.40833727291633,33881.667454583265,837.9648264324635,2932.941778580492
cs-16085,es-g2-boston,154.38535181005508,30877.070362011018,7122.633923462168,9942.566557478553
cs-16086,ngrid-g3,189.37221744730743,37874.44348946149,1979.0641833496093,4268.594968735491
cs-16086,es-g2-boston,171.89581385121625,34379.16277024325,12732.325047072834,13855.102581044763
cs-16087,ngrid-g3,96.31094587416877,19262.189174833755,2208.019856091361,3097.1025431882103
cs-16087,es-g2-boston,91.61877657242574,18323.755314485148,9498.356260963505,10919.14754472239
cs-16088,ngrid-g3,172.4600657756949,34492.01315513898,792.8693888854981,2825.940361624217
cs-16088,es-g2-boston,159.46669081830817,31893.338163661632,6199.555405082917,9366.16912394696
cs-16089,ngrid-g3,190.4715026229733,38094.30052459466,1186.8473012660625,3325.5057835585567
cs-16089,es-g2-boston,175.34777809043922,35069.55561808784,8732.213130702094,11288.891243320542
cs-16090,ngrid-g3,188.12246493633788,37624.49298726758,1743.0470516967782,4075.302233016777
cs-16090,es-g2-boston,172.26589114467225,34453.17822893445,11165.126740247657,13040.198945421262
cs-16091,ngrid-g3,80.46947142298494,16093.894284596987,1710.2384400385163,2316.9238643050185
cs-16091,es-g2-boston,77.00031297756675,15400.062595513351,6983.0647394673415,8220.032263734416
cs-16092,ngrid-g3,91.65253489358085,18330.50697871617,1978.0416065399972,2882.078032897268
cs-16092,es-g2-boston,87.18150570643162,17436.301141286323,8338.412851888514,10229.527725326956
cs-19981,ngrid-g3,179.54900550203723,35909.80110040744,537.6506062500879,2162.543848628444
cs-19981,es-g2-boston,167.7763267473657,33555.265349473135,4929.730077845467,8302.515849580443
cs-19982,ngrid-g3,191.15828660171084,38231.657320342165,1590.7132948432316,3725.532722424213
cs-19982,es-g2-boston,176.8452276818538,35369.04553637076,9573.420767490556,13249.145001585825
cs-19986,ngrid-g3,187.64919899669718,37529.83979933944,2309.5426056485985,4300.545883483714
cs-19986,es-g2-boston,172.75330911144732,34550.66182228946,13760.936168298736,13760.936168168906
cs-19989,ngrid-g3,184.29916733688137,36859.83346737627,1091.5191603285991,4126.491331812623
cs-19989,es-g2-boston,162.38968099923247,32477.936199846492,10035.126149744758,13203.994412350477
cs-21109,ngrid-g3,74.65178001873076,14930.356003746152,1733.2854944010414,2468.302791582226
cs-21109,es-g2-boston,70.13516407438962,14027.032814877924,7516.283191959046,8964.460954895298
cs-21110,ngrid-g3,45.03280674275897,9006.561348551795,2429.7686478346427,3019.2539745744048
cs-21110,es-g2-boston,41.57215937471227,8314.431874942455,9463.918876134781,9890.904470906884
cs-21111,ngrid-g3,109.93171499262182,21986.342998524364,1846.6611102545312,3666.9882988329923
cs-21111,es-g2-boston,94.50233499817061,18900.46699963412,10601.655324568394,12762.850711776713
cs-21112,ngrid-g3,192.5639771019969,38512.79542039938,2454.089359316219,4878.959402221799
cs-21112,es-g2-boston,172.59189305776619,34518.378611553235,15030.45137312575,17672.93693482883
cs-21114,ngrid-g3,52.18063736093102,10436.127472186205,2565.6026652959617,3461.180405562327
cs-21114,es-g2-boston,43.319119974594685,8663.823994918937,11495.55861789891,11495.558617767641
cs-21115,ngrid-g3,67.71501105172294,13543.002210344588,1625.043567796284,2471.679056165067
cs-21115,es-g2-boston,61.60519596423805,12321.03919284761,7743.799436403919,8632.853520579454
cs-21116,ngrid-g3,66.77334995686063,13354.669991372126,1806.134477907955,2990.0034975833278
cs-21116,es-g2-boston,58.2438273920636,11648.76547841272,9916.322191435891,10407.164864926615
cs-21117,ngrid-g3,62.10877002184471,12421.754004368942,2800.599862867798,3483.8760272743807
cs-21117,es-g2-boston,56.69865674781665,11339.73134956333,11018.13059382036,11439.776072573313
cs-21118,ngrid-g3,181.35881797590451,36271.763595180906,1882.296825866699,3911.061920605637
cs-21118,es-g2-boston,161.32112273544024,32264.224547088048,12423.784125044047,13125.409545998993
cs-21119,ngrid-g3,185.01534502872312,37003.069005744626,2124.786087653911,4428.2291933168235
cs-21119,es-g2-boston,163.48005731437647,32696.011462875293,15021.846601261455,16669.212070889105
cs-21120,ngrid-g3,162.1516256922549,32430.32513845098,1147.9769822991211,3406.4857857130064
cs-21120,es-g2-boston,147.71933430034338,29543.866860068676,8163.6686159327055,11267.295282810717
cs-21385,ngrid-g3,190.9758606565468,38195.172131309366,2066.0225537986285,4157.356270920928
cs-21385,es-g2-boston,179.23904720845107,35847.80944169022,13047.888331467135,15653.655748982748
cs-21388,ngrid-g3,128.91221058868035,25782.44211773607,937.8710776807742,2167.722940113427
cs-21388,es-g2-boston,117.25870160773162,23451.740321546324,6781.813317058068,9118.726101558012
cs-21389,ngrid-g3,159.32366891675196,31864.73378335039,1692.0920056927082,3661.3576348710094
cs-21389,es-g2-boston,148.88029585378823,29776.059170757646,8861.541724765386,13310.717453194373
cs-21392,ngrid-g3,173.11116063322663,34622.23212664533,1347.2020390737268,3961.5363388018545
cs-21392,es-g2-boston,159.76190596268816,31952.381192537632,7843.927446918645,12757.710420153244
cs-21422,ngrid-g3,178.31475777866132,35662.95155573227,1946.3869203778286,4651.335103761506
cs-21422,es-g2-boston,165.91527308944956,33183.05461788991,10301.807857295946,15029.052964356106
cs-21423,ngrid-g3,133.70481616524606,26740.963233049213,2565.00039161369,5263.012130867789
cs-21423,es-g2-boston,121.41953364254252,24283.906728508504,12192.822855960683,16853.882607121537
cs-21424,ngrid-g3,139.86527658118158,27973.055316236314,1925.9505529213466,4022.8055890486403
cs-21424,es-g2-boston,128.24754924745542,25649.509849491085,9637.237207229779,13737.25197110314
cs-21426,ngrid-g3,114.42587660238522,22885.175320477043,1483.6420629643299,3884.230780192478
cs-21426,es-g2-boston,101.27880403926372,20255.760807852745,9185.960436780333,12428.80631362249
cs-21427,ngrid-g3,104.19868553125787,20839.737106251574,1139.155412220668,2822.4956408338776
cs-21427,es-g2-boston,95.04414615677831,19008.829231355663,7011.814366114788,9827.068386191697
cs-21428,ngrid-g3,155.29332425446444,31058.66485089289,1901.73678214352,4343.016912256597
cs-21428,es-g2-boston,140.09531052118416,28019.062104236833,10493.613989269112,14567.677448357406
cs-21431,ngrid-g3,134.32696616033192,26865.393232066384,2104.66981714845,4378.625827669347
cs-21431,es-g2-boston,121.88759855796613,24377.519711593224,11076.635138149568,14880.608164855017
cs-21432,ngrid-g3,165.9704787623879,33194.09575247758,711.7745827607347,3113.473265964885
cs-21432,es-g2-boston,151.88635755941786,30377.271511883573,6042.347945672578,10184.150627912071
cs-21557,ngrid-g3,24.892015201231793,4978.403040246359,2626.181321603031,3065.312315677854
cs-21557,es-g2-boston,22.375848894646804,4475.169778929361,9863.29631354781,10184.866795615793
cs-21564,ngrid-g3,79.98394054398584,15996.788108797167,1814.2164696866107,3096.329894747328
cs-21564,es-g2-boston,73.02473744046829,14604.947488093658,8123.297879754024,10323.926214250518
cs-21603,ngrid-g3,191.4539643055712,38290.79286111424,1675.7256638440294,3668.934435267629
cs-21603,es-g2-boston,176.98083423900692,35396.16684780138,9669.269162037255,12105.975501312667
cs-21612,ngrid-g3,112.48618261468036,22497.236522936073,1129.904783424732,2216.139546437371
cs-21612,es-g2-boston,105.35287266947014,21070.57453389403,5799.800514136454,8075.093878216831
cs-22189,ngrid-g3,125.59704634558727,25119.409269117456,2386.803881188027,3859.364650962445
cs-22189,es-g2-boston,115.41865359891537,23083.730719783074,10557.566835560732,12638.413351714607
cs-22192,ngrid-g3,102.85850418142647,20571.700836285294,2881.5498170952596,4390.807494842509
cs-22192,es-g2-boston,88.63580236198808,17727.160472397616,14117.229908281904,14117.229908151534
cs-22193,ngrid-g3,78.37164320971503,15674.328641943006,2913.3917787368664,4156.60826930109
cs-22193,es-g2-boston,69.15447354851653,13830.894709703307,13070.177629101241,13847.291230900633
cs-22195,ngrid-g3,168.5947763471166,33718.95526942332,2495.6916217882244,5344.170010877686
cs-22195,es-g2-boston,150.41206163283476,30082.41232656695,15668.868896018274,17102.93173105407
cs-22198,ngrid-g3,173.26834797016122,34653.669594032246,1029.442037435254,3316.287481022013
cs-22198,es-g2-boston,159.15503793858878,31831.007587717755,7873.367693277684,10765.418707166162
cs-22201,ngrid-g3,117.0854603613953,23417.09207227906,1283.3441722826537,3823.9228897357093
cs-22201,es-g2-boston,102.1541990087758,20430.839801755163,9259.360999180897,12599.116107477905
cs-22202,ngrid-g3,184.56880397116134,36913.76079423227,395.6854279858651,2959.0197224881795
cs-22202,es-g2-boston,171.5276957976397,34305.539159527936,4789.73533115357,9468.305332561142
cs-22203,ngrid-g3,179.98306397258307,35996.612794516615,448.0764755113206,3133.7658890482494
cs-22203,es-g2-boston,159.93420554475276,31986.84110895055,6749.350334327777,10027.46012565392
cs-22211,ngrid-g3,136.51401241404565,27302.80248280913,1674.3685591953924,4044.575501998668
cs-22211,es-g2-boston,124.6887096933084,24937.74193866168,9460.363443867034,13346.681455776197
cs-22212,ngrid-g3,186.7005868202584,37340.11736405168,720.8631771850586,3416.4967696498525
cs-22212,es-g2-boston,171.0301608659868,34206.03217319736,6443.817309098024,10932.145648408343
cs-23222,ngrid-g3,191.46034649348746,38292.06929869749,747.6156787688598,3125.551019643243
cs-23222,es-g2-boston,176.91714402206205,35383.42880441241,6826.776489368377,10001.174092072395
cs-23223,ngrid-g3,182.36527353510056,36473.054707020114,3835.3634655761716,5797.878869559485
cs-23223,es-g2-boston,166.5953061660683,33319.06123321366,18552.119474355666,18552.11947422663
cs-23224,ngrid-g3,185.58963841889022,37117.92768377804,4332.514235839843,5166.509175955279
cs-23224,es-g2-boston,178.83995615257575,35767.99123051515,17493.298429860424,17493.298429731138
cs-23226,ngrid-g3,178.1690812722522,35633.816254450445,804.0272346319856,2900.6081265581797
cs-23226,es-g2-boston,165.71778240722793,33143.55648144559,6980.167051404115,9552.423552611075
cs-23229,ngrid-g3,189.74508692052638,37949.017384105275,1234.1212796020518,3420.3093561633304
cs-23229,es-g2-boston,173.6920443300949,34738.40886601898,8769.090074704296,10944.345206573522
cs-23231,ngrid-g3,144.1676487761374,28833.529755227482,2225.497903246296,4390.861586665605
cs-23231,es-g2-boston,133.0310905859265,26606.2181171853,10918.578805921747,14049.929393713224
cs-23232,ngrid-g3,116.82970225719335,23365.94045143867,1705.1146847468706,3413.619431791202
cs-23232,es-g2-boston,105.56380694030105,21112.76138806021,9287.984713643167,11339.023393888723
cs-23282,ngrid-g3,132.0439255444413,26408.78510888826,1014.9955211658391,2580.925208429048
cs-23282,es-g2-boston,122.25268616227586,24450.53723245517,5902.179643761647,8938.920708381287
cs-23283,ngrid-g3,123.05434346524254,24610.86869304851,1007.6256948226454,2468.3254678246008
cs-23283,es-g2-boston,113.14523816863672,22629.047633727343,6703.143182576518,9193.773471493852
cs-23284,ngrid-g3,190.61247501240166,38122.49500248033,735.7491825763898,3009.289253268402
cs-23284,es-g2-boston,181.05670087566332,36211.34017513267,5789.41009623474,9743.148562484621
cs-23285,ngrid-g3,118.67481280652564,23734.96256130513,1175.0634562465261,2225.8028976031133
cs-23285,es-g2-boston,113.82044352959986,22764.08870591997,5459.628072184832,7987.226264032345
cs-23286,ngrid-g3,125.93884196665104,25187.768393330207,1547.8399409407637,3400.0267046753
cs-23286,es-g2-boston,115.15266752794597,23030.533505589192,7984.3191471633845,10933.197616672041
cs-23287,ngrid-g3,136.82506882954135,27365.01376590827,881.0532436774731,2461.3299820504053
cs-23287,es-g2-boston,124.75560536061246,24951.121072122492,6660.291829521044,9054.809380235247
cs-23288,ngrid-g3,88.16362343854773,17632.724687709546,2403.9983916552983,3514.724188742288
cs-23288,es-g2-boston,81.690337504208,16338.0675008416,9672.761852008405,11500.666371648502
cs-23289,ngrid-g3,188.7019081727826,37740.38163455652,2331.327858636145,4186.7172560957315
cs-23289,es-g2-boston,178.4407415779318,35688.14831558636,11368.560697266543,14061.20915195888
cs-23290,ngrid-g3,124.12580716666302,24825.161433332603,1458.5237802003612,3069.3753004305304
cs-23290,es-g2-boston,114.3932212049768,22878.64424099536,7766.487345938888,9969.870117741335
cs-23291,ngrid-g3,189.84718343163956,37969.436686327914,1750.745041508289,3778.49003093775
cs-23291,es-g2-boston,177.74304223802608,35548.60844760521,10201.315661176188,13295.821937527551
cs-23292,ngrid-g3,114.96749410007763,22993.498820015528,2769.437183284097,4227.433095222333
cs-23292,es-g2-boston,107.22789701233688,21445.579402467378,11573.81457088177,13526.989027596439
cs-23522,ngrid-g3,183.34804210567512,36669.608421135024,2008.535861651154,4211.646459202742
cs-23522,es-g2-boston,166.52214134956688,33304.42826991338,12505.401667163174,13476.474768136957
cs-23523,ngrid-g3,144.05363506161177,28810.727012322353,1580.691262455535,3925.1305986292327
cs-23523,es-g2-boston,129.75614614305076,25951.22922861015,10478.237294008282,12619.245360015506
cs-23526,ngrid-g3,187.54420319807306,37508.84063961461,2088.7878606767927,4419.577776158389
cs-23526,es-g2-boston,164.87787304335941,32975.57460867189,13497.303081732527,14188.863225972273
cs-23528,ngrid-g3,104.0278074103455,20805.5614820691,1594.8468506720124,3385.356289079612
cs-23528,es-g2-boston,91.73108459695557,18346.216919391114,9379.631212224696,11204.820854062666
cs-23531,ngrid-g3,176.50641036804603,35301.2820736092,1668.1019210810323,3781.133496892086
cs-23531,es-g2-boston,161.5663954457836,32313.27908915672,10154.224164674188,12098.914441044895
cs-23809,ngrid-g3,189.9934083284775,37998.6816656955,1102.7389209407127,3241.524088365762
cs-23809,es-g2-boston,170.3282468924031,34065.649378480615,11037.283560101718,13008.022730398952
cs-23811,ngrid-g3,179.38571172647852,35877.1423452957,547.7655343627929,2842.7665610368467
cs-23811,es-g2-boston,162.05988378092215,32411.97675618443,6469.881885800042,9616.507764325706
cs-23813,ngrid-g3,179.6818415380143,35936.36830760286,634.0122583007812,2567.7357690836943
cs-23813,es-g2-boston,164.67170441681986,32934.34088336397,5965.98190332139,9079.195085081086
cs-23817,ngrid-g3,185.617439706675,37123.487941335,1680.0595666503912,3594.768547757096
cs-23817,es-g2-boston,168.86658928585888,33773.31785717177,11406.015415044338,12614.633221723847
cs-23819,ngrid-g3,185.12026160318572,37024.05232063714,2537.78885632371,4029.299350486225
cs-23819,es-g2-boston,169.74959683220158,33949.919366440314,13211.120388852021,13211.120388721407
cs-24229,ngrid-g3,132.9707926092396,26594.15852184792,4426.739558156326,7319.539682604892
cs-24229,es-g2-boston,117.33216334674069,23466.432669348138,19000.82361997507,23421.14724075741
cs-24231,ngrid-g3,190.7436452480961,38148.72904961922,1097.1041883941066,3122.702363766397
cs-24231,es-g2-boston,178.13253016808906,35626.506033617814,6884.429975324683,10471.517447338378
cs-24235,ngrid-g3,186.47860798096036,37295.721596192074,1003.0356589871639,3229.4844853774816
cs-24235,es-g2-boston,174.7971264747249,34959.42529494498,6535.722528185157,10709.109487488871
cs-24236,ngrid-g3,183.91261259533647,36782.52251906729,1016.7304992553973,3688.556839233929
cs-24236,es-g2-boston,165.3592824546655,33071.8564909331,9111.23955064367,12169.864279249035
cs-24237,ngrid-g3,131.6212690995825,26324.2538199165,1880.788633089588,4424.48947372503
cs-24237,es-g2-boston,116.88220065790954,23376.44013158191,10771.504629161444,14157.53229339913
cs-24238,ngrid-g3,140.7843590509073,28156.871810181463,1622.0361443690158,3984.141537774882
cs-24238,es-g2-boston,127.640131555608,25528.026311121597,10845.444495650203,14114.978756072502
cs-24240,ngrid-g3,185.88038057145332,37176.07611429066,540.2778474129108,2781.571899820265
cs-24240,es-g2-boston,172.89577699426457,34579.15539885291,5082.6877861987305,9234.535283682666
cs-25405,ngrid-g3,191.39795929307428,38279.591858614855,943.0529550979408,3744.1966486048177
cs-25405,es-g2-boston,176.37363766219724,35274.72753243945,8547.511782610349,13607.261753303546
cs-25597,ngrid-g3,57.19515561111391,11439.031122222783,2314.6989751918754,2678.901700192945
cs-25597,es-g2-boston,57.19515561111391,11439.031122222783,7751.296991092656,8274.10383329396
cs-25685,ngrid-g3,180.422367472052,36084.4734944104,864.0099440002441,3032.9274162231304
cs-25685,es-g2-boston,166.88042487951617,33376.084975903235,6492.256215578929,9932.340907394348
cs-26389,ngrid-g3,186.48027293288231,37296.054586576465,1285.800431773989,3765.4034559115585
cs-26389,es-g2-boston,169.75117998421524,33950.23599684305,9016.071808147259,12076.092323365665
cs-26390,ngrid-g3,186.93844958586448,37387.689917172895,2476.627541220219,4572.885943008965
cs-26390,es-g2-boston,169.27826403830113,33855.652807660226,13873.148290985253,14632.373022163467
cs-26391,ngrid-g3,163.53998234182032,32707.996468364065,1507.9648211672104,3842.5568861602774
cs-26391,es-g2-boston,151.6178814774734,30323.576295494677,8581.931863009786,12368.992286187098
cs-26392,ngrid-g3,161.92082360462464,32384.164720924928,1222.4438396272708,3177.1338899470093
cs-26392,es-g2-boston,145.7030895320635,29140.6179064127,9200.12775869422,11338.849701378671
cs-26393,ngrid-g3,165.89126831791333,33178.25366358267,2780.5119978403864,4990.421731077288
cs-26393,es-g2-boston,149.70009981447237,29940.019962894472,14435.175947269534,15968.408837895757
cs-26395,ngrid-g3,148.52573233698502,29705.146467397004,1363.0461553432194,3591.9068343570366
cs-26395,es-g2-boston,132.89961736540212,26579.923473080424,9630.957696642683,11493.424790426147
cs-26397,ngrid-g3,163.47922915406647,32695.845830813294,2172.259716899781,4239.066008966065
cs-26397,es-g2-boston,154.90066669275046,30980.13333855009,10089.12775469683,13564.212158755698
cs-26398,ngrid-g3,190.55194709990084,38110.389419980165,1508.2902479051272,3829.0599053184874
cs-26398,es-g2-boston,177.5396881975987,35507.93763951974,9488.937343271635,12252.269913813634
cs-26400,ngrid-g3,169.36701515464517,33873.40303092903,2576.3195235873245,4193.724197130275
cs-26400,es-g2-boston,151.58056579340507,30316.113158681015,14281.633607534215,14567.451830885848
cs-27050,ngrid-g3,192.2986928583408,38459.73857166816,7298.824072055348,8270.450211726642
cs-27050,es-g2-boston,184.3007407295582,36860.14814591164,28319.472865630833,28364.271973045867
cs-27051,ngrid-g3,183.68221732412846,36736.443464825694,4396.815938303611,5803.189321042588
cs-27051,es-g2-boston,170.0385982149611,34007.71964299222,18684.008526645142,18684.00852651618
cs-27052,ngrid-g3,192.72320592590745,38544.64118518149,2504.6261135829927,4569.033078111443
cs-27052,es-g2-boston,175.5719065229056,35114.38130458112,15168.988891470322,16769.187149034904
cs-27056,ngrid-g3,191.15484350789308,38230.96870157862,2123.509180313614,4962.374341510606
cs-27056,es-g2-boston,167.09103470637987,33418.206941275974,14360.6554071324,15878.66247825496
cs-27057,ngrid-g3,191.54814944414304,38309.629888828604,6067.645080247833,6273.338782369848
cs-27057,es-g2-boston,190.35576651118032,38071.15330223607,21212.957913966984,21212.957913839993
cs-27058,ngrid-g3,188.41927763024395,37683.85552604879,2591.7046366890813,4979.903860114626
cs-27058,es-g2-boston,170.63286625900787,34126.57325180157,14197.276219261112,15934.753633448783
cs-27059,ngrid-g3,191.28021883220455,38256.04376644091,5927.743467385544,8226.64312503273
cs-27059,es-g2-boston,177.16745774130263,35433.49154826053,22849.647541309878,27681.15269314433
cs-27060,ngrid-g3,189.15375850613037,37830.75170122607,1766.0346019103117,3952.6031094824893
cs-27060,es-g2-boston,170.28911812735092,34057.823625470184,12772.038567679278,13195.681506253866
cs-27674,ngrid-g3,180.2694954389272,36053.899087785445,760.8102155535641,2969.0422417187274
cs-27674,es-g2-boston,165.55816805803966,33111.63361160793,6618.989133975983,10141.095002839214
cs-27679,ngrid-g3,184.70509569683873,36941.019139367745,2845.582216695984,4216.97864759819
cs-27679,es-g2-boston,174.63535041787406,34927.070083574814,12325.838552265011,13501.529959521587
cs-27682,ngrid-g3,184.00461448851584,36800.92289770317,3052.993246750895,5408.222460998707
cs-27682,es-g2-boston,166.28936713925413,33257.87342785083,15760.060024070897,17305.292417616034
cs-30877,ngrid-g3,191.9651904151385,38393.0380830277,1666.909632956786,4302.434564856057
cs-30877,es-g2-boston,171.45958716723797,34291.9174334476,13225.634857328667,15565.483427169056
cs-30878,ngrid-g3,188.67753884118895,37735.50776823779,2375.171483021185,4907.91622266952
cs-30878,es-g2-boston,171.75821132239838,34351.64226447968,12981.972213895817,15704.406763395873
cs-30880,ngrid-g3,179.137178216419,35827.435643283796,2768.959607532359,4869.923831500757
cs-30880,es-g2-boston,162.38727745007324,32477.455490014647,13643.532769006057,16354.445926618611
cs-30881,ngrid-g3,166.28434145603933,33256.868291207866,2127.5616601259953,4926.085873107318
cs-30881,es-g2-boston,153.70714242651303,30741.428485302607,11557.886240278916,15762.546219792031
cs-30882,ngrid-g3,190.01312224194285,38002.62444838857,2284.516298918148,4516.820561511218
cs-30882,es-g2-boston,167.25288244461424,33450.57648892285,13566.90513298961,15751.564714057855
cs-30883,ngrid-g3,151.79603566415233,30359.207132830466,2972.504511949076,4709.160221397866
cs-30883,es-g2-boston,142.97240293678655,28594.48058735731,13499.691793749253,16804.50756347974
cs-30884,ngrid-g3,82.85511867510985,16571.02373502197,2421.725827956934,3768.300925294691
cs-30884,es-g2-boston,72.58804167916193,14517.608335832387,11379.455291639382,12057.852630891119
cs-30885,ngrid-g3,190.32590009801743,38065.18001960349,2319.8612837010796,4285.859171814096
cs-30885,es-g2-boston,174.05959008455753,34811.918016911506,12771.121178985402,15898.618851734625
cs-30886,ngrid-g3,187.40447633419973,37480.89526683994,1560.2391201869025,3988.6687747378437
cs-30886,es-g2-boston,171.3725484342455,34274.509686849095,10399.575258406008,12776.13835441295
cs-30887,ngrid-g3,170.4439901244955,34088.7980248991,792.0007349304753,3235.474496187303
cs-30887,es-g2-boston,155.84018269556177,31168.036539112352,6964.426448706349,10682.709744115366
cs-30888,ngrid-g3,182.7813618597773,36556.272371955456,1991.4944555390996,4734.301316344312
cs-30888,es-g2-boston,171.96473830576764,34392.94766115353,10746.163777633894,15286.438226790648
cs-31057,ngrid-g3,193.1102775054168,38622.05550108336,6130.018997649775,6382.484778800742
cs-31057,es-g2-boston,186.5638437727036,37312.76875454072,25407.249137112158,25407.24913698764
cs-31058,ngrid-g3,192.1619523805752,38432.39047611504,2895.3331309047812,4787.425546365328
cs-31058,es-g2-boston,176.7367961411214,35347.35922822428,15509.461058858362,17422.387361449128
cs-31059,ngrid-g3,187.34169239219804,37468.33847843961,2405.0599263467357,4481.033081744708
cs-31059,es-g2-boston,176.83890982436768,35367.78196487354,11448.6934019948,14338.461180512051
cs-31060,ngrid-g3,189.64142784834965,37928.28556966993,4646.919848540769,6967.026745253135
cs-31060,es-g2-boston,176.24845932935233,35249.69186587047,18766.384271198694,22466.17632720549
cs-31061,ngrid-g3,188.0631370139034,37612.62740278068,2393.864554714671,5233.073531986653
cs-31061,es-g2-boston,170.0092972868813,34001.85945737626,14736.193930452857,16958.574202106003
cs-31062,ngrid-g3,188.93004968493614,37786.009936987226,3921.0255682804836,5459.884066026728
cs-31062,es-g2-boston,173.58402256621517,34716.804513243034,18642.061740416255,18642.06174028592
cs-31063,ngrid-g3,188.34355648194662,37668.71129638932,4779.909191544934,5341.737105362353
cs-31063,es-g2-boston,182.22082715661617,36444.165431323236,18750.220457506464,18750.22045737892
cs-31064,ngrid-g3,188.6877189956149,37737.54379912298,6054.310776445089,6621.83517222735
cs-31064,es-g2-boston,184.45952045121777,36891.90409024355,22588.790217322985,23309.066174025913
cs-31065,ngrid-g3,188.60879084679786,37721.75816935957,4892.0415458040125,5581.079610170285
cs-31065,es-g2-boston,184.95713800972482,36991.42760194496,17324.95844450014,19074.131336407747
cs-31066,ngrid-g3,188.8655756040991,37773.11512081982,6270.5444650659565,8188.561595598486
cs-31066,es-g2-boston,169.46204741137788,33892.40948227558,23685.148546594814,24042.593813745552
cs-31067,ngrid-g3,188.25907837219088,37651.81567443818,3476.961324029236,4973.42778958341
cs-31067,es-g2-boston,170.52096420395642,34104.192840791286,16929.76305195719,17262.92489834844
cs-31068,ngrid-g3,186.07895887665578,37215.791775331156,1997.5149328400182,4515.426130183792
cs-31068,es-g2-boston,170.12318382580366,34024.636765160736,12446.307789396766,15258.849786477324
cs-31453,ngrid-g3,189.45210864340072,37890.42172868014,2179.210311076004,4029.492401932366
cs-31453,es-g2-boston,173.29322373605297,34658.644747210594,12363.03739020577,13337.786597568189
cs-31454,ngrid-g3,190.57045908533587,38114.09181706717,1219.6643127441412,3335.4526992388546
cs-31454,es-g2-boston,178.1654756574267,35633.09513148534,8132.0933569313875,11486.289822397595
cs-31455,ngrid-g3,190.4543364237663,38090.86728475326,1246.031342453718,3064.6654326567686
cs-31455,es-g2-boston,178.4607636538168,35692.15273076336,8433.51572912553,11404.528728471301
cs-31456,ngrid-g3,191.77016944454647,38354.0338889093,723.9874275540994,2464.4458946024974
cs-31456,es-g2-boston,180.41482857837906,36082.96571567581,5422.966956244028,9054.016037051515
cs-31457,ngrid-g3,189.89376937447184,37978.75387489437,1880.9486581931933,3632.9020476974897
cs-31457,es-g2-boston,173.21097553668596,34642.19510733719,13153.33040080259,14087.76733881291
cs-31458,ngrid-g3,191.231000441863,38246.2000883726,1361.4446402153458,3315.936889787864
cs-31458,es-g2-boston,173.01075843012327,34602.151686024656,10374.994910472753,11653.221015681971
cs-31459,ngrid-g3,189.304668319583,37860.9336639166,2076.858931274414,3884.65659132864
cs-31459,es-g2-boston,170.6302647648336,34126.052952966726,14013.860084561344,14285.628424664148
cs-31460,ngrid-g3,190.3898782240815,38077.9756448163,1512.0169567871105,3727.68895770426
cs-31460,es-g2-boston,174.88813010183517,34977.62602036703,10963.602716285845,13072.531707723638
cs-31461,ngrid-g3,188.61339308372004,37722.67861674401,2091.374504394531,3739.840063772931
cs-31461,es-g2-boston,174.45346300152488,34890.692600304974,12306.478872306734,13054.594817346928
cs-31462,ngrid-g3,191.93209320780784,38386.41864156157,590.1508135986334,2531.177198782291
cs-31462,es-g2-boston,179.7617327828133,35952.34655656266,5343.105154924929,9013.143141246495
cs-31463,ngrid-g3,191.9118798043856,38382.37596087712,569.9453461377036,2340.616854655551
cs-31463,es-g2-boston,181.80231986975832,36360.463973951664,4922.964892304037,8594.136727927213
cs-31464,ngrid-g3,188.957802057535,37791.560411507,2272.861585083008,4209.315263714681
cs-31464,es-g2-boston,177.4928562256586,35498.57124513172,12092.841731006469,14589.049418799248
cs-31885,ngrid-g3,189.89919947627453,37979.8398952549,1302.1170727158428,3516.6783243511645
cs-31885,es-g2-boston,176.36368503689042,35272.737007378084,7889.67332629767,12013.680036327096
cs-31886,ngrid-g3,191.20518896090744,38241.03779218149,1040.940571371048,3171.184872668139
cs-31886,es-g2-boston,177.3481883711103,35469.63767422206,7247.961423464409,10716.548024232177
cs-31887,ngrid-g3,188.02180465755677,37604.36093151136,1455.6454304211336,4560.350042470156
cs-31887,es-g2-boston,168.35589323641017,33671.17864728203,10053.688611275464,14592.260503474252
cs-31889,ngrid-g3,186.47987024914187,37295.97404982837,591.9446275343078,2817.717066247611
cs-31889,es-g2-boston,175.28576549156253,35057.153098312505,4848.602555185381,9435.803076405833
cs-31894,ngrid-g3,158.5361538402329,31707.230768046582,1067.2661754710302,3649.6268011301736
cs-31894,es-g2-boston,144.44192218729427,28888.38443745885,7622.480406466258,12074.035429569463
cs-33591,ngrid-g3,176.8508361225648,35370.16722451296,780.8339918069515,3708.587514420572
cs-33591,es-g2-boston,165.4343720939208,33086.874418784166,5918.007028064765,11897.164522909341
cs-33598,ngrid-g3,173.45475803832747,34690.95160766549,1071.0713889047338,3687.480762852048
cs-33598,es-g2-boston,161.24380687736553,32248.761375473106,7352.016040034935,11978.897527839817
cs-33777,ngrid-g3,104.77841425685455,20955.682851370908,3545.937293723738,5023.702318849512
cs-33777,es-g2-boston,92.05838999033915,18411.67799806783,14610.91796125131,15539.500747560553
cs-34201,ngrid-g3,135.79531460568634,27159.06292113727,2205.809370559679,4102.3751855144465
cs-34201,es-g2-boston,122.2942089640135,24458.8417928027,12038.137558064058,13504.755024572778
cs-34202,ngrid-g3,119.07303973023247,23814.607946046493,2072.013565279036,4150.300187228632
cs-34202,es-g2-boston,100.57345309494431,20114.69061898886,12448.550413886549,13280.1782616788
cs-34206,ngrid-g3,113.0497170478448,22609.943409568958,2228.023809068589,3704.7542805299026
cs-34206,es-g2-boston,101.55677033252894,20311.354066505788,10948.242948244373,12162.187035388259
cs-34212,ngrid-g3,75.79796933050302,15159.593866100604,4235.8615869842915,5310.583624057945
cs-34212,es-g2-boston,67.77689940176295,13555.37988035259,17211.073983914033,17347.00371014633
cs-34309,ngrid-g3,50.10229123963249,10020.4582479265,2211.019494105987,2728.063525031006
cs-34309,es-g2-boston,47.70801200736167,9541.602401472333,8260.971364042573,9191.374297614348
cs-34310,ngrid-g3,87.44008635339283,17488.017270678567,2641.7585550949407,4121.676198185298
cs-34310,es-g2-boston,78.89154259125446,15778.308518250893,11533.090294946565,14718.235400005611
cs-34311,ngrid-g3,124.4935027036029,24898.70054072058,855.7992218397258,2534.005113787904
cs-34311,es-g2-boston,115.87915808900529,23175.831617801057,5407.799137775943,8647.943490035612
cs-34312,ngrid-g3,76.81790706326152,15363.581412652304,1736.996657071486,2732.6613255288967
cs-34312,es-g2-boston,70.44078993586875,14088.15798717375,7950.028982845594,9395.820609418013
cs-34314,ngrid-g3,82.67779378847615,16535.55875769523,1751.2436207975336,3183.2560414451277
cs-34314,es-g2-boston,72.90187868233167,14580.375736466334,8970.3595932464,10863.741715151204
cs-34315,ngrid-g3,113.35022571659387,22670.045143318774,873.191179327713,2474.4670961008
cs-34315,es-g2-boston,105.04768662559874,21009.53732511975,5346.436851100043,8636.797179509107
cs-34316,ngrid-g3,74.4817188618675,14896.3437723735,2170.1789924526697,3582.276252642427
cs-34316,es-g2-boston,66.78029266184356,13356.058532368712,10259.655242227658,12955.697147669394
cs-34317,ngrid-g3,146.1978775126792,29239.57550253584,849.8455275956773,3174.4063158578774
cs-34317,es-g2-boston,134.08629514858472,26817.259029716944,6570.677279683019,10479.44845414177
cs-34318,ngrid-g3,157.21584554955075,31443.16910991015,793.344347242129,3236.467785745278
cs-34318,es-g2-boston,145.75023408120126,29150.04681624025,5632.2009005731725,10922.478200932706
cs-34320,ngrid-g3,101.9238391670635,20384.7678334127,1474.6689370393274,3169.2994683829447
cs-34320,es-g2-boston,92.10274821416067,18420.549642832135,8109.171847756959,10715.388930296163
cs-34705,ngrid-g3,160.3184907259741,32063.69814519482,637.337038093464,3869.8853268298067
cs-34705,es-g2-boston,139.09034586179024,27818.06917235805,7824.951012803728,12382.903567000183
cs-34707,ngrid-g3,187.27343115053233,37454.68623010647,1304.4823610881613,3861.6168721933236
cs-34707,es-g2-boston,169.43313984145286,33886.62796829057,9682.728151575944,12404.875389797371
cs-34712,ngrid-g3,170.1158289820088,34023.16579640176,1758.0495464475327,4710.772103638511
cs-34712,es-g2-boston,148.14365219298972,29628.730438597944,12378.761861132289,15073.5827444418
cs-35187,ngrid-g3,155.1372955308566,31027.459106171318,1251.366330188222,2718.0793534629256
cs-35187,es-g2-boston,145.97644604782732,29195.289209565464,6612.339594526207,9773.78379226314
cs-35189,ngrid-g3,176.6149432865163,35322.98865730326,2490.689689420913,4152.053657011355
cs-35189,es-g2-boston,165.82049511441912,33164.09902288382,13138.384235921643,16008.210303382777
cs-35190,ngrid-g3,145.86077569492622,29172.155138985243,952.6061143422705,2878.9017886255133
cs-35190,es-g2-boston,135.68342503626454,27136.68500725291,5759.318050796213,9771.64788712475
cs-35191,ngrid-g3,141.9340737045397,28386.814740907943,2444.7905233785286,4612.147340644976
cs-35191,es-g2-boston,131.85901196186578,26371.802392373156,10595.58663422723,15729.505929142837
cs-35192,ngrid-g3,190.69658575804638,38139.31715160928,2468.245252703109,5361.596927947494
cs-35192,es-g2-boston,168.62227792179047,33724.4555843581,15370.341362481908,19068.963929772086
cs-35193,ngrid-g3,177.40082130309023,35480.16426061805,2408.498195309382,4742.035512858626
cs-35193,es-g2-boston,164.02290325004046,32804.580650008094,11328.374354925889,16018.286161559594
cs-35194,ngrid-g3,161.9240234981787,32384.804699635744,907.8183527370107,2453.957140507456
cs-35194,es-g2-boston,151.33789752135436,30267.579504270874,5216.018966477248,9169.492409897512
cs-36289,ngrid-g3,114.71610369001117,22943.220738002234,5951.010375108353,6146.3333388749115
cs-36289,es-g2-boston,108.44908731795446,21689.817463590894,24982.62303920603,24982.623039080685
cs-36291,ngrid-g3,116.33889357256123,23267.778714512246,1526.7777852546774,3372.250193817644
cs-36291,es-g2-boston,106.46264925854055,21292.52985170811,8387.026519974333,11350.766778684218
cs-36292,ngrid-g3,176.0788475706327,35215.769514126536,543.2284636029606,2314.5609716315075
cs-36292,es-g2-boston,161.36020450509355,32272.04090101871,5325.406522768021,8635.070240233406
cs-36293,ngrid-g3,181.64314556644962,36328.62911328992,1760.8413375854484,3695.593535975536
cs-36293,es-g2-boston,166.10630792003582,33221.26158400717,10954.684259177522,13084.201673282192
cs-36294,ngrid-g3,182.96935550799247,36593.871101598495,1069.331795142795,2955.7000460625068
cs-36294,es-g2-boston,164.9479751491783,32989.595029835655,8419.57307649804,10584.768645336842
cs-36295,ngrid-g3,179.51150942371893,35902.301884743785,440.20393951416014,2810.769876989374
cs-36295,es-g2-boston,165.84449503632567,33168.899007265136,5017.316376957577,9081.347141562663
cs-36297,ngrid-g3,123.9690209586734,24793.804191734678,957.555919676962,2611.7820251822213
cs-36297,es-g2-boston,114.60220680105886,22920.44136021177,5748.958320388046,8885.965879349276
cs-36300,ngrid-g3,60.50117294372074,12100.234588744148,1800.8423307426715,2673.0747459757545
cs-36300,es-g2-boston,56.23999887442848,11247.999774885697,7756.432377289776,9383.587522038466
cs-38053,ngrid-g3,168.60436369350296,33720.87273870059,1373.5630211796743,3389.946364300515
cs-38053,es-g2-boston,151.82923507584695,30365.84701516939,9616.733472946858,11071.260377925451
cs-38056,ngrid-g3,166.69873077297802,33339.7461545956,734.7643513750387,3000.8839835104654
cs-38056,es-g2-boston,151.90616874997332,30381.233749994663,6740.559541883087,9873.632476818406
cs-38545,ngrid-g3,191.0912802187212,38218.256043744244,1328.8606558336191,3429.2519522302346
cs-38545,es-g2-boston,178.91246436136188,35782.49287227238,8517.065273582824,11658.35398659202
cs-38546,ngrid-g3,192.1346329748043,38426.92659496086,917.399892293272,3199.7031898738664
cs-38546,es-g2-boston,180.27402910867738,36054.80582173548,6100.304111474775,10541.808590407916
cs-38547,ngrid-g3,190.14783768787308,38029.567537574614,1869.3342985793074,3760.2272621340408
cs-38547,es-g2-boston,181.47308182847112,36294.61636569422,11205.928537158718,13958.302950181731
cs-38552,ngrid-g3,190.94895571203512,38189.791142407026,1083.7217270495878,2608.609131875386
cs-38552,es-g2-boston,178.35006252512935,35670.01250502587,7826.945533595208,10002.890589015411
cs-38556,ngrid-g3,192.42756478053064,38485.512956106126,1386.7586046044503,3086.3389373668783
cs-38556,es-g2-boston,183.72268739721216,36744.53747944243,8040.157251963987,11357.049135966616
cs-41306,ngrid-g3,167.32459031546048,33464.9180630921,1660.9830829817279,3817.864270167145
cs-41306,es-g2-boston,154.90366881705464,30980.733763410928,8938.784054973532,13033.532979299689
cs-41310,ngrid-g3,171.46736321977528,34293.47264395506,1551.4227614299944,3586.4178829323596
cs-41310,es-g2-boston,153.88763964303757,30777.527928607517,9916.96995955773,12143.097283920773
cs-41311,ngrid-g3,189.7289040993547,37945.78081987094,2062.1498335736255,3935.9404817498034
cs-41311,es-g2-boston,171.09354152729733,34218.70830545947,12455.091391639526,12714.47729604972
cs-41587,ngrid-g3,189.16309738643054,37832.619477286105,1185.1758196555443,3208.6579663482516
cs-41587,es-g2-boston,178.37489754437036,35674.97950887407,7936.880751454821,10891.932227551428
cs-42026,ngrid-g3,141.35966829976672,28271.933659953345,3601.7564853314025,5195.286086823429
cs-42026,es-g2-boston,127.37926218702705,25475.85243740541,15476.372697888932,15476.372697759098
cs-42027,ngrid-g3,167.93023388373385,33586.04677674677,2444.825957641602,3940.1088938177077
cs-42027,es-g2-boston,153.85653991698987,30771.307983397975,12801.81317800024,12990.768291438908
cs-42028,ngrid-g3,153.78696437907954,30757.392875815905,1793.52272584425,3972.8002587419883
cs-42028,es-g2-boston,136.5583847971377,27311.67695942754,11846.078096966241,12712.211949509005
cs-42029,ngrid-g3,50.33395551422202,10066.791102844403,4066.490722083314,4620.21453756598
cs-42029,es-g2-boston,44.899411750004454,8979.882350000891,15022.377211124985,15022.377210994759
cs-42032,ngrid-g3,162.9809600193474,32596.19200386948,1994.0834141540527,3835.4925675621976
cs-42032,es-g2-boston,147.2978323614287,29459.56647228574,12627.067793174117,12675.480795075939
cs-42034,ngrid-g3,95.35046617916203,19070.093235832406,2864.7877309958676,3702.9151593044107
cs-42034,es-g2-boston,87.98445286812108,17596.890573624216,10865.312893388524,11705.415826937478
cs-42035,ngrid-g3,160.2099870088536,32041.99740177072,1426.9147390362882,3724.040419921948
cs-42035,es-g2-boston,142.31683771433543,28463.367542867087,10678.591854852435,11948.84533427228
cs-42036,ngrid-g3,128.51418470709334,25702.836941418667,1519.613030906647,3679.811709309184
cs-42036,es-g2-boston,111.54771438090732,22309.542876181466,10081.547721589986,11774.703820079814
cs-42745,ngrid-g3,186.05671059426808,37211.342118853616,3739.6883759365933,5020.511034158189
cs-42745,es-g2-boston,176.9836642947267,35396.73285894534,16107.539434357845,16107.539434228296
cs-42746,ngrid-g3,177.34196859886444,35468.39371977289,6521.71167357845,7769.163076400693
cs-42746,es-g2-boston,169.24085614196878,33848.17122839375,24859.85734635379,24859.857346258585
cs-42747,ngrid-g3,181.22806685009178,36245.61337001836,6055.16081217021,7591.912072662546
cs-42747,es-g2-boston,172.51471266853954,34502.94253370791,24292.687546489415,24292.687546361303
cs-42748,ngrid-g3,157.88577841754355,31577.15568350871,7153.185522574873,7572.3187115552555
cs-42748,es-g2-boston,155.0219607233825,31004.3921446765,23431.224154640928,23431.22415451209
cs-42749,ngrid-g3,101.36500789370187,20273.001578740375,3239.6177993294577,4443.666538910343
cs-42749,es-g2-boston,91.32227497383198,18264.454994766395,14302.94231247745,14302.942312347324
cs-42750,ngrid-g3,99.46221585992468,19892.443171984938,6483.333897817205,7124.744562932381
cs-42750,es-g2-boston,95.0332711083687,19006.65422167374,22822.305398871256,22822.30539874235
cs-42751,ngrid-g3,75.8557658509964,15171.15317019928,4024.5516039052272,5002.312867135157
cs-42751,es-g2-boston,67.54528558016835,13509.057116033671,16006.458231913686,16006.458231784978
cs-42752,ngrid-g3,180.7987616744937,36159.75233489874,4715.94942993164,6396.149114701185
cs-42752,es-g2-boston,170.45512785812977,34091.025571625956,20466.471484021768,20466.47148389305
cs-42753,ngrid-g3,75.79878828969365,15159.75765793873,3518.929977127038,4576.489358108136
cs-42753,es-g2-boston,67.05476234784844,13410.952469569687,14471.078927632885,14643.903271231971
cs-42754,ngrid-g3,180.31746854513227,36063.49370902646,1338.801644045843,3974.387131767361
cs-42754,es-g2-boston,159.0580215359392,31811.604307187838,12203.766753870928,12717.289644062388
cs-42755,ngrid-g3,150.2671077363056,30053.42154726112,2535.419421629,4593.354837159563
cs-42755,es-g2-boston,134.29267250038748,26858.534500077498,14697.869625159667,14697.869625029896
cs-42756,ngrid-g3,179.1816693149756,35836.333862995125,3859.422751079511,5037.2622254968355
cs-42756,es-g2-boston,170.9265848910213,34185.31697820426,16302.348770780562,16302.348770650813
cs-42769,ngrid-g3,190.39841565802078,38079.68313160416,1780.4118784927816,3887.301490393086
cs-42769,es-g2-boston,173.58825408847852,34717.65081769571,10559.217156028424,13261.487364678846
cs-42770,ngrid-g3,190.10679031358572,38021.35806271715,1322.4229363216696,3514.4961781386564
cs-42770,es-g2-boston,171.32138415406442,34264.27683081289,9473.90265846969,11326.142330643539
cs-42772,ngrid-g3,166.1645525826878,33232.91051653756,1276.808365434701,3747.8819502203346
cs-42772,es-g2-boston,152.12219800103153,30424.439600206308,8619.637947100438,12003.673705640922
cs-42773,ngrid-g3,185.38289735682545,37076.57947136509,1271.2636186862635,3186.3736242068107
cs-42773,es-g2-boston,171.83736328837026,34367.47265767405,8528.293707330355,10487.571077452343
cs-42778,ngrid-g3,162.5439433357584,32508.78866715168,1536.0368446264333,4171.1069898187725
cs-42778,es-g2-boston,149.21221077477105,29842.44215495421,9049.345121117418,13351.351426310222
cs-42780,ngrid-g3,171.19795524021123,34239.591048042246,2097.268291013521,4258.750099377254
cs-42780,es-g2-boston,157.1355212798631,31427.10425597262,10531.364068985558,14366.25193474367
cs-43468,ngrid-g3,190.40256642145332,38080.51328429066,1508.680415473346,3461.0555625577867
cs-43468,es-g2-boston,178.05381290464516,35610.76258092903,8818.659209782887,11470.83768397421
cs-43469,ngrid-g3,151.22666807577534,30245.33361515507,2277.0210280925335,4293.511104675618
cs-43469,es-g2-boston,138.65624206916272,27731.24841383254,12245.749276541488,16010.25545516163
cs-43470,ngrid-g3,152.10259470216357,30420.518940432714,2276.771568282064,4968.276402036771
cs-43470,es-g2-boston,144.0617924474272,28812.35848948544,10487.937323260643,16161.065129491104
cs-43473,ngrid-g3,190.1611734369416,38032.23468738832,1811.4220126557825,3782.7681237383645
cs-43473,es-g2-boston,174.41695444273734,34883.39088854747,10522.798492045682,12241.39806349482
cs-43474,ngrid-g3,185.68876319457357,37137.75263891472,2548.222324725963,4902.691088924844
cs-43474,es-g2-boston,171.54930695114075,34309.86139022815,11823.188420093582,15993.668903772796
cs-43475,ngrid-g3,189.39669994559267,37879.33998911853,3531.211046416819,5892.364293878234
cs-43475,es-g2-boston,174.467637889978,34893.5275779956,16029.969653900664,19290.687812227065
cs-43669,ngrid-g3,188.9682105570488,37793.64211140976,6156.851988721208,6304.399421570332
cs-43669,es-g2-boston,183.61371041218632,36722.74208243727,22842.725685501988,22842.7256853741
cs-43670,ngrid-g3,188.78703177972272,37757.40635594454,3084.717997531581,4523.82238957059
cs-43670,es-g2-boston,170.84792907802938,34169.585815605875,15962.837094231403,16189.006922647546
cs-43674,ngrid-g3,190.51748112581274,38103.49622516255,1326.8593756103514,3682.047605741647
cs-43674,es-g2-boston,169.1664810760579,33833.29621521158,11763.422039411891,12118.851548076414
cs-43675,ngrid-g3,184.69256667632138,36938.51333526427,3689.6477052020923,5099.727831760249
cs-43675,es-g2-boston,173.24597028472476,34649.19405694495,16312.53847612971,16327.290002445825
cs-43677,ngrid-g3,188.62773300129936,37725.54660025987,4738.71321244144,5483.349090446782
cs-43677,es-g2-boston,181.339476458738,36267.8952917476,19475.91072813235,19475.91072800385
cs-43679,ngrid-g3,183.12917663988532,36625.83532797706,2614.78009380564,5197.449839524894
cs-43679,es-g2-boston,160.78627585540457,32157.255171080913,15918.752992697104,16630.859759836963
cs-43680,ngrid-g3,187.82602457467058,37565.20491493412,3448.6469078313353,5326.055061923885
cs-43680,es-g2-boston,174.79194435347745,34958.38887069549,17042.372229376706,17042.372229247492
cs-43902,ngrid-g3,109.4682760943753,21893.65521887506,2975.325937509545,4806.0614087742615
cs-43902,es-g2-boston,90.65503088091863,18131.006176183728,14960.34543329401,15867.81212892922
cs-43903,ngrid-g3,185.49236780326856,37098.473560653714,2523.480029097225,4578.257495816639
cs-43903,es-g2-boston,171.90366578138548,34380.7331562771,13831.487687264558,14805.38409961047
cs-43908,ngrid-g3,130.97173348001883,26194.346696003766,1967.5996818846343,3973.1162955172667
cs-43908,es-g2-boston,111.67268350117493,22334.536700234985,12596.658119388898,12966.172979470644
cs-45099,ngrid-g3,106.60363539658353,21320.727079316704,2300.4845157521186,4106.35293635345
cs-45099,es-g2-boston,93.58479575970316,18716.95915194063,12050.866891444835,13299.651734624646
cs-45217,ngrid-g3,178.46640441314253,35693.2808826285,5522.536520678388,7397.170924068618
cs-45217,es-g2-boston,167.1853402480558,33437.06804961116,22506.054965775496,23669.55257984256
cs-45218,ngrid-g3,179.88983481221783,35977.96696244356,3511.626191386792,5560.275100319678
cs-45218,es-g2-boston,161.8202625861137,32364.05251722274,17791.83220143465,17791.83220130566
cs-45219,ngrid-g3,179.9731474027487,35994.62948054974,6638.851488164474,6735.0372932877535
cs-45219,es-g2-boston,179.38779519183947,35877.559038367894,21550.849774597198,21550.8497744693
cs-45220,ngrid-g3,180.30679715667873,36061.359431335746,8645.06525132067,9928.38332879644
cs-45220,es-g2-boston,169.83680224535777,33967.36044907155,31024.8776267203,31768.955137854777
cs-45221,ngrid-g3,183.8510389204893,36770.20778409786,4689.87056359127,5797.85990134253
cs-45221,es-g2-boston,176.7805167926968,35356.10335853936,18552.05877963681,18552.05877950791
cs-45222,ngrid-g3,184.91209496724198,36982.418993448395,4426.466565714254,5941.942764420344
cs-45222,es-g2-boston,174.801244450939,34960.2488901878,19013.096781662556,19013.096781533528
cs-45223,ngrid-g3,131.84257621375406,26368.51524275081,3784.219722799262,5643.462930299252
cs-45223,es-g2-boston,117.76050217121403,23552.100434242806,18058.01757634645,18058.017576216742
cs-45224,ngrid-g3,147.89142713790957,29578.285427581915,3723.836740943149,5275.087520388072
cs-45224,es-g2-boston,133.51516526740662,26703.033053481322,16861.154328118788,16961.104189234124
cs-45225,ngrid-g3,184.58161990788372,36916.323981576745,5547.532746218631,7380.576796485606
cs-45225,es-g2-boston,172.7641997458223,34552.83994916446,23616.454499721407,23616.454499593434
cs-45226,ngrid-g3,177.58002360114259,35516.00472022852,6682.901628931158,8060.659831740764
cs-45226,es-g2-boston,168.0246136758254,33604.922735165084,25792.59201592373,25792.592015796323
cs-45227,ngrid-g3,175.66890479791516,35133.78095958303,7133.425937192838,7984.470613443173
cs-45227,es-g2-boston,169.51123410594104,33902.24682118821,25138.589169353072,25548.800879019393
cs-45228,ngrid-g3,186.71483838637928,37342.967677275854,4294.5026293982755,5780.471791161126
cs-45228,es-g2-boston,177.4109332450667,35482.18664901334,18503.388052939958,18503.3880528102
cs-45254,ngrid-g3,185.9402859455269,37188.057189105384,1452.5247456048992,4297.708475912795
cs-45254,es-g2-boston,168.5264735939893,33705.29471879786,9555.224842385218,13760.730923705672
cs-45255,ngrid-g3,191.61346704442215,38322.69340888443,710.4256191210543,2884.134293764817
cs-45255,es-g2-boston,174.69974593141148,34939.9491862823,7279.480104167439,9962.418766013578
cs-45256,ngrid-g3,192.33230906607045,38466.46181321409,731.3884210167683,3236.5710116432856
cs-45256,es-g2-boston,174.87454316830693,34974.908633661384,7453.939117878639,11029.971578763565
cs-45261,ngrid-g3,191.89922931693195,38379.84586338639,1159.299745264878,3146.276006407108
cs-45261,es-g2-boston,178.1870587424957,35637.411748499144,7346.725355194121,10596.214749375002
cs-45264,ngrid-g3,192.40188136293727,38480.376272587455,823.6461933167332,3461.4359050201183
cs-45264,es-g2-boston,175.62911821771,35125.823643542,7321.702510339699,11159.679856237932
cs-46441,ngrid-g3,189.67873980607385,37935.74796121477,1945.772677749258,4029.4309070588033
cs-46441,es-g2-boston,172.0016833454166,34400.33666908332,11082.919613318194,13511.095098988855
cs-46444,ngrid-g3,179.81538574351885,35963.07714870377,2881.8682094360774,5046.784906492499
cs-46444,es-g2-boston,166.53773344983006,33307.54668996601,13800.16858185548,17911.088287718645
cs-46445,ngrid-g3,190.40745927702196,38081.49185540439,1733.8734889613138,3997.1028508469635
cs-46445,es-g2-boston,173.61881833142803,34723.76366628561,10428.330014193802,13279.419074724965
cs-46449,ngrid-g3,177.09456240995388,35418.912481990774,572.3542824678573,2814.8308949089324
cs-46449,es-g2-boston,159.89396206537668,31978.792413075338,6755.8305009397645,9296.076742694442
cs-46450,ngrid-g3,189.62886339550863,37925.77267910173,1784.7719037529887,3276.6140670218
cs-46450,es-g2-boston,174.42563125905585,34885.12625181117,10704.210181568047,10704.210181437
cs-46861,ngrid-g3,69.95903508705011,13991.807017410023,3417.4528468521357,4777.346924785392
cs-46861,es-g2-boston,59.70326591968625,11940.653183937251,15478.416911014448,15478.416910885177
cs-46862,ngrid-g3,172.15454212342362,34430.90842468473,1281.451881972301,3387.569366068572
cs-46862,es-g2-boston,157.3474586429026,31469.49172858052,8406.177510880487,10934.232938724648
cs-46866,ngrid-g3,153.35545326655097,30671.090653310195,2344.7582741332703,4501.921064220043
cs-46866,es-g2-boston,134.36720914600392,26873.441829200783,14558.30618316451,14558.306183034443
cs-46982,ngrid-g3,126.86501828123586,25373.003656247172,1851.9978380579241,3982.4192352555187
cs-46982,es-g2-boston,111.96416548052305,22392.83309610461,11088.470295208366,12960.01011457585
cs-46984,ngrid-g3,144.28409169246416,28856.81833849283,4830.9853036378445,6122.686954174578
cs-46984,es-g2-boston,134.07377421639882,26814.754843279763,19110.178288985546,20569.833091079716
cs-46986,ngrid-g3,105.30204766656232,21060.409533312464,4203.408001730852,5319.992998263563
cs-46986,es-g2-boston,98.30868600005326,19661.73720001065,15893.20448105469,17086.874750731702
cs-46987,ngrid-g3,187.6424522293607,37528.49044587214,2594.6591959031202,4965.618336190878
cs-46987,es-g2-boston,172.24273600178478,34448.54720035695,15889.042649863797,15889.042649734245
cs-46988,ngrid-g3,184.26342098720465,36852.68419744093,2279.8815504510994,4564.1196477854855
cs-46988,es-g2-boston,167.97335294778534,33594.67058955707,14604.32253003717,14604.322529907375
cs-47377,ngrid-g3,190.48527229507792,38097.054459015584,1379.5071825548425,3568.5715248752554
cs-47377,es-g2-boston,174.4177870428901,34883.55740857802,9271.745412415676,11810.991875317772
cs-47378,ngrid-g3,188.35535755976255,37671.07151195251,1197.2354371643066,3781.3090724634867
cs-47378,es-g2-boston,175.40103226446277,35080.206452892555,8386.83609396127,12259.616042724
cs-47379,ngrid-g3,190.64956516540428,38129.913033080855,1923.0527497548314,3871.1911699675097
cs-47379,es-g2-boston,178.65929994233161,35731.85998846632,10579.322219454289,13004.18659507598
cs-47380,ngrid-g3,190.1563803260312,38031.27606520624,1381.7005348660334,4113.792755859119
cs-47380,es-g2-boston,172.50913018606653,34501.82603721331,10534.878962763236,13163.361362998785
cs-47381,ngrid-g3,188.8008692117283,37760.17384234566,1186.0360584414125,3013.7308949088697
cs-47381,es-g2-boston,172.64793653350822,34529.587306701644,8992.123737150008,11340.379229433684
cs-47382,ngrid-g3,186.45000029817848,37290.0000596357,1147.0964786647487,3437.2426804663137
cs-47382,es-g2-boston,168.16443003485665,33632.88600697133,9494.279912306816,11835.078896151552
cs-47383,ngrid-g3,190.92362834782966,38184.72566956593,1571.7753635531094,3695.4232793105057
cs-47383,es-g2-boston,174.8109329929202,34962.186598584034,10320.166833508785,12969.41766781301
cs-47384,ngrid-g3,167.71492324086972,33542.984648173944,1213.376749327739,3812.9130065630193
cs-47384,es-g2-boston,149.5706622629263,29914.13245258526,9055.837533506934,12200.60288150938
cs-47385,ngrid-g3,190.13686278424782,38027.372556849565,3484.5196032140666,5434.738185021095
cs-47385,es-g2-boston,180.03896380211998,36007.792760423996,14788.691583158348,18336.237138504217
cs-47386,ngrid-g3,156.79906061002916,31359.81212200583,644.0281972417075,2401.2423737627546
cs-47386,es-g2-boston,146.42571152549263,29285.142305098525,5069.177944293942,8686.675953780987
cs-47387,ngrid-g3,188.61358793603432,37722.71758720686,2051.0427108764648,4838.034289998404
cs-47387,es-g2-boston,171.29924796632147,34259.8495932643,13194.412152017077,15480.797751691407
cs-47388,ngrid-g3,160.85986462569676,32171.97292513935,1163.5579130508122,3524.749984506409
cs-47388,es-g2-boston,148.31674412555267,29663.348825110534,7283.68770000419,11308.357943932991
cs-47833,ngrid-g3,190.19818645166075,38039.637290332146,2549.4405387285515,4305.837405025493
cs-47833,es-g2-boston,179.46032583143747,35892.065166287495,11934.3998100403,14139.776766632338
cs-47834,ngrid-g3,120.660946083121,24132.1892166242,869.0542966459853,2178.644982192059
cs-47834,es-g2-boston,112.11361004548235,22422.72200909647,5848.908770137241,8058.151284239499
cs-47836,ngrid-g3,189.84308726746823,37968.61745349364,948.7150098357401,2631.6827317604952
cs-47836,es-g2-boston,181.7688654454097,36353.77308908194,5645.174273824652,9668.257809597177
cs-47837,ngrid-g3,126.76761850792226,25353.523701584454,1012.9560718222447,2301.8643304473726
cs-47837,es-g2-boston,117.43535418317946,23487.070836635892,6147.690110629763,8645.673118199911
cs-47839,ngrid-g3,113.41691652996072,22683.38330599214,1261.4963308977842,2176.8979343070114
cs-47839,es-g2-boston,106.15605874275091,21231.211748550184,6452.62890455316,8245.999749723558
cs-47840,ngrid-g3,162.89350414997168,32578.700829994334,2071.8964415870746,3883.9124173079113
cs-47840,es-g2-boston,152.04190311502657,30408.380623005316,9665.579099095856,12709.53894759377
cs-47842,ngrid-g3,133.8293092780161,26765.86185560322,1454.2211186828554,3408.8727985948954
cs-47842,es-g2-boston,123.7276058152843,24745.521163056863,8199.751129155571,12013.728840941083
cs-47843,ngrid-g3,115.51287495476569,23102.574990953137,1336.3386604967327,2681.4861079023963
cs-47843,es-g2-boston,109.46982276328706,21893.96455265741,6020.570331034729,9138.946071169423
cs-47844,ngrid-g3,162.21393087428754,32442.78617485751,1665.8082283633833,3685.9219633458256
cs-47844,es-g2-boston,149.30307951009482,29860.615902018963,8935.269885847494,11958.467075072973
cs-48829,ngrid-g3,191.74651699077899,38349.3033981558,8133.144934978626,10115.370514153445
cs-48829,es-g2-boston,175.75826825106583,35151.653650213164,28174.600146354343,31635.55438580754
cs-48830,ngrid-g3,190.05696633613647,38011.39326722729,5691.662593555151,5691.6625935148995
cs-48830,es-g2-boston,189.74557700045565,37949.115400091134,18810.180233412902,18810.180233284613
cs-48832,ngrid-g3,193.1102775054168,38622.05550108336,8419.037395507337,8419.037395477453
cs-48832,es-g2-boston,193.1102775054168,38622.05550108336,27669.020433934726,27669.020433808797
cs-48833,ngrid-g3,193.1102775054168,38622.05550108336,3840.007313231292,5964.0657365343795
cs-48833,es-g2-boston,172.3794867956663,34475.89735913326,21514.248163631157,22342.089660515754
cs-48834,ngrid-g3,186.03711611054229,37207.42322210846,4575.859240108857,6561.736256958069
cs-48834,es-g2-boston,170.29210904901612,34058.42180980322,20996.319125833557,20996.319125704664
cs-48835,ngrid-g3,188.33276973981077,37666.55394796215,2332.1676126214384,4204.227317283552
cs-48835,es-g2-boston,174.36490942139216,34872.98188427843,11920.464950783116,13778.129240820139
cs-48836,ngrid-g3,191.70051387518998,38340.102775037994,6397.152331030143,6814.928618228156
cs-48836,es-g2-boston,184.32964609299185,36865.92921859837,25374.862213642962,25374.862213515567
cs-48837,ngrid-g3,180.36521907722528,36073.04381544505,7274.152226762182,7965.3212233907925
cs-48837,es-g2-boston,176.32962946176218,35265.92589235244,25487.526440665668,25487.52644053888
cs-48838,ngrid-g3,189.65097468539633,37930.194937079264,7184.270565190845,8065.919418155957
cs-48838,es-g2-boston,182.30287727944147,36460.5754558883,26346.369907273656,26346.369907145785
cs-48839,ngrid-g3,185.66980395206423,37133.96079041284,5734.907232405549,6581.300145305753
cs-48839,es-g2-boston,180.00746233015258,36001.49246603052,21058.91988072496,21058.91988059664
cs-48840,ngrid-g3,187.00686217530588,37401.372435061174,5118.2441565007575,6089.85420246998
cs-48840,es-g2-boston,173.4398020286686,34687.96040573372,20823.296420898478,20823.296420768733
cs-48995,ngrid-g3,72.519799100927,14503.9598201854,2481.280820876588,3662.185829123369
cs-48995,es-g2-boston,61.43994385426589,12287.988770853179,11988.455504771186,12152.987356318576
cs-48996,ngrid-g3,188.59326710473619,37718.65342094724,1761.8273596976721,3817.8041109632863
cs-48996,es-g2-boston,170.12450820587927,34024.90164117586,11739.180507408044,12385.097612905705
cs-48999,ngrid-g3,86.08145834445405,17216.291668890808,3866.8722976677027,4862.838183206194
cs-48999,es-g2-boston,77.69880661898281,15539.761323796563,16047.692116790557,16047.692116660934
cs-49001,ngrid-g3,130.59558787815695,26119.11757563139,1958.148109839,4218.544734792938
cs-49001,es-g2-boston,110.65419832653701,22130.8396653074,12885.69447571963,13820.371299766717
cs-49024,ngrid-g3,191.7828901690022,38356.57803380044,803.2947575437021,3071.6563130129607
cs-49024,es-g2-boston,175.18562282811058,35037.124565622114,7400.136322758111,10091.219161928868
cs-49027,ngrid-g3,185.4457379258697,37089.14758517394,952.1261602890472,2575.7595123568326
cs-49027,es-g2-boston,172.57058113893632,34514.116227787265,6675.037393197891,9531.904388979596
cs-49179,ngrid-g3,116.07023900206866,23214.047800413733,2242.965355961727,3481.5655895000054
cs-49179,es-g2-boston,104.83516042927133,20967.032085854265,10433.30382872015,11367.639294524488
cs-49180,ngrid-g3,163.34201198292863,32668.402396585727,1676.216670091141,3741.53978644034
cs-49180,es-g2-boston,147.17299476725196,29434.598953450393,11424.882756821733,11994.960414757059
cs-49183,ngrid-g3,141.24992892399982,28249.985784799963,2156.315523195067,3752.2093238083
cs-49183,es-g2-boston,130.96997179521466,26193.994359042932,10816.204694845599,12006.52621666667
cs-49184,ngrid-g3,171.25042893788668,34250.085787577336,3316.5399785313066,5022.192795821953
cs-49184,es-g2-boston,157.75965367798824,31551.93073559765,16113.916626128863,16113.916625998623
cs-49187,ngrid-g3,71.65584495589052,14331.168991178103,2734.867501614304,3401.832110854035
cs-49187,es-g2-boston,66.43828260973567,13287.656521947134,10613.439484687804,11133.671604764588
cs-49321,ngrid-g3,185.38473300685033,37076.946601370066,3035.2026870174373,4942.977452936579
cs-49321,es-g2-boston,169.23203885941075,33846.40777188215,15816.59609128832,15816.59609115899
cs-49322,ngrid-g3,185.3350784243018,37067.01568486036,3496.365104303276,5954.5959438271675
cs-49322,es-g2-boston,169.3757536793434,33875.15073586868,15973.535531354675,19087.001968762866
cs-49323,ngrid-g3,185.10187653175385,37020.37530635077,10453.937086506523,10484.040542166465
cs-49323,es-g2-boston,185.33148611410934,37066.29722282187,33546.953478500756,33546.95347846857
cs-49324,ngrid-g3,182.16847320677732,36433.69464135546,5153.683962639678,6433.510126393535
cs-49324,es-g2-boston,171.84852026554213,34369.70405310843,20586.019678833407,20586.019678705044
cs-49325,ngrid-g3,178.90113675992865,35780.227351985726,6609.036591872093,8187.718968696733
cs-49325,es-g2-boston,162.0915447862432,32418.30895724864,26372.22520830034,26372.225208174532
cs-49326,ngrid-g3,188.753242983295,37750.648596659,2140.364693430436,4255.968047112737
cs-49326,es-g2-boston,174.0687387063103,34813.747741262065,11979.846861203343,13618.295494766957
cs-49327,ngrid-g3,188.1615694204929,37632.31388409858,2144.560496826172,4322.6295356792525
cs-49327,es-g2-boston,170.41354605043458,34082.70921008691,13506.414294831262,13973.343457601954
cs-49328,ngrid-g3,183.8661099439519,36773.22198879038,3939.8245975558802,6112.656111717528
cs-49328,es-g2-boston,168.1022175573746,33620.443511474914,18663.969116467153,19559.3473131772
cs-49329,ngrid-g3,185.86418636584045,37172.837273168094,5039.553554111751,7082.369117170534
cs-49329,es-g2-boston,173.11973853927142,34623.947707854284,20963.675493071663,22662.24613835435
cs-49330,ngrid-g3,189.403750038547,37880.7500077094,2153.972171708249,4198.131871614585
cs-49330,es-g2-boston,171.61369093002781,34322.73818600556,14097.211859264466,15063.452274266605
cs-49331,ngrid-g3,186.20935242405716,37241.87048481143,3239.5115768755486,5322.775777249657
cs-49331,es-g2-boston,170.88661518983065,34177.32303796613,16569.90832570561,17497.722707479803
cs-49332,ngrid-g3,189.3896986384497,37877.93972768994,3383.936250567334,5152.6783397729705
cs-49332,es-g2-boston,173.2319012536859,34646.38025073718,17143.866766913394,17143.866766782892
cs-49577,ngrid-g3,57.31900618205338,11463.801236410676,2220.56724171324,3404.0850034560117
cs-49577,es-g2-boston,46.19728213065053,9239.456426130106,11188.213661681217,11315.918302539445
cs-49582,ngrid-g3,147.02210594361625,29404.421188723252,1170.5747892466347,3591.311585095933
cs-49582,es-g2-boston,128.87857853029556,25775.715706059113,9650.99870452632,11668.983842682614
cs-51913,ngrid-g3,189.50847659993752,37901.695319987506,1882.1553641633816,4154.317681538412
cs-51913,es-g2-boston,174.39142063942418,34878.284127884835,11541.993109070323,13536.649611287306
cs-51914,ngrid-g3,190.1344108308176,38026.882166163516,1627.1209509277348,3544.334929768217
cs-51914,es-g2-boston,178.48268565029164,35696.53713005833,9944.73117081418,12970.15280956976
cs-51915,ngrid-g3,189.25667434793908,37851.334869587816,1816.4425306467472,3877.0305318568753
cs-51915,es-g2-boston,173.07094144749615,34614.18828949923,11649.662361077653,12956.974356430876
cs-51916,ngrid-g3,192.41473383837084,38482.94676767417,402.604426501386,2516.4747290298883
cs-51916,es-g2-boston,182.51907712830285,36503.81542566057,3649.6512428838123,8443.545277977782
cs-51917,ngrid-g3,191.36022227445653,38272.04445489131,2620.423162735316,4717.3005616980845
cs-51917,es-g2-boston,174.4686404263289,34893.72808526578,14379.76597254538,16975.683139843175
cs-51918,ngrid-g3,191.97910956857703,38395.82191371541,552.9241806030273,2237.1335154643334
cs-51918,es-g2-boston,182.84990882479667,36569.98176495933,4537.261325968106,8407.133744113453
cs-51919,ngrid-g3,187.33135701388034,37466.27140277607,2897.7092486572265,4480.707170134259
cs-51919,es-g2-boston,174.97514074694485,34995.02814938897,14461.615782404693,15321.929566226629
cs-51920,ngrid-g3,190.87322149478024,38174.644298956046,1119.3554425105067,3203.8506245274707
cs-51920,es-g2-boston,177.70693865054682,35541.38773010936,8049.565131472629,10801.333706057427
cs-51921,ngrid-g3,190.73455856660925,38146.91171332185,1428.0026238922121,3419.5787490801513
cs-51921,es-g2-boston,175.43745126716016,35087.49025343203,10239.157257587016,12660.019216191711
cs-51922,ngrid-g3,189.7722340232181,37954.446804643616,1804.1913591819055,3730.9999491151084
cs-51922,es-g2-boston,181.90134452405442,36380.26890481089,10468.284852224611,14146.781452874584
cs-51923,ngrid-g3,190.905345018079,38181.0690036158,1116.9969962523903,2846.8432436997978
cs-51923,es-g2-boston,175.880502434806,35176.1004869612,8293.941773081311,10391.506213544128
cs-51924,ngrid-g3,191.27229525780982,38254.459051561964,840.9707169536364,2720.9146551964764
cs-51924,es-g2-boston,178.31349807063154,35662.69961412631,6666.611734836026,9940.39587400984
cs-53019,ngrid-g3,153.65566935794536,30731.13387158907,1058.1209349066412,3471.985812640535
cs-53019,es-g2-boston,143.344556456634,28668.9112913268,7094.542282482933,12099.362601975603
cs-53022,ngrid-g3,190.5809560585834,38116.19121171668,963.8697550642544,3356.4302837439745
cs-53022,es-g2-boston,177.27527718633755,35455.05543726751,7906.371132894468,11376.236576023035
cs-53024,ngrid-g3,166.80647625000935,33361.29525000187,993.7572470092773,2867.2730428065825
cs-53024,es-g2-boston,153.95608185671878,30791.216371343755,6975.286408563241,9755.743416646372
cs-53027,ngrid-g3,187.0760288956866,37415.205779137315,2896.797384801509,4987.493645866254
cs-53027,es-g2-boston,174.57885150996773,34915.77030199354,13949.261856343652,16119.888070250116
cs-53028,ngrid-g3,72.07306060810056,14414.612121620112,2414.3708350907177,3337.602434044217
cs-53028,es-g2-boston,65.56945001764,13113.890003527998,10501.147704868712,11363.168630385775
cs-53449,ngrid-g3,188.87456680394607,37774.913360789214,2944.0941192195037,5557.1932911488275
cs-53449,es-g2-boston,172.54498864629673,34508.99772925935,15245.154766052803,17781.970992884333
cs-53450,ngrid-g3,189.88622018792267,37977.24403758453,4151.720939412245,5927.758431131167
cs-53450,es-g2-boston,173.7732722124288,34754.65444248576,20199.84467591275,22368.380371694544
cs-53451,ngrid-g3,193.1102775054168,38622.05550108336,5064.440567835272,5908.8806350630075
cs-53451,es-g2-boston,183.16928279677822,36633.85655935564,23527.27386904206,23527.27386891496
cs-53452,ngrid-g3,189.97024299938641,37994.048599877286,3075.7400227108897,5667.095815205634
cs-53452,es-g2-boston,169.22172122333836,33844.34424466767,16777.8923905487,18133.638353084945
cs-53453,ngrid-g3,189.06124187466636,37812.248374933275,3105.4726736611915,4820.180837778286
cs-53453,es-g2-boston,175.29635864888718,35059.271729777436,14399.880765085509,16781.562353434812
cs-53454,ngrid-g3,189.15848369540464,37831.69673908093,5330.043521282204,6452.531152435394
cs-53454,es-g2-boston,178.03617000460363,35607.234000920726,20590.42952357471,21742.617709943508
cs-53455,ngrid-g3,186.5186598670328,37303.73197340656,3769.680931842211,6454.257601305846
cs-53455,es-g2-boston,169.87354919259582,33974.709838519164,18587.524179780652,20652.40768749609
cs-53456,ngrid-g3,185.67626837336206,37135.253674672414,3601.934690549826,4922.407667109719
cs-53456,es-g2-boston,173.92492793166878,34784.98558633376,15750.776654076293,15750.776653946748
cs-53457,ngrid-g3,191.568331953683,38313.6663907366,7365.1568424317,7365.156842391832
cs-53457,es-g2-boston,191.521801683686,38304.3603367372,24425.205087023056,24425.205086896043
cs-53458,ngrid-g3,187.82138153967017,37564.27630793404,2586.2843080024218,4928.601249304606
cs-53458,es-g2-boston,169.0495591089495,33809.9118217899,15367.35925194604,15770.59494947139
cs-53459,ngrid-g3,184.87539202847722,36975.07840569544,5392.088847824872,6026.39788455687
cs-53459,es-g2-boston,180.2760511402392,36055.210228047836,19665.38020828616,19665.380208157545
cs-53460,ngrid-g3,190.11941700241488,38023.88340048298,2439.252452837029,4571.803255735971
cs-53460,es-g2-boston,174.26934940627027,34853.86988125405,12411.080897357222,14935.024621010047
cs-53509,ngrid-g3,187.1733870659942,37434.67741319884,9389.816080137973,10275.374152339868
cs-53509,es-g2-boston,177.57717589092778,35515.43517818556,33265.637787442145,33265.63778734366
cs-53510,ngrid-g3,192.07744663467452,38415.489326934905,1360.8287649431293,3337.2170012793295
cs-53510,es-g2-boston,180.46486588161403,36092.973176322805,7629.347628882026,11725.849728153164
cs-53511,ngrid-g3,192.12428704334968,38424.85740866994,3647.0135568944424,5611.054879710698
cs-53511,es-g2-boston,177.5379238040518,35507.58476081036,15674.555739642474,18544.10655053544
cs-53512,ngrid-g3,184.85093046139525,36970.18609227905,4480.2037588000685,7259.548817880705
cs-53512,es-g2-boston,166.46225814155704,33292.451628311406,21866.297685950758,23229.187782002824
cs-53513,ngrid-g3,193.1102775054168,38622.05550108336,7622.6905380650605,8135.029789809668
cs-53513,es-g2-boston,183.99683249330323,36799.366498660645,30816.48080413141,30816.480804005638
cs-53514,ngrid-g3,191.54893662206544,38309.78732441309,2886.6921620712446,5802.997628427334
cs-53514,es-g2-boston,175.39925805805265,35079.85161161053,15097.878627343373,18568.498537710464
cs-53515,ngrid-g3,191.44172448155624,38288.344896311246,5730.518293233169,7833.064984323847
cs-53515,es-g2-boston,170.50140050913498,34100.280101827,23722.55342069785,25232.83829998791
cs-53516,ngrid-g3,190.6758989037891,38135.17978075782,1531.6793872449348,3899.6901700047397
cs-53516,es-g2-boston,177.66398732224525,35532.797464449046,9115.075900932323,12478.273446904896
cs-53517,ngrid-g3,193.06938598035262,38613.87719607053,2318.134680336071,4729.637639642924
cs-53517,es-g2-boston,173.3471311180874,34669.426223617476,12882.8483606652,15220.190756401862
cs-53518,ngrid-g3,187.08985845823253,37417.971691646504,7524.961624181975,9998.694907500203
cs-53518,es-g2-boston,172.0043347045124,34400.86694090248,29309.587173648386,31993.93893587483
cs-53519,ngrid-g3,191.53515047164188,38307.03009432838,3188.5830405325833,4916.635722750062
cs-53519,es-g2-boston,178.2161492234707,35643.22984469414,14355.107570908187,15823.955645652826
cs-53520,ngrid-g3,193.01054898034758,38602.10979606952,941.9119716165638,2669.955019125476
cs-53520,es-g2-boston,179.39686676569127,35879.37335313825,6521.847145791014,10286.894425943796
cs-53977,ngrid-g3,191.955358755793,38391.0717511586,4753.408921215373,6403.166243036149
cs-53977,es-g2-boston,181.25365822820126,36250.731645640255,19971.132166253425,24174.15089086278
cs-53978,ngrid-g3,126.38334546162021,25276.669092324042,4172.2369341003805,5556.062550379551
cs-53978,es-g2-boston,119.93671070848934,23987.342141697867,16365.141060211121,19186.68401488736
cs-53979,ngrid-g3,164.6298819293206,32925.976385864116,5844.696898291794,6635.6690846509755
cs-53979,es-g2-boston,157.1150429835988,31423.008596719763,23663.20332423986,24380.041866365107
cs-53980,ngrid-g3,124.22621116940937,24845.242233881872,5254.400830778521,6601.749777444205
cs-53980,es-g2-boston,114.33075611938496,22866.15122387699,20706.142709585954,23194.436740913356
cs-53981,ngrid-g3,192.6160352161784,38523.20704323568,2522.2427902975264,4836.954471258598
cs-53981,es-g2-boston,179.010459905521,35802.091981104204,13117.954972922875,17525.087544786435
cs-53982,ngrid-g3,193.1102775054168,38622.05550108336,6680.00414050301,7063.745250427585
cs-53982,es-g2-boston,190.16884856106495,38033.76971221299,23285.87042600226,23285.87042587497
cs-53983,ngrid-g3,191.3772303283095,38275.446065661905,1022.4332838732596,3529.9317499934423
cs-53983,es-g2-boston,178.10716449551305,35621.43289910261,6782.842392435222,12428.444539763843
cs-53984,ngrid-g3,192.52943866366817,38505.88773273364,1384.678301544261,3798.8848581859443
cs-53984,es-g2-boston,179.14904293639742,35829.80858727948,7989.763860729154,13641.982689605069
cs-53985,ngrid-g3,193.1102775054168,38622.05550108336,6756.089693393906,6756.089693354115
cs-53985,es-g2-boston,193.1102775054168,38622.05550108336,23295.193464264008,23295.193464138953
cs-53986,ngrid-g3,94.09860773077264,18819.721546154527,5211.818582468608,6014.785917573764
cs-53986,es-g2-boston,86.55188278594774,17310.37655718955,21804.709884848486,23132.89512359918
cs-53987,ngrid-g3,191.1715245062604,38234.30490125208,2674.530572701084,4872.444470590113
cs-53987,es-g2-boston,178.16706533771844,35633.41306754369,12422.67005094988,16327.32749555965
cs-53988,ngrid-g3,181.7870686840163,36357.41373680326,6012.1685649786505,7754.176445687865
cs-53988,es-g2-boston,174.24025943687715,34848.05188737543,21743.44729044632,24811.90295297861
cs-55249,ngrid-g3,132.05117813570303,26410.235627140606,5162.122640318967,6204.845185811377
cs-55249,es-g2-boston,123.32774207691041,24665.548415382083,20173.97916288952,20173.9791627604
cs-55250,ngrid-g3,190.9035062596697,38180.70125193394,1988.1060850985275,4002.308175265859
cs-55250,es-g2-boston,171.88251616089278,34376.503232178555,12968.382318617425,12968.382318486645
cs-55251,ngrid-g3,175.5206840737154,35104.13681474308,3504.846235099182,5745.650134164002
cs-55251,es-g2-boston,160.0861427598351,32017.22855196702,17279.382159447705,18384.997366151547
cs-55252,ngrid-g3,182.56848652378798,36513.697304757596,2204.4786629702876,4123.006296643305
cs-55252,es-g2-boston,164.17322379368784,32834.644758737566,12554.682175154283,13206.288443769476
cs-55253,ngrid-g3,183.36828899752854,36673.65779950571,3272.760437427837,4836.898241132574
cs-55253,es-g2-boston,170.77364499134697,34154.72899826939,14820.766443313234,15477.16260946757
cs-55254,ngrid-g3,160.57236348090188,32114.472696180375,3589.678727716593,5427.601233891311
cs-55254,es-g2-boston,145.29658205708787,29059.316411417574,17368.269117538905,17368.26911740878
cs-55255,ngrid-g3,142.6578111955902,28531.56223911804,5402.01916350827,5965.757306666916
cs-55255,es-g2-boston,139.64166799739456,27928.333599478912,19230.515110397813,19230.51511026978
cs-55256,ngrid-g3,178.6372174017584,35727.44348035168,3595.806060506755,5449.71803352225
cs-55256,es-g2-boston,167.0793864019742,33415.87728039484,15112.214948116542,17438.070427717288
cs-55257,ngrid-g3,113.06813388121873,22613.626776243746,3314.7504543045598,4732.074668828473
cs-55257,es-g2-boston,100.36534360180534,20073.06872036107,15141.746937616184,15141.746937486021
cs-55258,ngrid-g3,140.03279635245704,28006.55927049141,3132.875589983152,4764.283873126977
cs-55258,es-g2-boston,128.51684568946115,25703.36913789223,13870.459435527631,15713.45804142258
cs-55259,ngrid-g3,187.63173121878594,37526.34624375719,2027.6716614256572,3782.952741990147
cs-55259,es-g2-boston,176.65123430113275,35330.24686022655,10232.280259428973,12513.072249891062
cs-55260,ngrid-g3,183.145037994305,36629.007598861,5808.216981194,6159.086642813864
cs-55260,es-g2-boston,179.28891399258848,35857.78279851769,19801.951077138896,19801.9510770105
cs-58093,ngrid-g3,187.59129366184843,37518.258732369686,3373.2928802214556,5307.428666438567
cs-58093,es-g2-boston,173.24984069440998,34649.968138881995,15184.348355799022,17087.948271371148
cs-58094,ngrid-g3,189.3959364033592,37879.18728067184,2941.2187480048583,4644.092839920017
cs-58094,es-g2-boston,173.3051605689581,34661.03211379162,15487.660711535673,15487.660711404405
cs-58096,ngrid-g3,185.57205328116586,37114.41065623317,1426.2678571596625,3942.251092173299
cs-58096,es-g2-boston,167.5900660136975,33518.0132027395,10302.724855669161,12614.460375050285
cs-58098,ngrid-g3,175.19346833949956,35038.69366789991,1509.7411605352654,3524.497946595522
cs-58098,es-g2-boston,158.37913636660716,31675.827273321433,9558.90830443956,11277.729056259943
cs-58099,ngrid-g3,177.76261315045898,35552.52263009179,4182.496865571151,5868.839565263186
cs-58099,es-g2-boston,163.72123984982017,32744.24796996403,17680.961511926344,18786.52395594896
cs-58100,ngrid-g3,132.0362538858739,26407.250777174777,1113.7420915962039,3330.617001849061
cs-58100,es-g2-boston,121.61369292710799,24322.738585421597,7194.924128415427,11600.354999423444
cs-58102,ngrid-g3,109.33777211773031,21867.554423546062,1229.6186657129342,3205.117470217303
cs-58102,es-g2-boston,95.9866189900427,19197.32379800854,8874.57756089914,11275.985275133577
cs-59749,ngrid-g3,178.66787786056133,35733.57557211227,2526.4416221989736,4067.8125653668703
cs-59749,es-g2-boston,170.70097450792292,34140.19490158458,10705.628366826208,13743.291958135223
cs-59751,ngrid-g3,161.44748806194025,32289.497612388048,1437.2589553846951,3831.3410084082416
cs-59751,es-g2-boston,147.99493277917267,29598.986555834534,9311.134341985085,12601.939780433255
cs-59752,ngrid-g3,118.16568811958803,23633.137623917606,1273.93405232486,2839.871267491021
cs-59752,es-g2-boston,102.99463447995792,20598.926895991586,8404.384227196386,10000.630626737804
cs-59753,ngrid-g3,179.69553043957578,35939.106087915156,2027.8750635063907,3932.5845698839357
cs-59753,es-g2-boston,165.70623818856998,33141.247637714,10508.421189971254,12796.110525124957
cs-59757,ngrid-g3,42.35737907981116,8471.475815962232,2902.3993757228377,3665.6367434893136
cs-59757,es-g2-boston,36.0311199837421,7206.22399674842,12563.759609529254,12963.325713939013
cs-59759,ngrid-g3,190.7565066360195,38151.3013272039,1966.2623097923429,4234.737174698859
cs-59759,es-g2-boston,174.46222483527026,34892.44496705405,10913.48288671308,13831.59129694934
cs-59760,ngrid-g3,125.2596186068098,25051.92372136196,1883.6439279039107,4114.5061975914205
cs-59760,es-g2-boston,113.25616948793963,22651.233897587925,9772.998253453707,13405.191505191557
cs-60049,ngrid-g3,189.3715498709254,37874.30997418508,2214.367030944824,4075.7721825971375
cs-60049,es-g2-boston,171.33339610471518,34266.679220943035,12626.842354128878,13354.074224211252
cs-60050,ngrid-g3,183.6775639892193,36735.51279784386,4432.879888305664,5452.495940053557
cs-60050,es-g2-boston,175.59592228817226,35119.18445763445,17494.55447654878,17494.554476419413
cs-60052,ngrid-g3,190.0221879412509,38004.437588250184,2100.6758331065666,4850.096011913856
cs-60052,es-g2-boston,166.50470881443476,33300.941762886956,14630.133703162797,15666.345365857895
cs-60056,ngrid-g3,188.63879570651895,37727.75914130379,3336.6297710473445,4791.204312613235
cs-60056,es-g2-boston,171.63113502079918,34326.22700415984,15882.325630751968,16516.7706440489
cs-60057,ngrid-g3,189.70008578117427,37940.017156234855,2295.6211409744406,4701.267526937125
cs-60057,es-g2-boston,172.5327590524828,34506.55181049656,12190.782282056982,15271.01058598303
cs-60058,ngrid-g3,186.72465769489807,37344.93153897962,3866.2312869800794,5542.116853996073
cs-60058,es-g2-boston,171.24014605807162,34248.029211614325,16707.50584754638,18509.95971020593
cs-60060,ngrid-g3,181.03018682520633,36206.037365041266,4023.6463063965816,4745.6564995996705
cs-60060,es-g2-boston,170.21377674376492,34042.75534875299,16773.575619293242,16773.57561916564
cs-61141,ngrid-g3,187.1361604634683,37427.23209269366,5252.608770574938,7179.420443445959
cs-61141,es-g2-boston,176.14059920914858,35228.11984182971,22962.43080996356,24837.241917331823
cs-61142,ngrid-g3,187.83724675717744,37567.44935143549,3002.0804265254965,5803.046180188461
cs-61142,es-g2-boston,165.87667387577943,33175.33477515588,17696.667708908426,18568.653894193994
cs-61144,ngrid-g3,165.00389422970318,33000.77884594064,3621.4319463536813,5442.044744623708
cs-61144,es-g2-boston,149.53573219315618,29907.146438631236,17026.975245048292,17430.802929734116
cs-61145,ngrid-g3,185.79077614165905,37158.15522833181,3077.254868663117,5293.971617596231
cs-61145,es-g2-boston,167.74630481618797,33549.2609632376,16939.711255303548,16939.71125517362
cs-61147,ngrid-g3,184.34367201700255,36868.73440340051,3398.6139367250003,5812.131714309064
cs-61147,es-g2-boston,169.12405268419357,33824.81053683871,15641.445476122106,18597.725890743895
cs-61149,ngrid-g3,185.13679387780226,37027.35877556045,3428.3989904785158,4894.775980810813
cs-61149,es-g2-boston,173.3749822396613,34674.99644793226,15686.857833199796,15686.857833070058
cs-61150,ngrid-g3,185.01142584130326,37002.285168260656,4143.1495551449,6390.898653989529
cs-61150,es-g2-boston,167.6203232537552,33524.06465075104,19890.15882646653,20449.670999335016
cs-61151,ngrid-g3,187.38732862439056,37477.465724878115,4986.295478581154,6157.177943311319
cs-61151,es-g2-boston,179.50032123261894,35900.06424652379,19737.961466785593,19737.961466688528
cs-61152,ngrid-g3,188.70855373061642,37741.71074612328,2286.278544862168,4648.756556547165
cs-61152,es-g2-boston,172.54425607287325,34508.85121457465,13152.8793027436,14911.545087846447
cs-62198,ngrid-g3,176.75934624000314,35351.86924800063,2075.4728137261136,4626.132490309802
cs-62198,es-g2-boston,162.9229994002507,32584.599880050137,10692.014627412205,14808.772463485082
cs-62200,ngrid-g3,177.0873069634506,35417.46139269012,1541.250238898328,4827.782354982144
cs-62200,es-g2-boston,157.28610356309977,31457.220712619954,11730.579570963979,15447.99349214362
cs-62201,ngrid-g3,140.0657574227863,28013.15148455726,2072.7378184692116,4229.479583955878
cs-62201,es-g2-boston,125.35481657787557,25070.963315575114,10744.643323162343,13947.44600829032
cs-62203,ngrid-g3,189.02780590828485,37805.56118165697,1442.7143472956157,3574.0358468979766
cs-62203,es-g2-boston,169.8299222721229,33965.98445442458,9970.785177891568,11643.318641579814
cs-62207,ngrid-g3,104.76118230062818,20952.236460125634,2995.305838864779,4691.852730133296
cs-62207,es-g2-boston,95.27148807041615,19054.297614083232,12690.213980332246,16038.470920242198
cs-62247,ngrid-g3,139.54300200654023,27908.600401308046,1536.1542364813813,3870.140458523296
cs-62247,es-g2-boston,121.14341300382277,24228.682600764554,10986.854606401237,12396.069980442237
cs-62255,ngrid-g3,139.20754709579856,27841.509419159713,1274.0778599837313,3325.9254525948345
cs-62255,es-g2-boston,123.32239476195755,24664.47895239151,8891.852037764149,11198.433257346353
cs-62256,ngrid-g3,133.30654561374573,26661.309122749146,997.9649768749314,3298.992794612891
cs-62256,es-g2-boston,115.84304087536356,23168.60817507271,8785.354318800484,10617.669966649872
cs-62401,ngrid-g3,176.41567898261167,35283.135796522336,1195.7843617572369,3317.2390233441097
cs-62401,es-g2-boston,158.50608630739427,31701.217261478854,9317.403144962307,12611.967579962853
cs-62402,ngrid-g3,124.25052528532723,24850.105057065444,1254.4734997288633,2435.3810818261823
cs-62402,es-g2-boston,118.00401398649126,23600.802797298253,6117.503400008285,9623.366913213113
cs-62403,ngrid-g3,193.1102775054168,38622.05550108336,1077.4962403786835,2975.916553430015
cs-62403,es-g2-boston,181.60931529918759,36321.86305983752,7020.488519613185,11256.48635550663
cs-62404,ngrid-g3,191.69241634308196,38338.48326861639,1062.971681967982,2939.8276774774367
cs-62404,es-g2-boston,180.72504852427025,36145.00970485405,7550.48549462329,11131.625776927454
cs-62406,ngrid-g3,130.73655744068478,26147.311488136955,1121.1220914084834,2366.8429464398623
cs-62406,es-g2-boston,121.21749597525157,24243.499195050314,6637.958414739194,9078.863628451516
cs-62407,ngrid-g3,159.05335506900178,31810.671013800355,2410.5499536897833,3518.8151496209175
cs-62407,es-g2-boston,150.6423151513402,30128.463030268038,12073.649905384647,14338.886869219668
cs-62409,ngrid-g3,165.17949108645675,33035.89821729135,902.9890725086154,2565.9461291613106
cs-62409,es-g2-boston,156.95296138655482,31390.592277310963,5226.0028347004245,10053.211472829871
cs-62410,ngrid-g3,181.9285216610363,36385.704332207264,1659.710558948549,3547.781511468919
cs-62410,es-g2-boston,174.81693372473643,34963.38674494729,9886.78858573325,12929.905586731118
cs-62411,ngrid-g3,148.46552978011457,29693.10595602291,642.0780579712135,2184.6639809051385
cs-62411,es-g2-boston,139.18740324091988,27837.480648183977,4718.9500819899895,8588.283397251405
cs-62412,ngrid-g3,188.1394884134857,37627.89768269714,1191.2949229198468,3072.600340111889
cs-62412,es-g2-boston,177.30420645115004,35460.841290230004,7034.08043429822,11286.139003182157
cs-63666,ngrid-g3,181.53890136081105,36307.780272162214,612.0068311687537,2897.9938120446723
cs-63666,es-g2-boston,169.5393532002337,33907.87064004674,5533.947203390101,9545.27584474875
cs-63669,ngrid-g3,171.43747702217067,34287.495404434136,1066.3531955206277,3716.4958073042103
cs-63669,es-g2-boston,157.49984732462266,31499.969464924532,7454.525748421836,12202.47228822816
cs-63818,ngrid-g3,185.04014302462252,37008.028604924504,4044.183729858398,5735.195990265622
cs-63818,es-g2-boston,170.25829145552117,34051.658291104235,18351.546076427258,18351.546076297633
cs-63819,ngrid-g3,183.943228768444,36788.6457536888,1062.7147502256466,3206.328207562345
cs-63819,es-g2-boston,165.81840585259536,33163.68117051907,8736.87729707503,10398.09723888866
cs-63822,ngrid-g3,189.0055047443338,37801.100948866755,2847.357905972112,4919.402896094549
cs-63822,es-g2-boston,173.4200585813162,34684.01171626324,13958.700403472089,16196.967787577109
cs-63823,ngrid-g3,189.10700361622008,37821.40072324402,1558.3178358077707,3224.6847666967847
cs-63823,es-g2-boston,173.57622786719426,34715.24557343885,9818.718514929493,11016.448757466093
cs-63824,ngrid-g3,188.66466542785062,37732.93308557013,2638.3722791436994,4455.508978665469
cs-63824,es-g2-boston,168.35222880890524,33670.44576178105,14420.87250249588,15183.137048901204
cs-63825,ngrid-g3,192.14924612971632,38429.84922594326,2597.2801847986916,4647.923079927068
cs-63825,es-g2-boston,173.1296863054858,34625.937261097155,15932.65799025894,17214.08463734732
cs-63827,ngrid-g3,171.01778108652144,34203.556217304285,1438.6786361326044,3684.176755175641
cs-63827,es-g2-boston,156.60704370928926,31321.408741857853,8898.860299319858,12701.34939644304
cs-64837,ngrid-g3,191.31124351254692,38262.24870250939,938.8472392667956,2960.2442761037773
cs-64837,es-g2-boston,175.20765821809724,35041.53164361945,8506.99693894406,11049.877131195877
cs-64838,ngrid-g3,190.33136636897123,38066.27327379425,1481.9490301513672,3362.4184052009978
cs-64838,es-g2-boston,175.0064101831525,35001.2820366305,10451.22614514862,12811.631733760012
cs-64839,ngrid-g3,191.51310751452482,38302.62150290496,807.6445459888,2809.5961827692818
cs-64839,es-g2-boston,176.59533293126657,35319.06658625331,6765.102241124501,9857.474013787596
cs-64840,ngrid-g3,192.1974292608746,38439.48585217492,495.8656417846679,2275.266391699988
cs-64840,es-g2-boston,182.56335391501605,36512.67078300321,4327.383090821877,8282.283785269983
cs-64841,ngrid-g3,191.79527007640132,38359.054015280264,595.9742489156667,2266.4003106625455
cs-64841,es-g2-boston,179.66034200175753,35932.068400351505,5098.687286772678,8743.501411332867
cs-64842,ngrid-g3,190.81692147922726,38163.384295845455,1043.7571658667882,3352.9224983562335
cs-64842,es-g2-boston,177.70355537952324,35540.71107590465,7539.8067601054645,11189.522874376944
cs-64843,ngrid-g3,191.2180957107679,38243.61914215358,1335.2907260294699,3454.3816370670784
cs-64843,es-g2-boston,176.04806953778015,35209.61390755603,11823.590392041137,14424.935760185675
cs-64844,ngrid-g3,192.00765845310286,38401.53169062057,578.0442374933896,2396.824451018815
cs-64844,es-g2-boston,179.04193212287896,35808.386424575794,5681.645771636871,9358.53835457766
cs-64845,ngrid-g3,188.936238728302,37787.247745660396,1767.5676319320937,3555.7144384224125
cs-64845,es-g2-boston,177.81533177645127,35563.066355290255,10018.967704773713,12086.091289677697
cs-64846,ngrid-g3,191.1086820099932,38221.73640199864,1187.2062477731758,3159.442986080113
cs-64846,es-g2-boston,176.5191794332142,35303.83588664284,8517.121670178161,11118.05373375789
cs-64847,ngrid-g3,191.41524550085407,38283.049100170814,945.216509411606,3198.176383446847
cs-64847,es-g2-boston,174.4334161559195,34886.6832311839,8667.801689725655,11276.313886767266
cs-64848,ngrid-g3,189.66364591607064,37932.72918321413,1766.4656849351634,3856.8502080207663
cs-64848,es-g2-boston,172.70868570282806,34541.737140565616,11783.043813940978,13425.618241540702
cs-65052,ngrid-g3,183.78571749300798,36757.143498601596,4652.663457505451,6216.110235843077
cs-65052,es-g2-boston,171.49599114866086,34299.198229732174,21265.730612002917,21499.004492139808
cs-65221,ngrid-g3,190.15917884980374,38031.835769960744,4252.503646960534,6523.771852549916
cs-65221,es-g2-boston,167.72432057495996,33544.86411499199,20985.841442644407,20985.841442515215
cs-65222,ngrid-g3,191.6267057082555,38325.3411416511,1644.9372636957526,3687.7232735293637
cs-65222,es-g2-boston,170.79626106262847,34159.252212525695,11097.965392061233,13020.030490002277
cs-65223,ngrid-g3,184.8479439468735,36969.5887893747,3486.7434705749656,6663.988936467025
cs-65223,es-g2-boston,176.32296880433225,35264.593760866446,24407.73718335689,25524.198118388504
cs-65224,ngrid-g3,186.936719148542,37387.3438297084,3223.1400061133586,5549.04192233986
cs-65224,es-g2-boston,172.2076093615619,34441.52187231238,15245.956285469922,18956.336389243508
cs-65225,ngrid-g3,187.24790893302594,37449.58178660519,4107.552051264701,5709.632456948515
cs-65225,es-g2-boston,173.88606842832337,34777.213685664676,19248.714192087456,19248.714191956737
cs-65226,ngrid-g3,187.98971948206034,37597.94389641207,8528.488840187252,10610.0
cs-65226,es-g2-boston,179.09975739771986,35819.95147954397,33950.0,33950.0
cs-65227,ngrid-g3,191.56819358242578,38313.638716485155,1124.979785773527,3149.139629510875
cs-65227,es-g2-boston,176.1200772748112,35224.01545496224,9564.195144933406,12685.397261549893
cs-65228,ngrid-g3,190.67865275997272,38135.730551994544,2062.8585171518343,4563.504562761569
cs-65228,es-g2-boston,174.36186294359905,34872.37258871981,11989.779069920858,15056.06703321124
cs-65229,ngrid-g3,189.64164453279093,37928.328906558185,5742.546846978712,8056.019387963857
cs-65229,es-g2-boston,171.0673895393762,34213.47790787524,25115.524365730023,25399.670111280855
cs-65230,ngrid-g3,188.14064024385277,37628.12804877055,3604.299623915799,5768.884528225726
cs-65230,es-g2-boston,166.91848870982693,33383.697741965385,19881.193091113666,20121.919002521463
cs-65231,ngrid-g3,191.39772783416,38279.545566832,2307.3680895990265,4738.452971154802
cs-65231,es-g2-boston,175.87025161777558,35174.050323555115,12693.20588648874,15261.09682875639
cs-65232,ngrid-g3,191.13843445241164,38227.68689048233,4050.022704411127,6001.632104513273
cs-65232,es-g2-boston,170.99943925342092,34199.88785068419,17839.19146751732,19949.49300244604
cs-65785,ngrid-g3,120.44157187469905,24088.31437493981,3643.470711716045,5378.317649483386
cs-65785,es-g2-boston,108.40589838479234,21681.17967695847,17210.89304847709,18554.63108605086
cs-65787,ngrid-g3,146.046185405409,29209.237081081803,1832.7708332435159,3983.9193014261346
cs-65787,es-g2-boston,131.01097211615144,26202.19442323029,10551.641275011014,13321.087436355201
cs-65788,ngrid-g3,95.83486123878279,19166.97224775656,4819.446047049502,6186.1461837458955
cs-65788,es-g2-boston,81.21304356349549,16242.608712699097,20840.59929763534,21165.931322188815
cs-65789,ngrid-g3,80.77856479828486,16155.712959656972,3284.531681295757,5120.88634302409
cs-65789,es-g2-boston,65.26536652731005,13053.07330546201,16287.08542350913,17301.075627616392
cs-66109,ngrid-g3,190.13872312271258,38027.744624542516,1529.153197921681,4046.174184840317
cs-66109,es-g2-boston,175.11633634016283,35023.26726803256,10567.435764783182,12946.994681934852
cs-66110,ngrid-g3,164.4060507752693,32881.210155053865,2154.1469551214586,4508.34684471527
cs-66110,es-g2-boston,146.04867289979597,29209.734579959193,13821.013822992576,16603.597730951187
cs-66112,ngrid-g3,177.76499900541333,35552.99980108267,706.6238881642955,2869.5276613459673
cs-66112,es-g2-boston,166.0738672909129,33214.77345818258,5188.777023580617,9864.590318478644
cs-66114,ngrid-g3,190.13312202399916,38026.62440479983,2636.1637232219764,4679.804312420263
cs-66114,es-g2-boston,170.85657801936793,34171.31560387358,14404.558919841493,15784.138098391493
cs-66115,ngrid-g3,181.28533864242357,36257.06772848471,2306.5290638338415,4763.07208440841
cs-66115,es-g2-boston,168.92730007598942,33785.46001519788,10902.839846673138,15247.266151757656
cs-66116,ngrid-g3,186.59968770069867,37319.937540139734,1980.8166994535804,4136.175348160749
cs-66116,es-g2-boston,170.5162616043335,34103.2523208667,12178.95566044135,14887.495965945855
cs-66117,ngrid-g3,185.50815746944917,37101.631493889836,972.2964380916278,3450.7840825500857
cs-66117,es-g2-boston,170.4746121232247,34094.92242464494,8133.009214925708,11107.26565246697
cs-67372,ngrid-g3,167.06418373735218,33412.836747470436,2722.8497078747923,5048.193269095887
cs-67372,es-g2-boston,150.0518736937665,30010.3747387533,14599.530170734313,17013.803991667515
cs-67373,ngrid-g3,100.23072547049853,20046.145094099706,2271.6387754720868,4180.507141139
cs-67373,es-g2-boston,83.43060942600941,16686.121885201883,12354.282172792162,13586.42764586762
cs-67375,ngrid-g3,159.18679428943412,31837.358857886822,1306.0641428336032,3798.868130682558
cs-67375,es-g2-boston,140.77744688700656,28155.48937740131,10209.16741860469,12196.196052587991
cs-67706,ngrid-g3,189.3518100222884,37870.362004457675,4600.003448749377,5532.926566697857
cs-67706,es-g2-boston,175.5687277523484,35113.74555046968,19430.678604095483,19430.67860396706
cs-67707,ngrid-g3,190.35933678045933,38071.86735609187,7146.514714320203,8103.955384791799
cs-67707,es-g2-boston,183.95874365408022,36791.74873081604,26230.867393581022,26230.867393453074
cs-67708,ngrid-g3,189.50863885584593,37901.727771169186,1967.5849910211073,4238.825844529269
cs-67708,es-g2-boston,171.17461374313922,34234.92274862785,12904.679553079528,13655.841345210241
cs-67709,ngrid-g3,182.8939616454107,36578.79232908214,5597.970813706698,7117.71624676856
cs-67709,es-g2-boston,170.36384975688964,34072.76995137793,22769.207639366174,22775.350290084134
cs-67710,ngrid-g3,184.77197198769395,36954.39439753879,6352.74254760731,7602.491134509
cs-67710,es-g2-boston,176.46955303116178,35293.910606232355,24006.476150314644,24326.53855010185
cs-67711,ngrid-g3,185.83955176083197,37167.91035216639,3663.2348789733924,5119.634477330015
cs-67711,es-g2-boston,176.66755360188625,35333.51072037725,15638.303881118043,16438.390452447173
cs-67712,ngrid-g3,185.92230547662388,37184.461095324776,6538.170709322574,8092.603582345409
cs-67712,es-g2-boston,174.78445908793583,34956.891817587166,25894.805996416606,25894.805996289033
cs-67713,ngrid-g3,193.1102775054168,38622.05550108336,4338.00646780868,5332.334587852439
cs-67713,es-g2-boston,181.53103475138684,36306.20695027737,19102.600982787826,19102.600982660442
cs-67714,ngrid-g3,181.37118202377883,36274.236404755764,6799.955402350858,7470.470647437855
cs-67714,es-g2-boston,176.75645306623693,35351.29061324739,23904.097877649416,23904.09787752264
cs-67715,ngrid-g3,183.64388133122807,36728.776266245615,6404.740059468713,6413.830144160046
cs-67715,es-g2-boston,180.89506785407042,36179.01357081408,21560.44900407111,21560.44900394453
cs-67716,ngrid-g3,188.6363693501648,37727.273870032965,5105.093752868306,6692.894625321536
cs-67716,es-g2-boston,177.40130124663168,35480.26024932633,20438.08599908326,21416.001180929892
cs-69197,ngrid-g3,62.5897376918971,12517.94753837942,2592.8554745668234,3543.6701742755467
cs-69197,es-g2-boston,55.68583853714996,11137.167707429993,11146.798106259917,11740.785858361765
cs-69198,ngrid-g3,98.98226726444558,19796.453452889116,2267.9060419602597,4137.715676075738
cs-69198,es-g2-boston,82.90879524753902,16581.759049507804,12401.913222476638,13432.812617461048
cs-69199,ngrid-g3,67.01246543282878,13402.493086565755,2473.179698399022,3505.3985122742215
cs-69199,es-g2-boston,60.897906523265476,12179.581304653095,10589.10534150336,11650.58358812418
cs-69201,ngrid-g3,116.61545859954643,23323.091719909287,2058.5081928917043,4245.110261336592
cs-69201,es-g2-boston,100.118046864604,20023.6093729208,11815.4847021803,13714.154932742285
cs-69203,ngrid-g3,167.08806006960086,33417.612013920174,1452.2027939175373,3746.092751829852
cs-69203,es-g2-boston,158.0463953992405,31609.2790798481,8121.923816661976,12394.568783095365
cs-69204,ngrid-g3,121.42560941700937,24285.121883401873,1187.550758317439,3660.4704010106875
cs-69204,es-g2-boston,101.35419355000414,20270.83871000083,11226.794236282149,12196.026837599671
cs-69421,ngrid-g3,52.50765718732561,10501.531437465123,2063.3093629465684,2884.9541952017717
cs-69421,es-g2-boston,46.010244307242566,9202.048861448513,9199.785962146463,9795.08370695145
cs-69424,ngrid-g3,72.68378452847442,14536.756905694883,2603.8935798011707,3665.5792298068886
cs-69424,es-g2-boston,60.99919680898626,12199.839361797252,11944.579115789084,12301.735821240147
cs-69426,ngrid-g3,155.95646650099923,31191.293300199846,1793.0613833322896,4458.974333146782
cs-69426,es-g2-boston,139.45897499203278,27891.794998406556,11335.60879446521,14487.809081346943
cs-69427,ngrid-g3,127.91578649375937,25583.157298751874,1737.268063666789,3740.776910276306
cs-69427,es-g2-boston,116.37077746780534,23274.15549356107,8840.448732283576,11969.780971148033
cs-69429,ngrid-g3,40.236894889483374,8047.378977896675,3241.7782889912264,3380.1660809633063
cs-69429,es-g2-boston,40.236894889483374,8047.378977896675,9011.176026365287,9298.030607760926
cs-69430,ngrid-g3,185.66978476040453,37133.9569520809,4401.59115963841,5987.588909554457
cs-69430,es-g2-boston,174.83218793108415,34966.43758621683,17904.454398245547,19159.155841599797
cs-69431,ngrid-g3,46.89347673848265,9378.69534769653,2833.1763554273493,3580.20771059094
cs-69431,es-g2-boston,40.33337409505642,8066.674819011284,11248.661990864755,11455.989799676006
cs-69432,ngrid-g3,56.84320629210699,11368.641258421398,1697.5047753042209,2538.6315209481827
cs-69432,es-g2-boston,49.59660336227673,9919.320672455346,8242.676734675522,8752.159833187692
cs-70385,ngrid-g3,165.2177983162498,33043.55966324996,1401.4380021395502,3770.424518581064
cs-70385,es-g2-boston,155.46269867106918,31092.539734213835,8240.079315490406,12878.121385738306
cs-70387,ngrid-g3,185.50373688889047,37100.7473777781,1593.8438054410763,4043.284142812834
cs-70387,es-g2-boston,170.25254517679986,34050.50903535997,9058.30805359436,13465.832111277712
cs-70388,ngrid-g3,184.72748650877244,36945.49730175449,1107.641317139659,4704.530913623246
cs-70388,es-g2-boston,160.94661688182228,32189.323376364457,10869.144496250827,15053.612112866089
cs-70390,ngrid-g3,191.421401533617,38284.2803067234,693.8466618908213,2945.754609957314
cs-70390,es-g2-boston,178.0705236732034,35614.104734640685,6178.946627951937,9536.3521443905
cs-70551,ngrid-g3,175.9532539935061,35190.65079870122,2295.8078274256504,4307.2328739254
cs-70551,es-g2-boston,160.1805105908398,32036.102118167957,12754.005996593954,14777.353488082621
cs-70557,ngrid-g3,137.44366484509897,27488.732969019795,2836.475687553269,3900.976055565665
cs-70557,es-g2-boston,132.63874265301652,26527.748530603305,12250.37564176979,14044.032440375167
cs-70984,ngrid-g3,66.02424934070208,13204.849868140416,3019.986931714281,4223.174513827976
cs-70984,es-g2-boston,57.214314782904445,11442.86295658089,13457.90687172144,14150.879002039022
cs-70986,ngrid-g3,118.40575716682439,23681.151433364877,1752.3953713284393,3979.9872218761893
cs-70986,es-g2-boston,102.10632947276228,20421.265894552456,10342.307984261028,12904.748983110398
cs-70989,ngrid-g3,103.84818387766079,20769.63677553216,2912.1182742928063,4676.788621923346
cs-70989,es-g2-boston,91.04177585143633,18208.355170287265,14118.200431969484,15683.240751124544
cs-70992,ngrid-g3,94.77871733103959,18955.743466207918,1780.9532646407426,3460.4881437103036
cs-70992,es-g2-boston,82.0815371194806,16416.30742389612,10129.051281932658,11426.381709429068
cs-71187,ngrid-g3,58.1729515904472,11634.59031808944,2037.6111518059568,2430.3146828665404
cs-71187,es-g2-boston,55.775239042241914,11155.047808448382,7726.047864623335,8132.914909222138
cs-71188,ngrid-g3,55.17980927891201,11035.961855782401,1918.5239250765953,2154.2977381185583
cs-71188,es-g2-boston,55.04999239350797,11009.998478701595,6535.894419279675,6808.779928613165
cs-71473,ngrid-g3,187.10984796057264,37421.969592114525,1737.5297780999604,4513.315413747898
cs-71473,es-g2-boston,165.33642568228407,33067.28513645681,12411.226764110746,14474.83256228283
cs-71474,ngrid-g3,105.88856429902333,21177.712859804666,4044.3542948545632,5590.3922582246105
cs-71474,es-g2-boston,92.99647607396072,18599.295214792146,19412.631868711906,20543.26267342996
cs-71475,ngrid-g3,99.57159230609555,19914.31846121911,2320.958172982473,4055.003294511398
cs-71475,es-g2-boston,87.22263978579953,17444.527957159906,11587.2557457454,14421.521154573296
cs-71477,ngrid-g3,185.74546436267758,37149.09287253552,1505.809933571869,3899.9192979387008
cs-71477,es-g2-boston,167.7663731912587,33553.27463825174,11788.322279643335,13492.060869675955
cs-71478,ngrid-g3,187.24842043152762,37449.684086305526,2885.5807461272275,5223.881896918074
cs-71478,es-g2-boston,167.99768236237136,33599.536472474276,14922.83351328676,17070.662302782515
cs-71479,ngrid-g3,160.1999046793328,32039.98093586656,1722.068562947747,4338.672300376847
cs-71479,es-g2-boston,148.57631774697424,29715.263549394847,9820.177769131182,14106.52794657396
cs-71480,ngrid-g3,125.11863586893125,25023.72717378625,2912.189410267185,4855.6264519873275
cs-71480,es-g2-boston,112.90564098990498,22581.128197980997,12621.781282861779,15674.507477008501
cs-71481,ngrid-g3,188.26969004976175,37653.93800995235,2521.8017004084345,5469.510645514557
cs-71481,es-g2-boston,165.07679233322875,33015.358466645754,16417.176238072498,17501.403055157327
cs-71482,ngrid-g3,187.99727383198626,37599.454766397255,1828.3218262227322,4153.734800555809
cs-71482,es-g2-boston,169.76305659763625,33952.61131952725,11877.001379273619,13291.168376896298
cs-71483,ngrid-g3,149.491318608955,29898.263721791,1618.1295962764532,4211.500343138989
cs-71483,es-g2-boston,137.45780442922725,27491.56088584545,9945.634869815049,14165.594125157768
cs-71484,ngrid-g3,187.94780992728857,37589.561985457716,3404.0835507144875,5187.609932299205
cs-71484,es-g2-boston,172.4258477015341,34485.16954030682,15379.889143944616,16847.234955788197
cs-71545,ngrid-g3,191.72630697600312,38345.26139520062,955.0904902704622,3123.45273890613
cs-71545,es-g2-boston,176.34734044608027,35269.468089216054,10298.85592674974,13249.429595980173
cs-71546,ngrid-g3,191.21859855542706,38243.71971108541,1073.1893617434137,3254.7468953855805
cs-71546,es-g2-boston,174.07651506840713,34815.30301368143,9190.696128389829,11795.31796041971
cs-71547,ngrid-g3,189.5462767275776,37909.25534551552,1704.6049590550924,3929.9283678983784
cs-71547,es-g2-boston,171.52906444538317,34305.81288907663,11777.06090394716,12993.666165415549
cs-71548,ngrid-g3,191.2072805896531,38241.45611793062,1107.7536362344886,2949.2822498023697
cs-71548,es-g2-boston,175.2895910865007,35057.91821730014,8885.429955185886,11472.294676884143
cs-71549,ngrid-g3,191.55689776853237,38311.37955370647,733.9276389129598,2910.8453288632495
cs-71549,es-g2-boston,176.47338530311754,35294.67706062351,6902.285769753484,10274.82175734254
cs-71550,ngrid-g3,189.94191096294315,37988.38219258863,1828.1509330952147,3676.141781803418
cs-71550,es-g2-boston,173.91215465736235,34782.43093147247,11732.776836249095,12901.731595642077
cs-71551,ngrid-g3,191.9360266920353,38387.20533840706,588.2713492573174,2672.2208688318415
cs-71551,es-g2-boston,179.55381760477013,35910.763520954024,5206.680712991003,9138.151381963062
cs-71552,ngrid-g3,189.9342674341316,37986.85348682632,1952.813110961914,3977.331666493166
cs-71552,es-g2-boston,174.12922930691016,34825.84586138203,12432.011150981241,14291.959979819525
cs-71553,ngrid-g3,190.7782803188546,38155.65606377092,1207.5600166124727,3397.653847531069
cs-71553,es-g2-boston,175.38258811014956,35076.51762202991,9089.535461881009,11833.237895598177
cs-71555,ngrid-g3,191.1417524435451,38228.350488709024,1088.8596961741086,2960.7683663879593
cs-71555,es-g2-boston,175.88738858167736,35177.477716335474,8580.046959681888,11352.068437664295
cs-71556,ngrid-g3,192.00767128171427,38401.53425634286,620.8289804813214,2299.710985112769
cs-71556,es-g2-boston,181.33441283313635,36266.88256662727,4707.221834875531,8745.850445069651
cs-71601,ngrid-g3,73.48382147153218,14696.764294306437,3017.50696567237,4212.396817854116
cs-71601,es-g2-boston,64.99075261836444,12998.150523672888,14092.966951900878,15005.508772399513
cs-71604,ngrid-g3,148.31466594653406,29662.933189306812,746.9741010373419,3520.6133233528826
cs-71604,es-g2-boston,141.2678628448011,28253.57256896022,5648.996204926147,11517.367571427212
cs-71618,ngrid-g3,190.45278638040168,38090.55727608033,1856.8512992419364,3785.3922038820474
cs-71618,es-g2-boston,174.25607816199846,34851.21563239969,11109.766358168537,13963.345127863522
cs-71619,ngrid-g3,191.60738131192846,38321.476262385695,622.3141238311375,3086.186542209365
cs-71619,es-g2-boston,172.76649921461518,34553.299842923036,7882.904359752655,10581.363716449705
cs-71622,ngrid-g3,177.1423701385834,35428.47402771668,1791.452959904088,3905.0792066556096
cs-71622,es-g2-boston,160.96637456033372,32193.274912066743,11579.543919748978,14653.024697231267
cs-71623,ngrid-g3,186.61794260775406,37323.58852155081,1317.6559259033202,4158.404389908503
cs-71623,es-g2-boston,170.58973224443272,34117.94644888654,9753.456305584681,13448.633948870207
cs-71624,ngrid-g3,178.13309828670975,35626.61965734195,1171.7448666573744,3399.895936433328
cs-71624,es-g2-boston,161.63519870709644,32327.03974141929,9292.922525974951,13188.069632734656
cs-71626,ngrid-g3,183.3354960624868,36667.09921249736,897.2399014972922,3537.648010057285
cs-71626,es-g2-boston,168.32575563685228,33665.15112737045,6986.942058634813,11319.806780532032
cs-71628,ngrid-g3,190.48433975479824,38096.86795095965,915.2174882704205,3021.33544566383
cs-71628,es-g2-boston,174.8581185620387,34971.62371240774,7404.213359716805,10041.006981315099
cs-72361,ngrid-g3,185.68259274663575,37136.51854932715,676.0637366754563,2669.0437664879846
cs-72361,es-g2-boston,172.60363835687355,34520.72767137471,5646.14514137395,9492.411130425482
cs-72365,ngrid-g3,184.10956361324955,36821.91272264991,865.8605743408202,2822.716959756174
cs-72365,es-g2-boston,166.69676170916668,33339.352341833335,7810.093857252544,10364.46439644284
cs-72366,ngrid-g3,190.01924767645315,38003.84953529063,1471.126628280991,4560.057809359414
cs-72366,es-g2-boston,164.8121700138479,32962.43400276958,12943.322552220787,14591.325412606235
cs-72367,ngrid-g3,182.58884294438025,36517.768588876046,652.7375382027598,3514.2825215717407
cs-72367,es-g2-boston,166.47768621629572,33295.53724325915,6816.147627535625,11245.041621805902
cs-72369,ngrid-g3,183.51884608226294,36703.76921645259,790.1315698242187,2751.4230264895677
cs-72369,es-g2-boston,173.72678203772927,34745.356407545856,5067.236257824579,9127.904474365101
cs-72370,ngrid-g3,180.19175159611757,36038.350319223515,743.1211268150785,2968.226895516855
cs-72370,es-g2-boston,165.99277079251428,33198.554158502855,6521.496199315934,9610.731069729984
cs-72557,ngrid-g3,145.13774931549236,29027.549863098473,1244.2090280699588,3847.5842052163252
cs-72557,es-g2-boston,132.65050071857692,26530.100143715383,7602.751350896275,12311.544181629997
cs-72561,ngrid-g3,81.54231971553646,16308.463943107294,2271.1733855349075,3603.129021043771
cs-72561,es-g2-boston,73.84293064053259,14768.586128106517,9242.761865764121,11529.333672425639
cs-72562,ngrid-g3,140.46298666421802,28092.597332843605,1388.4877838096356,3856.4107366346916
cs-72562,es-g2-boston,127.035227857813,25407.0455715626,8941.947977519561,13127.68920902104
cs-72563,ngrid-g3,187.69935505032717,37539.871010065435,792.4951348511927,3247.7801168498745
cs-72563,es-g2-boston,175.12318127775137,35024.63625555027,6027.94398828577,10934.166120580227
cs-72564,ngrid-g3,162.0409474319969,32408.18948639938,1863.016143006084,5132.041582425267
cs-72564,es-g2-boston,141.3367395867224,28267.34791734448,11897.670081916809,16421.56566666709
cs-7358,ngrid-g3,186.59496821702857,37318.993643405716,3997.9223425292967,5125.800088825399
cs-7358,es-g2-boston,177.82805964456006,35565.61192891201,17250.920781222314,17250.920781092664
cs-7359,ngrid-g3,186.5401153955694,37308.023079113875,2916.9606517507195,4558.1058706456815
cs-7359,es-g2-boston,173.09025181248117,34618.05036249624,14590.968766170663,14590.968766040454
cs-7361,ngrid-g3,190.2663417678393,38053.26835356786,1094.1731874539205,2957.833432813276
cs-7361,es-g2-boston,176.4858120009272,35297.16240018544,7996.97259632243,10049.170052681335
cs-7363,ngrid-g3,185.84600343752618,37169.20068750523,3056.3322654650888,4985.534873080802
cs-7363,es-g2-boston,171.9537017028389,34390.74034056778,15073.855844242938,15962.341073024647
cs-7364,ngrid-g3,189.6412824249725,37928.2564849945,2224.889907990421,4899.34368339646
cs-7364,es-g2-boston,174.4553656314293,34891.07312628586,12973.368039216213,15693.478052331862
cs-7365,ngrid-g3,179.98925639745008,35997.851279490016,1002.7830754607188,3066.462044100221
cs-7365,es-g2-boston,165.42473404679413,33084.94680935882,7958.985291411498,10754.755209890092
cs-7367,ngrid-g3,189.997934095712,37999.5868191424,1730.7277563476562,4556.001260707654
cs-7367,es-g2-boston,168.33775770127778,33667.551540255554,13442.280914862356,14578.345221585756
cs-73861,ngrid-g3,69.88345998554274,13976.691997108548,3010.1251048841177,4036.2475227362906
cs-73861,es-g2-boston,58.14187528634487,11628.375057268973,14118.143766097555,14198.06123044011
cs-73862,ngrid-g3,170.45705655147773,34091.411310295545,1858.3311085890184,4027.6583160473174
cs-73862,es-g2-boston,153.31995593978056,30663.99118795611,12724.248714396972,14958.66581594164
cs-73863,ngrid-g3,186.4811573167454,37296.23146334908,2638.398056674473,4740.49238085652
cs-73863,es-g2-boston,167.79977922284257,33559.95584456852,13951.385505594273,15279.36397099969
cs-73864,ngrid-g3,178.61485702758276,35722.97140551655,2366.0455642843235,4466.888578932514
cs-73864,es-g2-boston,160.8995514864336,32179.910297286722,12763.912495196817,14737.734266262602
cs-73866,ngrid-g3,154.2030965761453,30840.619315229058,1454.5581525251207,3269.4745607845507
cs-73866,es-g2-boston,141.18744370100583,28237.488740201166,8523.25438602348,10829.90994041646
cs-73867,ngrid-g3,181.43033378765608,36286.06675753122,2077.57555154863,4567.999153450353
cs-73867,es-g2-boston,160.28537904765292,32057.075809530586,14861.459871650808,16385.61142824716
cs-73868,ngrid-g3,176.91233468932055,35382.46693786411,1484.2806297422774,3824.990500171032
cs-73868,es-g2-boston,157.70774675610562,31541.549351221125,10990.57816876751,13694.287594689198
cs-73871,ngrid-g3,166.9973055904257,33399.46111808514,3243.939994731875,4985.057017938926
cs-73871,es-g2-boston,148.76304538588337,29752.609077176676,17847.626651629744,18091.658226107298
cs-73872,ngrid-g3,188.23162075780425,37646.32415156085,1880.405577385355,3830.036860068897
cs-73872,es-g2-boston,173.0515983803708,34610.319676074156,10831.260352057358,12255.395984857594
cs-75432,ngrid-g3,147.57277767650936,29514.55553530187,1797.5110625857324,3804.668676407995
cs-75432,es-g2-boston,132.11705988830147,26423.411977660293,10513.13840418884,12293.940609236617
cs-76153,ngrid-g3,79.59032018286632,15918.064036573265,2334.1703529496262,3533.588443359049
cs-76153,es-g2-boston,67.93379316020369,13586.758632040739,11022.346444242838,11790.618225115353
cs-76157,ngrid-g3,180.05350968975284,36010.701937950565,1381.0472940662771,3395.989816352335
cs-76157,es-g2-boston,163.6023701168905,32720.4740233781,9492.85421111069,10866.527263445974
cs-76959,ngrid-g3,117.63047611033433,23526.095222066866,2825.1744713737153,4725.044938351538
cs-76959,es-g2-boston,104.44862211199946,20889.72442239989,12888.666740829374,15175.989810191131
cs-76961,ngrid-g3,136.56208411913664,27312.416823827327,1297.1492871856772,3271.278628435767
cs-76961,es-g2-boston,118.26475104278249,23652.9502085565,9943.905774689298,10731.876395080943
cs-76963,ngrid-g3,126.43113951682129,25286.22790336426,2957.194337265379,4473.919720485514
cs-76963,es-g2-boston,112.75793019686836,22551.586039373673,14366.316991788184,14366.316991658889
cs-76964,ngrid-g3,54.5749014737706,10914.980294754121,3896.2158781914613,4409.227326352452
cs-76964,es-g2-boston,50.81910988811923,10163.821977623846,14108.696298873445,14108.69629874324
cs-76966,ngrid-g3,151.7704257821177,30354.08515642354,1561.8491689931373,3958.4486107584553
cs-76966,es-g2-boston,129.85990576331133,25971.981152662265,12329.224991561172,12666.28938126755
cs-77199,ngrid-g3,187.75995331827914,37551.99066365583,1984.6040706912097,4255.906285168438
cs-77199,es-g2-boston,173.96358864289726,34792.71772857945,10728.158153264534,14300.309582674356
cs-77201,ngrid-g3,187.20631880929173,37441.26376185835,2515.4872202091083,4035.803969461321
cs-77201,es-g2-boston,171.99371625093744,34398.74325018749,12707.716545684609,13049.854054126237
cs-77202,ngrid-g3,189.77922829724866,37955.84565944973,1413.529207157489,4103.647002448362
cs-77202,es-g2-boston,167.568572626788,33513.7145253576,10839.825280656627,13130.896864573226
cs-77203,ngrid-g3,186.17336272007086,37234.672544014174,1550.3905378744757,4051.5697995888795
cs-77203,es-g2-boston,177.0569869823831,35411.39739647662,8938.229407087581,13129.444511622529
cs-77204,ngrid-g3,182.18650473972573,36437.30094794515,703.9764012189626,2720.8915354581313
cs-77204,es-g2-boston,169.68083196217316,33936.16639243463,5489.020053088871,9361.990891687512
cs-77205,ngrid-g3,183.97444966735245,36794.88993347049,1407.4602993153899,3559.2826915913843
cs-77205,es-g2-boston,172.68870430402762,34537.74086080553,8244.370301850606,12154.290542428196
cs-77208,ngrid-g3,187.29555524727735,37459.11104945547,1702.344156217943,4010.6565674310846
cs-77208,es-g2-boston,172.6046761688157,34520.93523376314,11079.648640736792,13387.990042005193
cs-77271,ngrid-g3,181.83083401583957,36366.166803167915,644.1094870920062,2600.9767325894486
cs-77271,es-g2-boston,167.32190371867657,33464.38074373531,6097.801345316658,9457.731142232376
cs-77273,ngrid-g3,183.60318707798547,36720.63741559709,836.2469579270431,2939.660103995325
cs-77273,es-g2-boston,169.23548593441765,33847.09718688353,6486.489396896574,9647.158878966537
cs-77274,ngrid-g3,176.00042374758246,35200.08474951649,540.7777899169921,2540.943006595864
cs-77274,es-g2-boston,163.35065952080637,32670.131904161273,5038.14278672133,9156.355120490018
cs-77278,ngrid-g3,175.10784716739255,35021.56943347851,683.8212190021595,3301.800038028047
cs-77278,es-g2-boston,159.78751411774482,31957.502823548963,6145.221909870383,10565.137727714628
cs-77279,ngrid-g3,135.20123033905077,27040.246067810152,1148.1803441055063,3494.366790347061
cs-77279,es-g2-boston,123.14777511316119,24629.555022632238,7640.505521425529,11906.025088518938
cs-77293,ngrid-g3,191.15458815984871,38230.91763196974,4955.870720026183,5529.850776688601
cs-77293,es-g2-boston,187.27974970026028,37455.94994005206,17854.192697021183,17854.192696892824
cs-77294,ngrid-g3,190.79001771296706,38158.00354259341,2911.6547212200744,5170.090477105554
cs-77294,es-g2-boston,170.18397480121044,34036.794960242085,12418.016477202427,13912.559612981086
cs-77295,ngrid-g3,186.7062875052262,37341.257501045235,4851.7733245087475,5900.122488880297
cs-77295,es-g2-boston,176.3546776906515,35270.9355381303,18946.85473614079,18946.854736012378
cs-77296,ngrid-g3,184.01282175293017,36802.564350586035,9063.341592562389,9913.643616549656
cs-77296,es-g2-boston,178.29688756095425,35659.37751219085,31721.79083721648,31721.79083712166
cs-77297,ngrid-g3,188.15389929393484,37630.77985878697,4479.384904912735,5215.2843083792095
cs-77297,es-g2-boston,178.9357407440222,35787.148148804445,17763.844979285772,17763.84497915821
cs-77298,ngrid-g3,190.73049034296906,38146.09806859381,4817.680550260915,5909.099748908107
cs-77298,es-g2-boston,178.811181779266,35762.2363558532,20794.159658403387,20794.159658275763
cs-77299,ngrid-g3,188.22988594161006,37645.97718832201,2967.9472637354306,4621.369164350164
cs-77299,es-g2-boston,171.90453116277402,34380.90623255481,15021.4870714791,15021.487071349704
cs-77300,ngrid-g3,186.6341854542331,37326.83709084662,5415.74454472423,5939.648519330634
cs-77300,es-g2-boston,183.4258805877562,36685.176117551244,19005.75562984343,19005.7556297149
cs-77301,ngrid-g3,184.01438996346604,36802.87799269321,4755.796942877354,6207.069523810867
cs-77301,es-g2-boston,174.3012748817522,34860.254976350436,19861.4524349427,19861.452434814226
cs-77303,ngrid-g3,185.28313435436917,37056.626870873835,5231.554573039552,6432.0668000073965
cs-77303,es-g2-boston,174.513649051669,34902.7298103338,20581.401306467043,20581.401306338466
cs-77304,ngrid-g3,183.95146687751603,36790.293375503206,5925.201933229726,6870.76648696678
cs-77304,es-g2-boston,177.29644275278665,35459.28855055733,22117.193939958746,22117.193939830468
cs-77725,ngrid-g3,188.54113820309973,37708.227640619945,2895.009996768749,5521.235121124044
cs-77725,es-g2-boston,167.49684683026075,33499.36936605215,15723.57521150937,17778.744488703134
cs-77726,ngrid-g3,181.81771502343443,36363.543004686886,6716.95891347317,7344.493495120938
cs-77726,es-g2-boston,178.1678141034624,35633.56282069248,23500.994737106786,23500.994736979817
cs-77727,ngrid-g3,190.1913645005668,38038.27290011336,1408.3327409113817,3915.755718039791
cs-77727,es-g2-boston,173.8684113074207,34773.68226148414,10142.965053661834,12788.042353897315
cs-77728,ngrid-g3,188.96708732907783,37793.41746581557,2231.781939863159,4276.755954494739
cs-77728,es-g2-boston,175.48031503043904,35096.06300608781,12016.667818352988,13694.59638549765
cs-77729,ngrid-g3,190.181537407799,38036.3074815598,1350.2217976865627,3332.5791185851413
cs-77729,es-g2-boston,174.05858390305036,34811.71678061007,10112.409456142123,12485.851983336335
cs-77730,ngrid-g3,187.00725124945126,37401.45024989025,3477.2315448540667,6639.172605767277
cs-77730,es-g2-boston,164.57294213087368,32914.588426174734,18797.376676530857,21244.1008450329
cs-77731,ngrid-g3,185.87856543664302,37175.7130873286,3646.2034118897213,5445.784179166071
cs-77731,es-g2-boston,172.93116729796665,34586.23345959333,16956.251225373242,17425.482835314622
cs-77732,ngrid-g3,114.05021533647194,22810.043067294388,3037.1827241481346,4623.998925976388
cs-77732,es-g2-boston,104.73776299222146,20947.552598444294,13613.486339857134,14813.97424678709
cs-77733,ngrid-g3,184.21901136432714,36843.80227286543,4163.102524060532,5850.231709823209
cs-77733,es-g2-boston,169.95127666394507,33990.25533278901,19378.656831638225,19378.656831509434
cs-77734,ngrid-g3,184.54093510490702,36908.18702098141,4003.357333088997,5202.310912700888
cs-77734,es-g2-boston,175.23986962441458,35047.973924882914,16646.414277811004,16646.41427768098
cs-77735,ngrid-g3,105.1892283170201,21037.84566340402,3321.5458115552065,4311.010002698214
cs-77735,es-g2-boston,101.37204406522666,20274.40881304533,12255.31162062343,14485.379415407218
cs-77736,ngrid-g3,109.09884786714909,21819.769573429818,4075.313250084532,4967.596230026524
cs-77736,es-g2-boston,100.97983900391266,20195.96780078253,15968.354963507947,16037.555877608242
cs-78721,ngrid-g3,189.88774022094418,37977.548044188836,8625.172958005856,10480.44701185597
cs-78721,es-g2-boston,174.8000769488187,34960.01538976374,31864.546475563984,33715.97642375925
cs-78722,ngrid-g3,188.90354466845324,37780.70893369065,2035.1872651521908,3960.127649429191
cs-78722,es-g2-boston,174.38863180983145,34877.72636196629,11799.841054020795,13215.984175908608
cs-78723,ngrid-g3,186.12764529378302,37225.529058756605,3898.592283705813,6885.50160028713
cs-78723,es-g2-boston,171.84841060376692,34369.68212075339,22748.687400795006,23915.968732249952
cs-78724,ngrid-g3,190.28987130728143,38057.974261456286,1669.3594953203146,3213.0050648974366
cs-78724,es-g2-boston,175.5809156847854,35116.18313695708,10330.793954412811,11523.783203697933
cs-78725,ngrid-g3,191.4243261927421,38284.86523854842,6192.104556242579,8449.1379904624
cs-78725,es-g2-boston,173.1644234721832,34632.88469443664,21794.52397786667,25001.344287614036
cs-78726,ngrid-g3,192.3592049474953,38471.84098949906,2390.650865405485,4322.736315736682
cs-78726,es-g2-boston,176.75702429896813,35351.40485979363,11973.2434486042,13895.665801729714
cs-78727,ngrid-g3,189.97810901271828,37995.621802543654,2291.573909044455,3739.5475973252846
cs-78727,es-g2-boston,172.59654491321342,34519.30898264269,12393.526064818236,12535.87497770094
cs-78728,ngrid-g3,189.195506319478,37839.1012638956,2919.211228376017,5268.422742721203
cs-78728,es-g2-boston,168.74067236252424,33748.13447250485,15968.079822455753,16857.95967157256
cs-78729,ngrid-g3,190.71021406105763,38142.042812211526,4266.528268330915,6870.364583448363
cs-78729,es-g2-boston,173.6563474382967,34731.26948765934,19230.81261773833,21983.871593597738
cs-78730,ngrid-g3,192.18823948308233,38437.647896616465,1088.4181382993481,3127.4375214487127
cs-78730,es-g2-boston,179.72094357188476,35944.18871437695,7132.950033998257,11047.317023763877
cs-78731,ngrid-g3,185.0220309651225,37004.4061930245,2350.1676091206323,4875.453222806188
cs-78731,es-g2-boston,172.30603592055144,34461.20718411029,11551.49912396829,15844.672968116049
cs-78732,ngrid-g3,191.33189611765707,38266.37922353141,4540.827661949265,7559.843477884045
cs-78732,es-g2-boston,175.50108815503825,35100.21763100765,19425.498597828722,24190.074088045556
cs-78805,ngrid-g3,142.56096168254368,28512.192336508735,680.61764873038,3049.8167958018075
cs-78805,es-g2-boston,131.08621316099845,26217.24263219969,5642.232678635664,10643.190431996714
cs-78806,ngrid-g3,124.75308720701224,24950.61744140245,1060.8756451396728,3118.102949284679
cs-78806,es-g2-boston,112.95311645517089,22590.62329103418,6843.769076699805,10592.693836414168
cs-78809,ngrid-g3,115.31894881822848,23063.789763645695,1062.0632053733166,2759.1379892137466
cs-78809,es-g2-boston,105.63134166607547,21126.268333215095,6175.716814421882,9124.695010443076
cs-78810,ngrid-g3,128.29592679423882,25659.185358847764,751.0547803000029,2604.2501278228465
cs-78810,es-g2-boston,117.66662770324322,23533.325540648646,5195.414853837406,8870.301681887413
cs-78812,ngrid-g3,75.15026759722875,15030.05351944575,2157.455273381655,3626.9809920030016
cs-78812,es-g2-boston,65.34998867531452,13069.997735062903,10945.914082782152,12892.191622713483
cs-78813,ngrid-g3,109.95741996874386,21991.483993748774,1575.776838299124,3624.3048816347955
cs-78813,es-g2-boston,97.70571677095765,19541.14335419153,9202.766041444916,12596.945919386755
cs-78814,ngrid-g3,143.52402053707888,28704.804107415777,1215.4315728073818,3520.9376325118983
cs-78814,es-g2-boston,131.6836716642121,26336.73433284242,7362.720145615263,12160.77938793675
cs-78815,ngrid-g3,179.8892585166343,35977.85170332686,370.2224709920665,3595.436239238174
cs-78815,es-g2-boston,163.6158996617211,32723.17993234422,6763.5381808480015,11516.134946033295
cs-78816,ngrid-g3,85.59797812643507,17119.595625287013,2053.747733570149,3718.501426768539
cs-78816,es-g2-boston,75.41347478344812,15082.694956689626,10595.194944610985,12923.319822432608
cs-78865,ngrid-g3,166.48326345654309,33296.65269130862,1159.4017380895186,3644.8369076423833
cs-78865,es-g2-boston,153.7614448842777,30752.28897685554,7320.38315489933,12487.695652926519
cs-78869,ngrid-g3,120.0918762148435,24018.375242968697,1976.38660109406,4188.671989771829
cs-78869,es-g2-boston,107.50677698187495,21501.35539637499,11763.745187306726,14681.035659881141
cs-78870,ngrid-g3,170.99890649677937,34199.78129935588,1429.8132957461469,4793.25127494963
cs-78870,es-g2-boston,152.24178241135687,30448.356482271374,10054.313959970561,15337.500545196981
cs-79129,ngrid-g3,185.04360645250694,37008.72129050139,1483.4339833823176,3980.5077969874797
cs-79129,es-g2-boston,164.52954915617946,32905.90983123589,10479.87667885158,12736.87461901272
cs-79135,ngrid-g3,163.55331734391845,32710.66346878369,1566.4955249023437,3565.5252457945408
cs-79135,es-g2-boston,149.19798222587232,29839.596445174466,9345.559975089469,11525.31971551488
cs-79137,ngrid-g3,188.67373451491687,37734.746902983374,1608.424941823866,3993.971047105899
cs-79137,es-g2-boston,168.64189856487752,33728.379712975504,11831.065030544476,12837.107880101072
cs-79138,ngrid-g3,164.60228946038458,32920.45789207692,2365.944726147256,4655.235689030711
cs-79138,es-g2-boston,149.63147812207302,29926.295624414604,12600.74249973727,16275.693727404281
cs-79139,ngrid-g3,188.48766056796825,37697.53211359365,1454.6720045156221,4138.626082572087
cs-79139,es-g2-boston,168.50165901389312,33700.33180277862,10943.753724997468,13242.82332736309
cs-79141,ngrid-g3,187.6738875233384,37534.77750466768,3354.6784593024868,6820.424582472653
cs-79141,es-g2-boston,175.08144624668716,35016.28924933743,23562.414155543127,23794.704263994703
cs-79142,ngrid-g3,191.5251817322913,38305.036346458255,1244.223865345111,3496.185813162374
cs-79142,es-g2-boston,183.11698811131228,36623.397622262455,8607.307290698214,12617.462088707029
cs-79143,ngrid-g3,191.42290948240952,38284.581896481905,3946.973953861822,6172.318534672286
cs-79143,es-g2-boston,177.1922506772439,35438.45013544878,19819.45517143226,23826.045166289055
cs-79145,ngrid-g3,191.2411998863402,38248.239977268044,2378.1135942609944,4829.635774434097
cs-79145,es-g2-boston,174.16744925971233,34833.48985194247,12308.547850321458,16547.760164296906
cs-79146,ngrid-g3,186.43341686818798,37286.68337363759,4747.556998748095,7376.855239604655
cs-79146,es-g2-boston,166.3028040619211,33260.560812384225,23256.101917243133,23604.54621909313
cs-79148,ngrid-g3,190.72498249523744,38144.99649904749,1484.5310118421398,5289.268568803753
cs-79148,es-g2-boston,172.12078828750546,34424.15765750109,11015.734094706611,17035.799391828717
cs-79149,ngrid-g3,183.77027610055228,36754.05522011046,5821.239128206251,7590.909748349053
cs-79149,es-g2-boston,186.3746471615311,37274.92943230622,32926.6760628809,32926.67606284961
cs-79150,ngrid-g3,191.51534735970432,38303.069471940864,3701.8374692217385,7109.709993425226
cs-79150,es-g2-boston,174.4509940739496,34890.19881478992,18133.822367967176,22890.985021540695
cs-79152,ngrid-g3,188.8838525723119,37776.770514462376,2520.76103392806,6491.994476893824
cs-79152,es-g2-boston,173.88141937915205,34776.28387583041,25662.123656103908,26350.41573094235
cs-79453,ngrid-g3,183.22252541887232,36644.505083774464,2149.534167253416,5127.3291418136705
cs-79453,es-g2-boston,165.07241333604736,33014.48266720947,12289.052258609854,16406.4867450117
cs-79454,ngrid-g3,146.18692924154007,29237.385848308015,3035.770575666544,5051.502147354209
cs-79454,es-g2-boston,130.26538239315568,26053.076478631134,15882.75356022153,18479.9583867908
cs-79455,ngrid-g3,189.51297898296338,37902.59579659267,4162.143110538229,5792.698856751616
cs-79455,es-g2-boston,174.75005955578635,34950.01191115727,18819.33754814214,18864.724169164143
cs-79456,ngrid-g3,185.10340534345602,37020.68106869121,1266.200512361546,3190.609371528324
cs-79456,es-g2-boston,171.08791140370715,34217.58228074143,8765.910429924888,10811.504283225007
cs-79457,ngrid-g3,188.0180063268934,37603.60126537868,1000.8608342760245,3493.8586386643747
cs-79457,es-g2-boston,169.68666542160574,33937.333084321144,9353.583409831008,11323.202309792
cs-79458,ngrid-g3,175.10593601436014,35021.187202872024,2575.7475486244916,4986.179903331029
cs-79458,es-g2-boston,159.28848395439425,31857.69679087885,13246.76398855668,16136.287379156922
cs-79459,ngrid-g3,189.95559255442745,37991.11851088549,1209.3878736760728,4379.775645224152
cs-79459,es-g2-boston,169.02475498919816,33804.95099783963,9955.035775659684,14014.456470816207
cs-79460,ngrid-g3,189.47698752302756,37895.39750460551,5393.474222396849,6355.855129432259
cs-79460,es-g2-boston,182.91211709796508,36582.42341959302,20337.538326633276,20337.538326505673
cs-79461,ngrid-g3,183.32247792116175,36664.49558423235,1262.0968655395502,3473.238682596089
cs-79461,es-g2-boston,168.2833608247875,33656.672164957505,8819.79327255271,11188.869067928103
cs-79462,ngrid-g3,186.74531694161632,37349.063388323266,1730.396841430664,3653.885932790803
cs-79462,es-g2-boston,170.65907349837795,34131.81469967559,10974.321423236583,11953.616953017463
cs-79463,ngrid-g3,188.07855236003866,37615.71047200773,2019.5827503159635,4581.564969342546
cs-79463,es-g2-boston,166.38928953671822,33277.85790734364,14132.313466235399,14660.144270422192
cs-79464,ngrid-g3,188.75819904899848,37751.63980979969,2459.9121290033645,5234.059840298779
cs-79464,es-g2-boston,167.6136784740906,33522.73569481812,16085.388796378953,16748.00486127649
cs-79837,ngrid-g3,180.9235469653097,36184.70939306194,1844.6368586785015,3789.5178893311413
cs-79837,es-g2-boston,167.72877135236908,33545.754270473815,10069.284421631388,12125.742916380044
cs-79838,ngrid-g3,188.59177882026069,37718.35576405214,5255.8437501359385,5844.088563743566
cs-79838,es-g2-boston,182.81158244253515,36562.31648850703,19977.03912731366,19977.03912718668
cs-79839,ngrid-g3,178.01758471543448,35603.5169430869,2058.9523428656676,4570.148147569252
cs-79839,es-g2-boston,165.34695744640288,33069.39148928058,10636.74846443525,15498.116354607095
cs-79840,ngrid-g3,190.1379380857311,38027.587617146215,6446.692386617389,6750.699102176586
cs-79840,es-g2-boston,186.92205154596462,37384.41030919292,24105.36127749669,24105.361277371376
cs-79841,ngrid-g3,181.42205968481423,36284.411936962846,1677.7839285681725,4222.470700733169
cs-79841,es-g2-boston,167.05589114864173,33411.17822972835,10542.21963337157,13603.363138846582
cs-79842,ngrid-g3,122.35564156562148,24471.128313124296,3319.9786469169558,5211.5101608084005
cs-79842,es-g2-boston,107.6245676883636,21524.91353767272,17394.317860005776,18923.11784979541
cs-79843,ngrid-g3,180.9482107950836,36189.64215901672,1305.8563560325372,4031.0046286061015
cs-79843,es-g2-boston,164.19188825848602,32838.37765169721,9049.23215348084,12918.225617389331
cs-79844,ngrid-g3,113.61874150851415,22723.748301702828,3852.02500655151,5109.432924531324
cs-79844,es-g2-boston,102.6107473386965,20522.1494677393,18189.96379959694,19280.035202459625
cs-79845,ngrid-g3,134.98077752555923,26996.15550511185,4088.4548076164488,5756.68493151489
cs-79845,es-g2-boston,125.35840695279575,25071.681390559148,15903.803629416838,19021.468715440045
cs-79846,ngrid-g3,188.68875999978013,37737.751999956025,2247.3588403018007,4639.9867422233465
cs-79846,es-g2-boston,175.28860880293217,35057.721760586435,11799.817356131804,15340.881456535637
cs-79847,ngrid-g3,183.76405686727452,36752.811373454904,7932.094686014991,8101.638657655397
cs-79847,es-g2-boston,182.82342695960045,36564.68539192009,25923.716534283016,25923.716534156527
cs-79848,ngrid-g3,167.6825693997244,33536.51387994488,2906.714501385408,5073.718525425536
cs-79848,es-g2-boston,153.22800196706424,30645.60039341285,15024.291029978885,18919.62143045846
cs-81458,ngrid-g3,184.20397628982573,36840.79525796515,6062.694430995722,10230.891370905318
cs-81458,es-g2-boston,160.2481534932374,32049.63069864748,27120.290733663867,32736.923849409577
cs-81462,ngrid-g3,190.78745416772838,38157.49083354568,2174.853605983044,5759.92412891218
cs-81462,es-g2-boston,172.38899027376502,34477.798054753,13312.907692013216,18430.671458677523
cs-81468,ngrid-g3,188.8346922098949,37766.938441978986,4457.076512030965,6674.309564074699
cs-81468,es-g2-boston,167.82919931771036,33565.839863542074,20136.39346886452,21356.532488250334
cs-81961,ngrid-g3,101.71711360882892,20343.422721765786,2711.107002633161,4502.955292631169
cs-81961,es-g2-boston,91.46661185616225,18293.32237123245,13237.20589167727,14408.608122980982
cs-81962,ngrid-g3,185.34986240034996,37069.97248006999,3137.300932686584,4671.873748350286
cs-81962,es-g2-boston,173.41551568694155,34683.10313738831,14531.72906879598,14949.115339914444
cs-81963,ngrid-g3,156.65715322797064,31331.430645594126,3254.2107957102808,5094.855382849755
cs-81963,es-g2-boston,138.044815196169,27608.9630392338,16302.576837806475,16302.576837676646
cs-81964,ngrid-g3,181.38594459109103,36277.188918218206,6105.850488058635,6529.034404633562
cs-81964,es-g2-boston,179.00262057398328,35800.52411479666,20891.679362739887,20891.679362611634
cs-81965,ngrid-g3,177.25882727549367,35451.765455098735,3842.5224612849497,5342.944677158459
cs-81965,es-g2-boston,162.82628228922036,32565.256457844072,16665.13325502515,17096.41581428178
cs-81966,ngrid-g3,179.46058102865942,35892.11620573189,5873.32579279625,7162.296724802379
cs-81966,es-g2-boston,173.0942155227495,34618.8431045499,21428.762183123006,22917.99941630922
cs-81967,ngrid-g3,101.82782446676026,20365.564893352053,4507.235902671231,5151.426018986007
cs-81967,es-g2-boston,96.00260025427572,19200.520050855142,16483.59220979732,16483.592209667764
cs-81968,ngrid-g3,182.43497800680075,36486.99560136015,5563.958263954021,6950.785295908262
cs-81968,es-g2-boston,172.1485343945308,34429.70687890616,22241.202714179824,22241.20271405142
cs-81969,ngrid-g3,103.34995949012983,20669.991898025968,6350.201778878293,7169.700475989232
cs-81969,es-g2-boston,98.68877818461127,19737.755636922255,22941.69002458574,22941.69002448958
cs-81970,ngrid-g3,177.89980992011908,35579.961984023816,3569.107720988692,5221.742395825557
cs-81970,es-g2-boston,165.90952699128306,33181.90539825661,16683.034542943882,16724.46097158022
cs-81971,ngrid-g3,187.11442825058953,37422.8856501179,5401.912237394376,6848.74134981841
cs-81971,es-g2-boston,178.45071186639504,35690.142373279006,21914.681322120276,21914.681321991993
cs-81972,ngrid-g3,178.6379605620485,35727.5921124097,6307.946581377651,7505.313350388926
cs-81972,es-g2-boston,169.25454947680805,33850.90989536161,24015.58795919474,24015.5879590673
cs-82105,ngrid-g3,69.90726605294242,13981.453210588483,1724.7679577767237,2702.0045594885437
cs-82105,es-g2-boston,64.61874849515046,12923.749699030092,7513.074311537314,9299.47433954978
cs-82106,ngrid-g3,190.15344088645722,38030.68817729144,1666.3317511584671,4602.855192461764
cs-82106,es-g2-boston,175.83946348045203,35167.89269609041,9750.753424128421,14890.005039188378
cs-82107,ngrid-g3,189.23061662446938,37846.12332489387,866.5440512440379,3652.6402040063776
cs-82107,es-g2-boston,169.0676205902996,33813.524118059926,8129.29322190347,11739.591946922956
cs-82108,ngrid-g3,131.89271818433733,26378.543636867464,585.1920516903515,2311.390491756123
cs-82108,es-g2-boston,123.80801160105614,24761.602320211226,4019.4071124619886,8039.304084180429
cs-82109,ngrid-g3,176.03062571665754,35206.125143331505,311.1336766823217,1977.9939724131877
cs-82109,es-g2-boston,165.48031019115675,33096.06203823135,3609.3374112194915,7891.034057744839
cs-82110,ngrid-g3,97.7397695723034,19547.95391446068,2307.2374340316082,3870.9825470876813
cs-82110,es-g2-boston,88.88923452586485,17777.84690517297,10831.077656688316,14171.896947558736
cs-82111,ngrid-g3,58.92631656782968,11785.263313565936,1943.3326592859783,2961.781034790289
cs-82111,es-g2-boston,53.77487846822592,10754.975693645185,8551.392114694383,10414.534783778357
cs-82113,ngrid-g3,103.33863837741856,20667.72767548371,1482.9138653160312,2823.16281805919
cs-82113,es-g2-boston,98.20008485831717,19640.016971663434,6268.206271006828,9162.23097639625
cs-82114,ngrid-g3,150.85787221006063,30171.574442012126,524.9693114364557,2456.4827304813743
cs-82114,es-g2-boston,141.47002954065678,28294.005908131356,4036.1258684753834,8347.281287745112
cs-82115,ngrid-g3,132.61185760489002,26522.371520978006,531.1836662883717,1883.8651047208466
cs-82115,es-g2-boston,126.37079190715643,25274.158381431287,3574.5533884167835,7814.818027623994
cs-82116,ngrid-g3,142.1149335667383,28422.986713347662,548.9815225984946,2114.4897462661347
cs-82116,es-g2-boston,133.00371456177098,26600.742912354195,4368.989883984313,8199.906883833792
cs-84510,ngrid-g3,71.31857201835525,14263.71440367105,1538.531781463842,2352.1557710635957
cs-84510,es-g2-boston,64.90947358849606,12981.894717699211,7548.142180469136,7976.667885888308
cs-85309,ngrid-g3,183.38309461803868,36676.61892360773,4642.741466064453,5848.999324388897
cs-85309,es-g2-boston,173.59839876439648,34719.679752879296,18878.05536653039,18878.055366400815
cs-85310,ngrid-g3,188.02640455878637,37605.280911757276,4343.417553127243,5789.333375031806
cs-85310,es-g2-boston,178.63338314195374,35726.67662839075,17116.355624061547,18524.775502575856
cs-85311,ngrid-g3,163.4125465698653,32682.50931397306,1546.2933418569603,3648.029185201479
cs-85311,es-g2-boston,150.62056660630003,30124.113321260007,8450.98744160602,11725.304849631962
cs-85312,ngrid-g3,76.66611617985033,15333.223235970067,3340.2811893959256,4403.644566591482
cs-85312,es-g2-boston,68.22172779181221,13644.345558362442,14458.556074280183,14458.55607415007
cs-85313,ngrid-g3,118.40982246998571,23681.964493997144,1876.3942036921374,3819.338674708646
cs-85313,es-g2-boston,101.73845994300379,20347.691988600756,11667.683920740858,13381.172815957509
cs-85314,ngrid-g3,105.44032881241444,21088.065762482885,3339.9599198744972,4536.387268668672
cs-85314,es-g2-boston,97.19634481386787,19439.268962773574,14011.654996921538,14561.001019243451
cs-85315,ngrid-g3,139.18437711439225,27836.87542287845,6063.437486754754,7434.78866373135
cs-85315,es-g2-boston,128.19965948722742,25639.931897445484,23325.327711440175,23789.9222557662
cs-85316,ngrid-g3,186.5555532264676,37311.11064529352,2128.8781834539996,4229.737795490157
cs-85316,es-g2-boston,171.6540935471964,34330.81870943928,11607.655541905826,13539.045342447484
cs-85317,ngrid-g3,121.25269019974273,24250.538039948548,3892.045463737741,5060.562106958814
cs-85317,es-g2-boston,111.11075516718294,22222.15103343659,16054.22013245042,16231.42428162708
cs-85318,ngrid-g3,164.67123083558099,32934.246167116195,3020.945072856429,4661.3494431920835
cs-85318,es-g2-boston,150.01524530310303,30003.049060620608,14254.836880269077,15351.75443739325
cs-87457,ngrid-g3,141.77630726558132,28355.261453116265,1350.024807514796,3664.7737516139214
cs-87457,es-g2-boston,128.5563916470647,25711.278329412937,8512.339319227414,12549.696148782095
cs-87458,ngrid-g3,143.27108556765648,28654.217113531296,3419.7323851131914,5221.833196506997
cs-87458,es-g2-boston,126.3883268049238,25277.66536098476,16546.38637361677,18165.47313720612
cs-87459,ngrid-g3,109.91670945712497,21983.341891424992,5256.268956398094,6288.687317678099
cs-87459,es-g2-boston,98.32544281034995,19665.088562069992,23039.148100302522,23899.10185597301
cs-87460,ngrid-g3,186.63609625344992,37327.21925068998,4084.513413209939,6754.872485099978
cs-87460,es-g2-boston,169.7927219590016,33958.54439180032,19027.773081745392,21614.31864930672
cs-87461,ngrid-g3,178.06283455359207,35612.566910718415,1623.9734561554596,4236.373186735344
cs-87461,es-g2-boston,161.25911983914062,32251.823967828124,10162.767391734635,13772.64717028873
cs-87462,ngrid-g3,128.57229986834383,25714.459973668767,6698.984504204804,7683.902840684957
cs-87462,es-g2-boston,116.18377666137151,23236.7553322743,28617.505555004453,29670.01543044219
cs-87463,ngrid-g3,125.04308912054213,25008.617824108427,3371.2910375794922,5282.74982018138
cs-87463,es-g2-boston,108.34871087085256,21669.74217417051,16867.22907031302,18432.12227955523
cs-87464,ngrid-g3,181.59678176029982,36319.356352059964,1636.0270906725582,4603.820690880364
cs-87464,es-g2-boston,159.71570689763792,31943.141379527584,11825.984353249922,14731.358384108235
cs-87466,ngrid-g3,174.90829610154086,34981.659220308175,1326.374978679267,3653.550424772224
cs-87466,es-g2-boston,156.37839766410093,31275.679532820184,10349.719543224024,11772.455082589378
cs-87467,ngrid-g3,173.28150232737255,34656.30046547451,1413.2767940772608,4241.802513562496
cs-87467,es-g2-boston,153.03964237457947,30607.928474915894,10293.225359479116,13572.968457629288
cs-87468,ngrid-g3,169.9865878417315,33997.3175683463,2043.2066182949184,4239.467954474254
cs-87468,es-g2-boston,155.22794896513855,31045.58979302771,10531.985334374984,14241.509329043789
cs-89989,ngrid-g3,183.3551355989748,36671.02711979496,7520.11722097849,9282.774032957164
cs-89989,es-g2-boston,170.68489770218576,34136.979540437154,28722.52824805712,29703.1270894341
cs-89993,ngrid-g3,184.1896064524717,36837.92129049434,4233.794074349949,5821.602587003386
cs-89993,es-g2-boston,172.32721967577095,34465.44393515419,18628.030898220342,18628.030898092835
cs-89995,ngrid-g3,186.65675719165466,37331.35143833093,6915.379390092054,9392.263862669404
cs-89995,es-g2-boston,168.49591540618724,33699.18308123745,28017.85493825374,30053.473905525574
cs-93143,ngrid-g3,184.74050117592083,36948.10023518417,5445.34812737807,6870.035921687232
cs-93143,es-g2-boston,177.11460057427584,35422.920114855166,22757.57177738726,22757.571777258476
cs-9361,ngrid-g3,96.66602760138252,19333.205520276504,1900.717328757993,2885.3039078729844
cs-9361,es-g2-boston,91.2377857818177,18247.557156363542,7727.275809743491,9466.978687343664
cs-9363,ngrid-g3,112.42628922000551,22485.257844001102,1457.5622975009442,2595.4955675009337
cs-9363,es-g2-boston,100.72161538128466,20144.323076256933,8602.052646667726,9988.508750211855
cs-94811,ngrid-g3,191.28801717122582,38257.60343424516,2740.7217414101046,5470.1792723458075
cs-94811,es-g2-boston,166.9593519925896,33391.87039851792,17302.721379290324,17503.542534980224
cs-97214,ngrid-g3,184.64617492192644,36929.234984385286,1313.2568255313706,3878.0733623623605
cs-97214,es-g2-boston,171.18468482786787,34236.93696557357,7813.264469772577,12650.626559041199
cs-97645,ngrid-g3,190.83783068434946,38167.56613686989,2389.4352495815183,4606.000301218044
cs-97645,es-g2-boston,174.9299641934473,34985.99283868946,13445.150015177396,15126.501946812761
cs-97647,ngrid-g3,186.47206508398548,37294.413016797094,4633.344626308828,6725.316851936028
cs-97647,es-g2-boston,173.90295842490656,34780.591684981315,15659.926914594762,16292.264443261181
cs-97648,ngrid-g3,189.7304415085836,37946.08830171672,2366.4659860654324,4506.552630927548
cs-97648,es-g2-boston,176.85356763701137,35370.71352740227,13674.691934514736,16484.49995538632
cs-97649,ngrid-g3,191.08824613742792,38217.649227485585,1723.7497207656088,5108.115260227587
cs-97649,es-g2-boston,183.2470867697842,36649.417353956844,13191.357336007559,16254.30889335306
cs-97651,ngrid-g3,192.82147392972615,38564.29478594523,2075.0589093441554,4502.837706328209
cs-97651,es-g2-boston,178.16816937538835,35633.63387507767,11700.256158884233,15362.675308033116
cs-97652,ngrid-g3,186.56589002797998,37313.178005596,3651.8965573563187,5146.923338183008
cs-97652,es-g2-boston,178.2357089772051,35647.14179544102,17925.916307454063,17925.91630732458
cs-97656,ngrid-g3,188.130400577178,37626.0801154356,4240.719095711864,7059.119175390575
cs-97656,es-g2-boston,175.65912607768325,35131.82521553665,17023.098135707427,22966.92385884931
cs-97792,ngrid-g3,167.4773954274267,33495.47908548534,702.7460350488859,3207.719748727619
cs-97792,es-g2-boston,154.45514965918017,30891.029931836034,5809.1922060250745,10886.345764301546
cs-98137,ngrid-g3,147.47339915170645,29494.67983034129,3435.278229997277,5640.50333439626
cs-98137,es-g2-boston,130.68653997885346,26137.30799577069,17033.24909534705,18581.05199326807
cs-98139,ngrid-g3,107.93912638259488,21587.825276518975,2426.104867441138,4181.114728968492
cs-98139,es-g2-boston,93.59863219217736,18719.72643843547,12692.327025102994,13852.201832695615
cs-98140,ngrid-g3,96.8196204336821,19363.92408673642,3000.937719618334,4753.36648963553
cs-98140,es-g2-boston,82.62023156459502,16524.046312919003,14031.405812513847,15417.900984550644
cs-98141,ngrid-g3,108.86365160200691,21772.73032040138,1805.5194291848175,3696.354555943627
cs-98141,es-g2-boston,95.32080651043718,19064.161302087436,10021.834257781407,12351.991213266636
cs-98142,ngrid-g3,92.3392750060786,18467.855001215717,2602.041673905024,4350.230795689483
cs-98142,es-g2-boston,76.0143637049661,15202.87274099322,13754.828831466031,14455.445643050283
cs-98143,ngrid-g3,66.75847849054422,13351.695698108844,3668.5953974846884,4819.386937354178
cs-98143,es-g2-boston,57.2937516360599,11458.750327211981,14738.076095716904,15959.796382821345
cs-98144,ngrid-g3,86.63507839231951,17327.015678463904,1916.314698531805,3279.094605530543
cs-98144,es-g2-boston,74.28484697631527,14856.969395263053,9741.21341400362,11104.399906597904
cs-98145,ngrid-g3,124.11766221862871,24823.53244372574,2072.7611218665484,3994.36414503558
cs-98145,es-g2-boston,114.0575653694442,22811.51307388884,9380.673052686001,12120.83996660593
cs-98147,ngrid-g3,60.31391306481784,12062.782612963569,2529.8550220615325,3676.849087505858
cs-98147,es-g2-boston,50.78679372018897,10157.358744037794,12023.751194693756,12706.55440535751
cs-98148,ngrid-g3,115.08832146533508,23017.664293067017,1630.6328716797063,3316.8972580411205
cs-98148,es-g2-boston,103.62881898002544,20725.76379600509,9133.255537396275,10700.399980936598
