site_id,source,label,btype,utility,year,start,n,peak_kw,mean_kw,annual_mwh,load_factor,repairs,ngrid-g3:bill,ngrid-g3:demand_bill,ngrid-g3:savings,ngrid-g3:demand_savings,ngrid-g3:loss_cost,ngrid-g3:months_off,es-g2-boston:bill,es-g2-boston:demand_bill,es-g2-boston:savings,es-g2-boston:demand_savings,es-g2-boston:loss_cost,es-g2-boston:months_off
kit16-01,KIT industrial (metered),German industrial plant #1 (2016),Industrial (metered),,2016,2016-01-01,35136,391.0,66.73872950819673,586.233,0.1706872877447486,"{""missing_intervals"": 0, ""filled_by_median"": 0, ""dst_rows_dropped"": 4}",166200.5554875,39755.67,19057.21544580514,20087.838405109032,1030.622959303897,1.3759676354803836,235447.67649000004,127108.8,65297.972281269576,65614.58386939118,916.6115881216247,3.328024633993426
kit16-02,KIT industrial (metered),German industrial plant #2 (2016),Industrial (metered),,2016,2016-01-01,35136,1793.52001953125,720.3745969609919,6327.770459705353,0.4016540596793936,"{""missing_intervals"": 0, ""filled_by_median"": 0, ""dst_rows_dropped"": 4}",1534187.5270686445,210933.59055541988,26083.7793331992,26743.066238952728,659.2869057535427,0.20402026901916373,1827456.800047627,674336.6284973145,85004.49511286509,85574.17228045937,569.6771675943019,0.5581822461290448
kit16-03,KIT industrial (metered),German industrial plant #3 (2016),Industrial (metered),,2016,2016-01-01,35136,362.947998046875,23.04229203471829,202.40349323296547,0.0634864833494476,"{""missing_intervals"": 0, ""filled_by_median"": 0, ""dst_rows_dropped"": 4}",69077.312537454,22621.07182167053,10390.467216433564,10892.208160422731,501.7409439891717,1.8050153084574292,111045.47185190678,72383.16572532654,35615.206576656376,35482.306804741056,467.1002280846842,3.8487159520547154
kit16-04,KIT industrial (metered),German industrial plant #4 (2016),Industrial (metered),,2016,2016-01-01,35136,2797.60009765625,1921.360951007824,16877.234593652724,0.6867889919711847,"{""missing_intervals"": 0, ""filled_by_median"": 0, ""dst_rows_dropped"": 4}",3837788.087968588,324135.5,18002.56999219957,18272.226282579457,269.65629037987674,0.05629045558394651,4105336.8957857797,1037172.5000000002,60252.98388787941,60507.237078637016,254.25319075761945,0.17612094330108827
kit16-05,KIT industrial (metered),German industrial plant #5 (2016),Industrial (metered),,2016,2016-01-01,35136,120.31999969482422,43.594043686117416,382.93007973885534,0.3623175182570474,"{""missing_intervals"": 0, ""filled_by_median"": 0, ""dst_rows_dropped"": 4}",98496.73942829967,14419.41432876587,6381.120060275623,8137.464016438997,1756.343956163374,0.7774210716797262,115976.70514705864,46139.40777206421,25016.71359804277,26754.36317777401,1737.649579731249,2.5884556971665855
kit16-06,KIT industrial (metered),German industrial plant #6 (2016),Industrial (metered),,2016,2016-01-01,35136,105.95999908447266,27.304859964457556,239.84588992779516,0.2576902623667425,"{""missing_intervals"": 0, ""filled_by_median"": 0, ""dst_rows_dropped"": 4}",65140.46855200569,10907.50432876587,6223.595294634225,7682.310059259217,1458.7147646249914,1.146493803248997,78765.18217065686,34901.957772064205,22340.37245558134,23540.70873157307,1200.3362759917336,3.403591054815691
kit16-07,KIT industrial (metered),German industrial plant #7 (2016),Industrial (metered),,2016,2016-01-01,35136,1524.0040283203125,192.00677859595615,1686.587543186879,0.1259883668467578,"{""missing_intervals"": 0, ""filled_by_median"": 0, ""dst_rows_dropped"": 4}",547258.7920455053,189835.05510986326,27458.71078126856,29048.113188345793,1589.4024070772284,0.6021000195238965,918042.6288900073,607436.392175293,92404.40370741324,93783.59951753303,1379.1958101198234,1.2078446137404943
kit16-08,KIT industrial (metered),German industrial plant #8 (2016),Industrial (metered),,2016,2016-01-01,35136,1252.0,514.8471083788706,4522.417,0.4112197351268934,"{""missing_intervals"": 0, ""filled_by_median"": 0, ""dst_rows_dropped"": 4}",1088100.9444600004,142471.08,27803.10798024459,28174.567644166244,371.459663921647,0.30662347777715754,1276929.3580100003,451535.0,91555.86907667872,89382.04146112196,346.1723844431981,0.8604003205254369
kit16-09,KIT industrial (metered),German industrial plant #9 (2016),Industrial (metered),,2016,2016-01-01,35136,1136.0,310.09431921675775,2723.8685,0.2729703514232022,"{""missing_intervals"": 0, ""filled_by_median"": 0, ""dst_rows_dropped"": 4}",706944.9633449999,133558.67999999996,20040.143838695345,20595.77144349888,555.6276048035288,0.3401703647855051,926266.4488050002,427362.6,68162.47206458074,66125.977661045,483.50559646428883,0.8830608793292972
kit16-10,KIT industrial (metered),German industrial plant #10 (2016),Industrial (metered),,2016,2016-01-01,35136,174.9600067138672,63.550918705205014,558.2312699065209,0.3632311172069017,"{""missing_intervals"": 0, ""filled_by_median"": 0, ""dst_rows_dropped"": 4}",136790.4424276717,16296.96,6640.714833102413,8377.22756073606,1736.5127276336461,0.5825595457033813,154786.6265711808,52130.90414505005,27851.989686581255,28639.63121107774,1783.6415244964883,2.1592555096178
kit16-11,KIT industrial (metered),German industrial plant #11 (2016),Industrial (metered),,2016,2016-01-01,35136,4717.60009765625,1572.2652834686426,13810.778249988556,0.3332765073177269,"{""missing_intervals"": 0, ""filled_by_median"": 0, ""dst_rows_dropped"": 4}",3419414.4045578586,536159.3677832031,31261.498938825418,31419.156060913534,157.65712208813056,0.10970825494735892,4226793.579089563,1715283.0033691411,100308.64063268196,100440.32347044602,131.68283776406315,0.2847793877484448
kit16-12,KIT industrial (metered),German industrial plant #12 (2016),Industrial (metered),,2016,2016-01-01,35136,114.14800262451172,43.25785529260644,379.977000890255,0.3789628753724457,"{""missing_intervals"": 0, ""filled_by_median"": 0, ""dst_rows_dropped"": 4}",95193.05512793177,11786.012280197143,4749.442470954179,6307.302299600095,1557.8598286459182,0.5987128953352295,107014.24258826143,37713.017616653444,19804.172922762147,21409.050813534657,1604.8778907725036,2.2207331409848616
kit16-13,KIT industrial (metered),German industrial plant #13 (2016),Industrial (metered),,2016,2016-01-01,35136,3698.39990234375,1044.2655507674226,9172.82859794104,0.2823560400014208,"{""missing_intervals"": 0, ""filled_by_median"": 0, ""dst_rows_dropped"": 4}",2348064.8507470586,427557.53703613277,29123.958130646584,29410.200202872315,286.2420722257084,0.14884064954874066,3033287.1753842374,1363703.6,93821.36013431754,94085.10444874855,263.74431443096546,0.37116707272175575
kit16-14,KIT industrial (metered),German industrial plant #14 (2016),Industrial (metered),,2016,2016-01-01,35136,369.0,171.22258653503948,1504.019200123787,0.4640178496884539,"{""missing_intervals"": 0, ""filled_by_median"": 0, ""dst_rows_dropped"": 4}",362445.70553899655,44801.36157409667,11880.098679690433,13054.684740547767,1174.5860608573348,0.3933311444379816,418300.51731558534,143355.91191711428,42600.289164179434,43182.087052373376,1181.797888193938,1.2220961935470847
kit16-15,KIT industrial (metered),German industrial plant #15 (2016),Industrial (metered),,2016,2016-01-01,35136,2916.800048828125,2559.5642533328364,22483.212401275636,0.8775247567488165,"{""missing_intervals"": 0, ""filled_by_median"": 0, ""dst_rows_dropped"": 4}",5036138.780786218,356546.9311083985,10790.90119029081,11090.0987427631,299.197552472353,0.025712320474074433,5226700.517149856,1140882.969946289,36350.45697779447,36651.71842996092,301.2614521665382,0.08345714132697209
kit16-16,KIT industrial (metered),German industrial plant #16 (2016),Industrial (metered),,2016,2016-01-01,35136,102.81600189208984,33.479709158040826,294.08576524423063,0.3256274173467602,"{""missing_intervals"": 0, ""filled_by_median"": 0, ""dst_rows_dropped"": 4}",76665.73951452963,11140.754662017822,5217.197976377176,6546.44788554844,1329.2499091712616,0.8166147762086219,89313.43274721011,35604.04378242493,19323.850486758252,20495.06490063405,1171.2144138757958,2.5963194864250974
kit16-17,KIT industrial (metered),German industrial plant #17 (2016),Industrial (metered),,2016,2016-01-01,35136,73.26000213623047,6.783804643438206,59.5889399879612,0.0925990232818093,"{""missing_intervals"": 0, ""filled_by_median"": 0, ""dst_rows_dropped"": 4}",22835.951477559694,6190.298324718475,5349.5334752083245,6190.298324718475,840.7648495101504,2.8111113200420874,30667.862076570782,19526.681800556184,16463.697823650047,17108.14471089412,644.446887244073,6.442065423097527
kit16-18,KIT industrial (metered),German industrial plant #18 (2016),Industrial (metered),,2016,2016-01-01,35136,522.5999755859375,170.2585553324125,1495.5511500399114,0.3257913572259913,"{""missing_intervals"": 0, ""filled_by_median"": 0, ""dst_rows_dropped"": 4}",377657.9219942845,61508.291158142085,16447.519572578974,17521.502961165956,1073.983388586992,0.5226164297804263,468735.3279873872,195327.9277206421,54911.89569071382,55854.360760419004,942.4650697051802,1.4057885312760057
kit16-19,KIT industrial (metered),German industrial plant #19 (2016),Industrial (metered),,2016,2016-01-01,35136,43.65999984741211,12.007492030083537,105.47380999225378,0.2750227226763324,"{""missing_intervals"": 0, ""filled_by_median"": 0, ""dst_rows_dropped"": 4}",30514.647611423545,4353.919566001892,3353.3147665569795,4353.919566001892,1000.6047994449123,1.3187036504927385,33402.3826191063,13931.721891212466,10230.297809001982,10715.958349827979,485.66054082599567,3.675293918638083
kit16-20,KIT industrial (metered),German industrial plant #20 (2016),Industrial (metered),,2016,2016-01-01,35136,1422.0,723.3641279599271,6354.0305,0.5086948860477687,"{""missing_intervals"": 0, ""filled_by_median"": 0, ""dst_rows_dropped"": 4}",1492441.67611,165537.21999999997,26213.869234883357,26675.412872942135,461.54363805876346,0.21077301435223073,1687575.0566650005,529687.9,85160.22321465897,85555.24393006999,395.0207154109521,0.6055568755533988
kit17-01,KIT industrial (metered),German industrial plant #01 (2017),Industrial (metered),,2017,2017-01-01,35040,8.4399995803833,4.404887271805169,38.58681250101328,0.5219061008063607,"{""missing_intervals"": 100, ""filled_by_median"": 92, ""dst_rows_dropped"": 4}",13169.457650820337,940.523444738388,611.7973976273893,940.523444738388,328.72604711099916,0.5574693329205822,10320.507807120319,2991.8437338113786,1799.6773527341334,1956.384226352677,156.70687361854414,2.092545118556086
kit17-02,KIT industrial (metered),German industrial plant #02 (2017),Industrial (metered),,2017,2017-01-01,35040,8.449999809265137,4.371129258217707,38.29109230198711,0.51729341501581,"{""missing_intervals"": 100, ""filled_by_median"": 92, ""dst_rows_dropped"": 4}",13054.327948029453,884.5132669210435,541.1028037065147,884.5132669210435,343.41046321452836,0.497400836743827,10071.749041925663,2796.76705634594,1679.0843069018977,1768.3035223278575,89.21921542595999,2.0005474321241024
kit17-03,KIT industrial (metered),German industrial plant #03 (2017),Industrial (metered),,2017,2017-01-01,35040,8.9399995803833,1.4800505142761011,12.965242505058646,0.1655537565710539,"{""missing_intervals"": 100, ""filled_by_median"": 92, ""dst_rows_dropped"": 4}",7682.069902078672,781.7447931194305,652.8362538093944,781.7447931194305,128.90853931003642,1.0197817965172304,5160.174205754675,2482.5937338113786,2108.2121551546106,2127.7077838838927,19.4956287292824,4.902653447947968
kit17-04,KIT industrial (metered),German industrial plant #04 (2017),Industrial (metered),,2017,2017-01-01,35040,9.390000343322754,4.677109731066989,40.97148124414682,0.4980947348306425,"{""missing_intervals"": 100, ""filled_by_median"": 92, ""dst_rows_dropped"": 4}",13623.290503886086,899.9402068805695,563.5418563526508,899.9402068805695,336.39835052791864,0.49639272349824626,10636.608754495961,2875.0557642459867,1719.8200478880476,1785.6163068002284,65.7962589121808,1.9402650836370394
kit17-05,KIT industrial (metered),German industrial plant #05 (2017),Industrial (metered),,2017,2017-01-01,35040,9.824999809265137,2.007813809311536,17.588448969569058,0.2043576435918232,"{""missing_intervals"": 100, ""filled_by_median"": 92, ""dst_rows_dropped"": 4}",8980.20182964209,1115.6839278173445,931.5495961520471,1115.6839278173445,184.13433166529757,1.2448044449208213,7086.809402463671,3569.9782610177995,2874.670894578686,3049.031613502794,174.36071892410823,4.867641949415482
kit17-06,KIT industrial (metered),German industrial plant #06 (2017),Industrial (metered),,2017,2017-01-01,35040,10.29599952697754,6.781804708928958,59.40860925021768,0.6586834712996343,"{""missing_intervals"": 100, ""filled_by_median"": 92, ""dst_rows_dropped"": 4}",17789.77021701506,1232.340881662369,754.6945301708827,1232.340881662369,477.6463514914859,0.5090753984775276,14989.133528903443,3880.688691711426,2079.1247041543324,2278.5494229469896,199.4247187926568,1.664505583444303
kit17-07,KIT industrial (metered),German industrial plant #07 (2017),Industrial (metered),,2017,2017-01-01,35040,11.550000190734863,6.462179755819238,56.60869466097653,0.5594960735154832,"{""missing_intervals"": 100, ""filled_by_median"": 92, ""dst_rows_dropped"": 4}",17236.04414735136,1254.9295584678648,756.376389902553,1254.9295584678648,498.5531685653118,0.5266009184726654,14511.725532232944,3911.5491904258733,2175.315263936155,2412.639764432559,237.32450049640363,1.7988062900757762
kit17-08,KIT industrial (metered),German industrial plant #08 (2017),Industrial (metered),,2017,2017-01-01,35040,13.600000381469728,4.407033390502475,38.60561250080168,0.324046563741803,"{""missing_intervals"": 100, ""filled_by_median"": 92, ""dst_rows_dropped"": 4}",13686.689810109703,1447.1509548568727,1070.5341873892298,1447.1509548568727,376.61676746764226,0.9386060783800133,11955.21809374598,4623.141256475448,3267.7799835418346,3532.055396994388,264.2754134525531,3.2800204475579857
kit17-09,KIT industrial (metered),German industrial plant #09 (2017),Industrial (metered),,2017,2017-01-01,35040,15.017999649047852,5.962873115486648,52.23476849166304,0.3970484255447893,"{""missing_intervals"": 100, ""filled_by_median"": 92, ""dst_rows_dropped"": 4}",16899.87200085199,1826.914677085876,1351.7489411522615,1826.914677085876,475.165735933615,0.9598290030249563,15641.164020406324,5834.986496114731,4021.5767539038056,4301.651491900658,280.0747379968534,3.0853791305995144
kit17-10,KIT industrial (metered),German industrial plant #10 (2017),Industrial (metered),,2017,2017-01-01,35040,18.896499633789062,8.754464569728668,76.68910963082314,0.4632849860761885,"{""missing_intervals"": 100, ""filled_by_median"": 92, ""dst_rows_dropped"": 4}",21829.263056120733,1673.600158872604,1030.1899621260638,1673.600158872604,643.4101967465408,0.5663168524622498,19375.915000696168,5130.540929412843,2738.898584410873,3017.593705731351,278.695121320477,1.6962699832110941
kit17-11,KIT industrial (metered),German industrial plant #11 (2017),Industrial (metered),,2017,2017-01-01,35040,20.50200080871582,5.77010730577199,50.54613999856264,0.2814411802831946,"{""missing_intervals"": 100, ""filled_by_median"": 92, ""dst_rows_dropped"": 4}",17038.634516092374,2315.0489568805697,1840.0850581556037,2315.0489568805697,474.96389872496536,1.295938396766039,16875.176467509707,7375.535673570632,5556.380130096484,5852.752522955849,296.37239285936374,3.951162329444805
kit17-12,KIT industrial (metered),German industrial plant #12 (2017),Industrial (metered),,2017,2017-01-01,35040,20.8799991607666,4.503909674968111,39.45424875272065,0.215704495018895,"{""missing_intervals"": 100, ""filled_by_median"": 92, ""dst_rows_dropped"": 4}",14698.219230549426,2271.3887991905212,1811.1492328085626,2271.3887991905212,460.2395663819586,1.478668296668911,14754.145773491202,7268.015997409822,5791.104188822516,6081.798142233234,290.6939534107169,4.710082937551616
kit17-13,KIT industrial (metered),German industrial plant #13 (2017),Industrial (metered),,2017,2017-01-01,35040,22.170000076293945,4.799094862642286,42.04007099674642,0.2164679678000491,"{""missing_intervals"": 100, ""filled_by_median"": 92, ""dst_rows_dropped"": 4}",15296.419281573038,2337.5952169990537,1898.4741962141547,2337.5952169990537,439.12102078489886,1.4893479274599917,15401.787650203685,7446.2535621643065,5890.393779770226,6194.689428248046,304.2956484778186,4.589384489813292
kit17-14,KIT industrial (metered),German industrial plant #14 (2017),Industrial (metered),,2017,2017-01-01,35040,26.174999237060547,5.88176712394978,51.52428000580007,0.2247093522593853,"{""missing_intervals"": 100, ""filled_by_median"": 92, ""dst_rows_dropped"": 4}",17655.417677735444,2714.9398423099515,2136.320805535788,2714.9398423099515,578.619036774163,1.452010376325326,18364.498274846184,8687.295725393296,6733.253728053805,7125.872862420358,392.6191343665518,4.399741475503088
kit17-15,KIT industrial (metered),German industrial plant #15 (2017),Industrial (metered),,2017,2017-01-01,35040,26.774999618530273,3.070528339333492,26.89782825256139,0.1146789312074708,"{""missing_intervals"": 100, ""filled_by_median"": 92, ""dst_rows_dropped"": 4}",12916.431268376073,3106.0350630760195,2779.5978206496593,3106.0350630760195,326.43724242635966,2.5823831021701023,15138.971026942994,9932.208264255525,8730.029919287794,9046.436635453045,316.40671616525094,6.919912776437075
kit17-16,KIT industrial (metered),German industrial plant #16 (2017),Industrial (metered),,2017,2017-01-01,35040,28.780000686645508,6.573376710673785,57.58277998550236,0.2284008531564755,"{""missing_intervals"": 100, ""filled_by_median"": 92, ""dst_rows_dropped"": 4}",19235.80274076276,3034.8843490028376,2405.93006307984,3034.8843490028376,628.9542859229986,1.5009075080488816,20488.059887586936,9711.057836818696,7593.183407306327,8022.095798505504,428.91239119917634,4.44738063963204
kit17-17,KIT industrial (metered),German industrial plant #17 (2017),Industrial (metered),,2017,2017-01-01,35040,29.288000106811523,3.7537283658207343,32.882660484589636,0.1281660868659901,"{""missing_intervals"": 100, ""filled_by_median"": 92, ""dst_rows_dropped"": 4}",13997.760095351456,2944.0415867996217,2580.661266916779,2944.0415867996217,363.3803198828415,2.212349332468239,15582.89383317039,9289.704475402834,7899.729289442723,8245.878275309955,346.1489858672327,6.083385569342993
kit17-18,KIT industrial (metered),German industrial plant #18 (2017),Industrial (metered),,2017,2017-01-01,35040,31.0,7.488387557398102,65.59827500280738,0.2415608889483259,"{""missing_intervals"": 100, ""filled_by_median"": 92, ""dst_rows_dropped"": 4}",20548.486039503496,2693.8790364265437,2097.4233344618688,2693.8790364265437,596.4557019646746,1.224862988210229,20814.6149648668,8582.560103607178,6239.25900776564,6593.5107875121,354.25177974646033,3.5970450675913717
kit17-19,KIT industrial (metered),German industrial plant #19 (2017),Industrial (metered),,2017,2017-01-01,35040,41.125,10.898319777643913,95.46928125216068,0.2650047362345024,"{""missing_intervals"": 100, ""filled_by_median"": 92, ""dst_rows_dropped"": 4}",27228.646503181873,3169.4722338104243,2395.7719144214193,3169.4722338104243,773.7003193890062,1.055846201157941,27796.252323901135,10141.713698196412,6839.225694029994,7210.5433431399315,371.317649109935,2.9525817859190275
kit17-20,KIT industrial (metered),German industrial plant #20 (2017),Industrial (metered),,2017,2017-01-01,35040,45.25,16.6652325913242,145.9874375,0.3682924329574409,"{""missing_intervals"": 100, ""filled_by_median"": 92, ""dst_rows_dropped"": 4}",39876.501316874994,5275.8225,3844.45905367387,5249.191697933066,1404.7326442591968,1.156909636517274,43672.787029375,16847.6875,11023.96342643006,11763.449811167196,739.486384737133,3.029061576220955
kit17-21,KIT industrial (metered),German industrial plant #21 (2017),Industrial (metered),,2017,2017-01-01,35040,51.70000076293945,21.57756049972895,189.0194299776256,0.4173609319401901,"{""missing_intervals"": 100, ""filled_by_median"": 92, ""dst_rows_dropped"": 4}",48404.363660052375,4865.215491905213,3190.6604892556975,4865.215491905213,1674.5550026495148,0.7910015332495116,50204.469597936586,15567.772474098207,9268.01021878947,10002.694235340039,734.6840165505655,2.215263372288364
kit17-22,KIT industrial (metered),German industrial plant #22 (2017),Industrial (metered),,2017,2017-01-01,35040,52.099998474121094,5.093076483204484,44.61534999287129,0.0977557894888288,"{""missing_intervals"": 100, ""filled_by_median"": 92, ""dst_rows_dropped"": 4}",17305.01784518436,3801.5629716682433,3277.882191646624,3801.5629716682433,523.6807800216195,2.273016222904706,20587.309393549644,12164.28490934372,9936.627649965409,10360.51499395797,423.8873439925614,5.791894876605133
kit17-23,KIT industrial (metered),German industrial plant #23 (2017),Industrial (metered),,2017,2017-01-01,35040,59.900001525878906,12.365485153051273,108.32164994072916,0.2064354730894113,"{""missing_intervals"": 100, ""filled_by_median"": 92, ""dst_rows_dropped"": 4}",33715.790979331185,6931.5129919052115,5685.661700105275,6931.5129919052115,1245.8512917999387,2.0236197466964105,42167.16408783877,22179.53497409821,17501.68666426856,18380.303695391376,878.61703112282,4.980658398884208
kit17-24,KIT industrial (metered),German industrial plant #24 (2017),Industrial (metered),,2017,2017-01-01,35040,63.0,23.203032194091577,203.2585620202422,0.3683020983189139,"{""missing_intervals"": 100, ""filled_by_median"": 92, ""dst_rows_dropped"": 4}",53556.6802326946,7012.955378456116,4188.565288669717,5559.309031836926,1370.7437431672101,0.9384969950649187,59661.662022590666,22440.135259056093,13717.494954966645,14638.31293764577,920.8179826791252,2.759057221658874
kit17-25,KIT industrial (metered),German industrial plant #25 (2017),Industrial (metered),,2017,2017-01-01,35040,64.83699798583984,8.641699145494462,75.7012845145315,0.1332834556495317,"{""missing_intervals"": 100, ""filled_by_median"": 92, ""dst_rows_dropped"": 4}",26579.84715624513,6589.202556724547,5609.385454294799,6506.691066512303,897.3056122175046,2.532468492232168,34964.82558333367,20898.771405410767,16932.65834938916,17640.055750813903,707.397401424742,5.81132314555355
kit17-26,KIT industrial (metered),German industrial plant #26 (2017),Industrial (metered),,2017,2017-01-01,35040,72.73999786376953,17.72558971855058,155.27616593450307,0.2436842210491646,"{""missing_intervals"": 100, ""filled_by_median"": 92, ""dst_rows_dropped"": 4}",44427.76959910089,7873.680983810425,6051.693028191205,7508.286017118804,1456.5929889276003,1.6345703822990052,53609.83836064749,25098.555958557128,17833.977358432872,18822.13116360401,988.15380517114,3.9919487699535328
kit17-27,KIT industrial (metered),German industrial plant #27 (2017),Industrial (metered),,2017,2017-01-01,35040,81.40299987792969,35.792675024515965,313.54383321475984,0.4396972479907368,"{""missing_intervals"": 100, ""filled_by_median"": 92, ""dst_rows_dropped"": 4}",79005.15163219572,9522.177921295166,4961.3995283600325,6340.650850862994,1379.2513225029597,0.7535811666749376,87710.78644761966,30469.174404144287,17685.45859771842,18833.567434151286,1148.1088364328652,2.4196055213729135
kit17-28,KIT industrial (metered),German industrial plant #28 (2017),Industrial (metered),,2017,2017-01-01,35040,81.40299987792969,35.792675024515965,313.54383321475984,0.4396972479907368,"{""missing_intervals"": 100, ""filled_by_median"": 92, ""dst_rows_dropped"": 4}",79005.15163219572,9522.177921295166,4961.3995283600325,6340.650850862994,1379.2513225029597,0.7535811666749376,87710.78644761966,30469.174404144287,17685.45859771842,18833.567434151286,1148.1088364328652,2.4196055213729135
kit17-29,KIT industrial (metered),German industrial plant #29 (2017),Industrial (metered),,2017,2017-01-01,35040,115.0,44.35966038812786,388.590625,0.3857361772880683,"{""missing_intervals"": 100, ""filled_by_median"": 92, ""dst_rows_dropped"": 4}",99172.57715000001,13991.937499999996,5736.9293520995625,7300.414343882181,1563.4849917826205,0.6941752871972707,115627.93115625002,44763.075,22563.50363456002,24092.99074436485,1529.487109804827,2.341666420104281
kit17-30,KIT industrial (metered),German industrial plant #30 (2017),Industrial (metered),,2017,2017-01-01,35040,168.5,60.2777397260274,528.033,0.3577313930328035,"{""missing_intervals"": 100, ""filled_by_median"": 92, ""dst_rows_dropped"": 4}",133031.33540749998,18965.374999999996,8578.3274948011,9494.812313479599,916.4848186784957,0.7738021243061933,157791.55549,60617.725000000006,31992.613909135755,31927.084792527632,930.4708833918685,2.433028597236684
cs-100189,"NREL ComStock MA (simulated, AMY2018)",Outpatient · Plymouth County,Outpatient,National Grid,2018,2018-01-01,35040,437.9850769042969,139.8915232801002,1225.4487583837508,0.3193979216571974,"{""missing_intervals"": 0, ""filled_by_median"": 0, ""sqft"": 58000.0, ""weekday_hours"": 13.5, ""timezone"": ""EST -> America/New_York clock time"", ""tz_missing_filled"": 4}",302103.71155260387,42212.08477935791,7740.387699041348,8192.522839814344,452.1351407729926,0.30745948770749415,359446.6062725672,135070.71425628662,25868.11642562634,26275.607793416762,407.4913677904169,0.8635980746251019
cs-100191,"NREL ComStock MA (simulated, AMY2018)",Outpatient · Middlesex County,Outpatient,National Grid,2018,2018-01-01,35040,596.198486328125,116.00730801151224,1016.2241481676102,0.1945783336787377,"{""missing_intervals"": 0, ""filled_by_median"": 0, ""sqft"": 90000.0, ""weekday_hours"": 6.75, ""timezone"": ""EST -> America/New_York clock time"", ""tz_missing_filled"": 4}",267974.6723271066,51914.82001403809,14858.855389279575,15959.31738545675,1100.4619961771714,0.6653847661158931,352512.78404832334,166117.6380279541,50673.059101940424,51652.983906378664,979.9248044382475,1.724977750423736
cs-100194,"NREL ComStock MA (simulated, AMY2018)",Outpatient · Plymouth County,Outpatient,National Grid,2018,2018-01-01,35040,444.2078857421875,150.9094717015959,1321.965992316246,0.3397271335006911,"{""missing_intervals"": 0, ""filled_by_median"": 0, ""sqft"": 90000.0, ""weekday_hours"": 13.25, ""timezone"": ""EST -> America/New_York clock time"", ""tz_missing_filled"": 4}",321159.0046832059,41290.677610626226,8059.185605593004,8796.55705213221,737.371446539204,0.30112880491241983,373999.13718580897,132102.4727394104,27995.512552973934,28714.301479652248,718.7889266783168,0.8982538119300087
cs-100200,"NREL ComStock MA (simulated, AMY2018)",Outpatient · Barnstable County,Outpatient,Eversource,2018,2018-01-01,35040,363.8756103515625,85.33844241861884,747.5628787531853,0.2345264150465268,"{""missing_intervals"": 0, ""filled_by_median"": 0, ""sqft"": 58000.0, ""weekday_hours"": 8.25, ""timezone"": ""EST -> America/New_York clock time"", ""tz_missing_filled"": 4}",193602.32624585324,33499.133869934085,10856.199242297407,11788.47609869858,932.2768564011749,0.6728968263642402,244816.34383142128,107190.91374969482,37503.20841926498,37720.90137142478,817.6929521598031,1.8382698392925632
cs-11787,"NREL ComStock MA (simulated, AMY2018)",RetailStandalone · Barnstable County,RetailStandalone,Eversource,2018,2018-01-01,35040,301.5552062988281,54.82719503352631,480.27163135147094,0.1818147851149846,"{""missing_intervals"": 0, ""filled_by_median"": 0, ""sqft"": 10000.0, ""weekday_hours"": 12.75, ""timezone"": ""EST -> America/New_York clock time"", ""tz_missing_filled"": 4}",119942.19549839402,15800.071905593872,8032.99919513871,8967.93314136562,934.9339462269099,0.8036870589296093,138493.14687656725,49986.78781810761,26868.291813555872,26622.00844515179,749.7166315959184,2.3280538354004516
cs-12240,"NREL ComStock MA (simulated, AMY2018)",MediumOffice · Middlesex County,MediumOffice,Municipal/other,2018,2018-01-01,35040,322.12579345703125,196.606514402285,1722.271464094162,0.6103407997612292,"{""missing_intervals"": 0, ""filled_by_median"": 0, ""sqft"": 125000.0, ""weekday_hours"": 8.25, ""timezone"": ""EST -> America/New_York clock time"", ""tz_missing_filled"": 4}",399697.5259477908,36900.49788879394,6486.059465387287,8216.926989623196,1730.8675242359168,0.19472903516248954,432638.8671488741,118074.63744812013,25188.462299993487,26292.617464439918,1704.155164446427,0.6986463088530406
cs-12889,"NREL ComStock MA (simulated, AMY2018)",RetailStripmall · Middlesex County,RetailStripmall,Municipal/other,2018,2018-01-01,35040,339.7342529296875,121.08158309552223,1060.663350080967,0.3564008693600338,"{""missing_intervals"": 0, ""filled_by_median"": 0, ""sqft"": 58000.0, ""weekday_hours"": 12.0, ""timezone"": ""EST -> America/New_York clock time"", ""tz_missing_filled"": 4}",257977.04331265824,32772.191669158936,8548.06507365673,9667.820107309279,1119.7550336525492,0.39761980200525693,299329.1082037791,104864.83573684694,31761.993599281876,32306.264485862033,1144.2708865801687,1.2733272934214772
cs-12893,"NREL ComStock MA (simulated, AMY2018)",RetailStripmall · Bristol County,RetailStripmall,National Grid,2018,2018-01-01,35040,393.8570556640625,93.6296929456872,820.1971139330864,0.23772506192081,"{""missing_intervals"": 0, ""filled_by_median"": 0, ""sqft"": 58000.0, ""weekday_hours"": 6.5, ""timezone"": ""EST -> America/New_York clock time"", ""tz_missing_filled"": 4}",209381.56474124917,34302.19394882202,11320.30731804265,12663.598150357835,1343.290832315186,0.6487853311459658,260570.75450954807,109760.55462417605,39851.71740715178,40521.12697499043,1269.409567838653,1.8352812071559548
cs-12894,"NREL ComStock MA (simulated, AMY2018)",RetailStripmall · Middlesex County,RetailStripmall,Eversource,2018,2018-01-01,35040,356.0345153808594,119.07879299877986,1043.130320400238,0.3344585647023524,"{""missing_intervals"": 0, ""filled_by_median"": 0, ""sqft"": 46000.0, ""weekday_hours"": 9.5, ""timezone"": ""EST -> America/New_York clock time"", ""tz_missing_filled"": 4}",250820.17326099245,29470.90059524536,8390.436395451483,9563.717602836998,1173.2812073855093,0.40142399806354156,285580.75664563826,94301.32659835817,30085.35181435893,30602.093554789455,1116.7417404305234,1.264175590865468
cs-12895,"NREL ComStock MA (simulated, AMY2018)",RetailStripmall · Barnstable County,RetailStripmall,Eversource,2018,2018-01-01,35040,394.88970947265625,148.9216154437087,1304.55283986187,0.3771220466660974,"{""missing_intervals"": 0, ""filled_by_median"": 0, ""sqft"": 46000.0, ""weekday_hours"": 11.5, ""timezone"": ""EST -> America/New_York clock time"", ""tz_missing_filled"": 4}",313150.79444305314,37258.88861953735,8866.489140520946,9962.929021326592,1096.439880805654,0.3397656067757476,357931.0706807946,119195.50082168578,32217.782084738665,33331.74551254116,1113.9634278025005,1.0801336253975238
cs-12896,"NREL ComStock MA (simulated, AMY2018)",RetailStripmall · Middlesex County,RetailStripmall,Eversource,2018,2018-01-01,35040,364.2127990722656,80.96000649066276,709.207664898634,0.2222876480367704,"{""missing_intervals"": 0, ""filled_by_median"": 0, ""sqft"": 58000.0, ""weekday_hours"": 6.5, ""timezone"": ""EST -> America/New_York clock time"", ""tz_missing_filled"": 4}",183391.79562845238,31428.92302581787,10955.611231180514,12432.3506402972,1476.739409116688,0.7168659553370424,231229.458295664,100566.62928619386,38976.88044189724,39781.17853327906,1404.298091381821,2.0227637462382
cs-12897,"NREL ComStock MA (simulated, AMY2018)",RetailStripmall · Middlesex County,RetailStripmall,Municipal/other,2018,2018-01-01,35040,483.337158203125,104.42987588774668,914.8042739892006,0.2160601023848025,"{""missing_intervals"": 0, ""filled_by_median"": 0, ""sqft"": 67000.0, ""weekday_hours"": 6.25, ""timezone"": ""EST -> America/New_York clock time"", ""tz_missing_filled"": 4}",234805.34115274705,39977.90284164428,10108.73234690469,11176.681330348396,1067.94898344371,0.5166185213987289,295906.43424240424,127921.75320205689,35301.30620986891,36337.70093632154,1036.3947264526323,1.4315865608093006
cs-12899,"NREL ComStock MA (simulated, AMY2018)",RetailStripmall · Middlesex County,RetailStripmall,National Grid,2018,2018-01-01,35040,565.6769409179688,176.43286416868096,1545.554263912201,0.3118968644583061,"{""missing_intervals"": 0, ""filled_by_median"": 0, ""sqft"": 67000.0, ""weekday_hours"": 8.75, ""timezone"": ""EST -> America/New_York clock time"", ""tz_missing_filled"": 4}",377968.5231329737,51852.226907043456,12081.9473966593,13125.181467213923,1043.2340705546194,0.3835858276190495,448401.3864975166,165917.35188446046,41065.66844035292,41998.10657982202,932.43813946909,1.0989886207387192
cs-13886,"NREL ComStock MA (simulated, AMY2018)",MediumOffice · Middlesex County,MediumOffice,Eversource,2018,2018-01-01,35040,415.1770935058594,137.39475309543957,1203.565653017044,0.3309304758006851,"{""missing_intervals"": 0, ""filled_by_median"": 0, ""sqft"": 125000.0, ""weekday_hours"": 10.5, ""timezone"": ""EST -> America/New_York clock time"", ""tz_missing_filled"": 4}",293893.7730829759,38968.809048156734,9865.177503648127,10443.861352334101,578.683848685976,0.4028058464864254,345098.36435618013,124692.84327850342,33407.16525532655,33928.29366564185,521.1284103153102,1.1616571519016516
cs-13896,"NREL ComStock MA (simulated, AMY2018)",MediumOffice · Middlesex County,MediumOffice,Eversource,2018,2018-01-01,35040,341.2691345214844,116.30792451568936,1018.8518096752168,0.3408099729815069,"{""missing_intervals"": 0, ""filled_by_median"": 0, ""sqft"": 125000.0, ""weekday_hours"": 10.5, ""timezone"": ""EST -> America/New_York clock time"", ""tz_missing_filled"": 4}",247848.49401419243,31513.48635772705,10060.96530365572,11031.371971959807,970.406668304091,0.4871184879459273,287710.4032350335,100837.21600799561,35886.96222907663,36170.13767419904,883.1754451224042,1.496795186780655
cs-14345,"NREL ComStock MA (simulated, AMY2018)",SmallOffice · Worcester County,SmallOffice,National Grid,2018,2018-01-01,35040,369.0610046386719,69.01052675941219,604.4703355023861,0.1869894838306657,"{""missing_intervals"": 0, ""filled_by_median"": 0, ""sqft"": 21000.0, ""weekday_hours"": 10.75, ""timezone"": ""EST -> America/New_York clock time"", ""tz_missing_filled"": 4}",152993.78308943473,23103.01167655945,10276.020231235145,11083.501576581393,807.4813453462507,0.8059951214013564,185586.01529691927,73925.28241462709,34375.1930080037,34445.23732526666,670.0443172629489,2.2227015081717307
cs-14350,"NREL ComStock MA (simulated, AMY2018)",SmallOffice · Worcester County,SmallOffice,National Grid,2018,2018-01-01,35040,305.6866760253906,52.07337952139171,456.1359276304245,0.1703488689741467,"{""missing_intervals"": 0, ""filled_by_median"": 0, ""sqft"": 21000.0, ""weekday_hours"": 9.25, ""timezone"": ""EST -> America/New_York clock time"", ""tz_missing_filled"": 4}",119119.04779385265,20009.85418609619,9794.9595082481,10611.23143971458,816.2719314664846,0.9867398730586816,148154.99543008435,64027.76150970461,33321.85389838135,34070.20291160873,748.3490132273755,2.698945422797267
cs-14353,"NREL ComStock MA (simulated, AMY2018)",RetailStripmall · Middlesex County,RetailStripmall,Municipal/other,2018,2018-01-01,35040,721.21533203125,281.74841267224315,2468.1182995071413,0.3906578245899452,"{""missing_intervals"": 0, ""filled_by_median"": 0, ""sqft"": 90000.0, ""weekday_hours"": 15.25, ""timezone"": ""EST -> America/New_York clock time"", ""tz_missing_filled"": 4}",583074.5190087616,64929.78756134034,10007.958190720841,10398.720687476598,390.762496755764,0.20596938191162056,657720.1955664952,207763.08083953863,33079.29365986079,33464.20436191781,384.91070205700817,0.6035264335717024
cs-14354,"NREL ComStock MA (simulated, AMY2018)",RetailStripmall · Suffolk County,RetailStripmall,Eversource,2018,2018-01-01,35040,633.4096069335938,135.8948086832212,1190.4378555407525,0.2145449124794665,"{""missing_intervals"": 0, ""filled_by_median"": 0, ""sqft"": 90000.0, ""weekday_hours"": 8.5, ""timezone"": ""EST -> America/New_York clock time"", ""tz_missing_filled"": 4}",301083.8045628218,48923.94704544068,12306.263794628248,13756.200195011095,1449.936400382834,0.49047860860522047,374567.71358574805,156547.40831222537,42759.01336640277,44017.247560850956,1258.2341944481814,1.3698675614212268
cs-14356,"NREL ComStock MA (simulated, AMY2018)",RetailStripmall · Bristol County,RetailStripmall,Municipal/other,2018,2018-01-01,35040,870.330810546875,276.7007172540987,2423.878442504883,0.317925912654101,"{""missing_intervals"": 0, ""filled_by_median"": 0, ""sqft"": 175000.0, ""weekday_hours"": 8.0, ""timezone"": ""EST -> America/New_York clock time"", ""tz_missing_filled"": 4}",586286.0457943807,77327.02438232422,13613.501405207462,14872.864348145333,1259.3629429378634,0.27863876009729055,689362.1571094956,247431.90177001955,46499.70754664219,47590.362358108774,1090.6548114665857,0.8094388193564218
cs-14357,"NREL ComStock MA (simulated, AMY2018)",RetailStripmall · Essex County,RetailStripmall,National Grid,2018,2018-01-01,35040,763.6676025390625,252.96614927069783,2215.987215589523,0.3312516446024804,"{""missing_intervals"": 0, ""filled_by_median"": 0, ""sqft"": 125000.0, ""weekday_hours"": 11.5, ""timezone"": ""EST -> America/New_York clock time"", ""tz_missing_filled"": 4}",535829.5674498589,69794.34077819824,10717.000345304055,11549.974593881958,832.974248577917,0.24000915954620777,627516.2130338068,223328.73415832515,36201.4314401537,36957.741513882414,756.310073728695,0.692280403691244
cs-14358,"NREL ComStock MA (simulated, AMY2018)",RetailStripmall · Middlesex County,RetailStripmall,Municipal/other,2018,2018-01-01,35040,747.2766723632812,220.10485912218485,1928.1191480407715,0.2945426603858752,"{""missing_intervals"": 0, ""filled_by_median"": 0, ""sqft"": 125000.0, ""weekday_hours"": 12.75, ""timezone"": ""EST -> America/New_York clock time"", ""tz_missing_filled"": 4}",470062.9578204806,63945.17936706542,9203.626913037311,9997.965795796468,794.3388827591662,0.23495474620790407,556543.8834875996,204612.52021789548,32723.06104920884,33522.12286435776,799.061815148918,0.7055629290718014
cs-14359,"NREL ComStock MA (simulated, AMY2018)",RetailStripmall · Middlesex County,RetailStripmall,Municipal/other,2018,2018-01-01,35040,896.09326171875,281.4198658647058,2465.238155281067,0.3140519830769946,"{""missing_intervals"": 0, ""filled_by_median"": 0, ""sqft"": 125000.0, ""weekday_hours"": 5.75, ""timezone"": ""EST -> America/New_York clock time"", ""tz_missing_filled"": 4}",592711.7905741084,75485.05611206054,15343.618061082001,16356.71995787834,1013.1018967963391,0.31064578039630303,690972.6091924786,241537.95051879884,51364.3161114903,52338.42060037414,974.1044888838369,0.8920350606346336
cs-14360,"NREL ComStock MA (simulated, AMY2018)",RetailStripmall · Middlesex County,RetailStripmall,Municipal/other,2018,2018-01-01,35040,672.8060302734375,166.062033373689,1454.7036190109252,0.2468200728019621,"{""missing_intervals"": 0, ""filled_by_median"": 0, ""sqft"": 125000.0, ""weekday_hours"": 8.0, ""timezone"": ""EST -> America/New_York clock time"", ""tz_missing_filled"": 4}",364254.44418974273,56938.315680541986,11734.60823847638,13016.92581114891,1282.3175726725203,0.38658498505062816,448184.1876692652,182191.87722473146,40443.06080314706,41651.70888675841,1208.648083611366,1.0828510754955534
cs-14361,"NREL ComStock MA (simulated, AMY2018)",RetailStripmall · Middlesex County,RetailStripmall,Municipal/other,2018,2018-01-01,35040,683.1998291015625,165.82626620438546,1452.6360241270063,0.2427200053935233,"{""missing_intervals"": 0, ""filled_by_median"": 0, ""sqft"": 90000.0, ""weekday_hours"": 7.75, ""timezone"": ""EST -> America/New_York clock time"", ""tz_missing_filled"": 4}",364842.15008779924,57907.08043273924,12283.693793589715,13526.886576877241,1243.1927832875263,0.4040221928513571,450909.1346499965,185291.74181823732,42201.59117002249,43283.48720876364,1081.8960387411498,1.1231067528347174
cs-14362,"NREL ComStock MA (simulated, AMY2018)",RetailStripmall · Barnstable County,RetailStripmall,Eversource,2018,2018-01-01,35040,639.869873046875,175.6965549634472,1539.1021470298767,0.2745816960045815,"{""missing_intervals"": 0, ""filled_by_median"": 0, ""sqft"": 75000.0, ""weekday_hours"": 7.25, ""timezone"": ""EST -> America/New_York clock time"", ""tz_missing_filled"": 4}",377988.7624747394,53225.44399795532,10996.821455500198,12027.659409038504,1030.8379535383174,0.34911582186208845,451624.54137524305,170311.38772201538,37524.23659904199,38486.242878120385,962.0062790783959,0.9970468784032908
cs-14363,"NREL ComStock MA (simulated, AMY2018)",RetailStripmall · Barnstable County,RetailStripmall,Eversource,2018,2018-01-01,35040,1053.9827880859375,354.5861071292668,3106.174775159836,0.3364249503288428,"{""missing_intervals"": 0, ""filled_by_median"": 0, ""sqft"": 175000.0, ""weekday_hours"": 9.5, ""timezone"": ""EST -> America/New_York clock time"", ""tz_missing_filled"": 4}",742336.6130636316,91343.19897155763,12089.490472275626,13019.827386629906,930.3369143543096,0.1954287086401221,860584.838784901,292281.0183868408,43366.58772680891,41666.777419464925,820.1896926560366,0.6047039516248998
cs-14364,"NREL ComStock MA (simulated, AMY2018)",RetailStripmall · Middlesex County,RetailStripmall,Municipal/other,2018,2018-01-01,35040,723.8469848632812,192.72297062100884,1688.2483948736192,0.266248219100353,"{""missing_intervals"": 0, ""filled_by_median"": 0, ""sqft"": 90000.0, ""weekday_hours"": 10.0, ""timezone"": ""EST -> America/New_York clock time"", ""tz_missing_filled"": 4}",419102.98677607125,63064.94601165771,11870.862524537108,13078.662160110982,1207.799635573876,0.33989342664970607,510184.5469116688,201795.93940582275,40843.823862811405,41890.18523707501,1046.361374263619,0.9606835199549766
cs-15708,"NREL ComStock MA (simulated, AMY2018)",SmallHotel · Middlesex County,SmallHotel,Municipal/other,2018,2018-01-01,35040,349.4141845703125,132.38427345687396,1159.652910164833,0.3788749263847767,"{""missing_intervals"": 0, ""filled_by_median"": 0, ""sqft"": 75000.0, ""weekday_hours"": 13.75, ""timezone"": ""EST -> America/New_York clock time"", ""tz_missing_filled"": 4}",271707.85058996483,26505.74233840942,10647.726780831174,11813.850071079554,1166.1232902483753,0.47025774593019143,296651.2214400933,84813.3791130066,39069.16791385672,40164.900710764814,1095.7327969081016,1.5804081732424542
cs-16081,"NREL ComStock MA (simulated, AMY2018)",RetailStandalone · Essex County,RetailStandalone,National Grid,2018,2018-01-01,35040,322.3490295410156,60.26038350667039,527.8468620595931,0.1869414143807833,"{""missing_intervals"": 0, ""filled_by_median"": 0, ""sqft"": 21000.0, ""weekday_hours"": 15.0, ""timezone"": ""EST -> America/New_York clock time"", ""tz_missing_filled"": 4}",132617.0448074093,18535.275702896117,8813.851982754062,9669.492149863023,855.6401671089588,0.7975311465177485,156455.61890497425,59309.38832359314,32199.730638135803,32130.664269891997,926.9336317561983,2.4696892982304055
cs-16082,"NREL ComStock MA (simulated, AMY2018)",RetailStandalone · Suffolk County,RetailStandalone,Eversource,2018,2018-01-01,35040,2057.57666015625,193.26466397120527,1692.9613853247165,0.0939282932751234,"{""missing_intervals"": 0, ""filled_by_median"": 0, ""sqft"": 175000.0, ""weekday_hours"": 8.5, ""timezone"": ""EST -> America/New_York clock time"", ""tz_missing_filled"": 4}",504687.46316953487,147166.72122680664,24079.565091285414,24293.036653934032,213.47156264860678,0.5725420229001392,782675.7765788413,470905.7667907715,77548.26376499044,77733.13802083513,184.87425584466837,1.1889714656144659
cs-16083,"NREL ComStock MA (simulated, AMY2018)",RetailStandalone · Essex County,RetailStandalone,Municipal/other,2018,2018-01-01,35040,318.5805358886719,48.532723612709134,425.1445203623772,0.1523405172175017,"{""missing_intervals"": 0, ""filled_by_median"": 0, ""sqft"": 21000.0, ""weekday_hours"": 13.0, ""timezone"": ""EST -> America/New_York clock time"", ""tz_missing_filled"": 4}",114825.47790051428,22007.950267410277,11211.212017437618,11996.6190970771,785.4070796394817,1.1716436688886522,149518.1653065297,70421.29232597351,39536.39446844962,39795.10981707456,858.7153486249517,3.17310430240195
cs-16084,"NREL ComStock MA (simulated, AMY2018)",RetailStandalone · Hampden County,RetailStandalone,Municipal/other,2018,2018-01-01,35040,1153.7567138671875,115.8611442234418,1014.9296383223534,0.1004207757414436,"{""missing_intervals"": 0, ""filled_by_median"": 0, ""sqft"": 90000.0, ""weekday_hours"": 10.75, ""timezone"": ""EST -> America/New_York clock time"", ""tz_missing_filled"": 4}",283336.17542710964,67293.80519714355,23190.05508470223,23677.58838853413,487.5333038318877,0.9821571869421121,398572.6481330554,212409.9321777344,74664.49832778705,75060.1906269694,395.69229918236124,2.247956512144661
cs-16085,"NREL ComStock MA (simulated, AMY2018)",RetailStandalone · Essex County,RetailStandalone,Municipal/other,2018,2018-01-01,35040,761.5388793945312,132.90824959065816,1164.2021272425652,0.1745258885486295,"{""missing_intervals"": 0, ""filled_by_median"": 0, ""sqft"": 90000.0, ""weekday_hours"": 10.75, ""timezone"": ""EST -> America/New_York clock time"", ""tz_missing_filled"": 4}",300085.08166679443,53093.08952575683,12876.65604518314,13307.234493985216,430.5784488020781,0.51492020757557,383158.9490021488,169887.87835998536,42744.33846146098,43138.347677930054,394.0092164690759,1.3386926310173566
cs-16086,"NREL ComStock MA (simulated, AMY2018)",RetailStandalone · Norfolk County,RetailStandalone,Eversource,2018,2018-01-01,35040,1436.4542236328125,189.18548422355084,1657.2452873897553,0.1317031069358396,"{""missing_intervals"": 0, ""filled_by_median"": 0, ""sqft"": 125000.0, ""weekday_hours"": 9.5, ""timezone"": ""EST -> America/New_York clock time"", ""tz_missing_filled"": 4}",450794.5271007406,101085.57535247802,23523.43131029031,23726.931614427962,203.5003041376549,0.626185897905547,628738.0730857113,323454.78635406494,75936.48741775894,76118.11192329353,181.6245055346044,1.4493123416893583
cs-16087,"NREL ComStock MA (simulated, AMY2018)",RetailStandalone · Bristol County,RetailStandalone,Municipal/other,2018,2018-01-01,35040,302.0196838378906,60.40939597756896,529.1442015428543,0.2000180756761329,"{""missing_intervals"": 0, ""filled_by_median"": 0, ""sqft"": 21000.0, ""weekday_hours"": 11.0, ""timezone"": ""EST -> America/New_York clock time"", ""tz_missing_filled"": 4}",134927.788999018,20584.192560653686,8940.765127315655,9637.599494451993,696.8343671363427,0.7951600061316406,163848.72667453188,65865.536044693,31475.587831159446,31577.53558812207,701.9477569626151,2.3052181218605887
cs-16088,"NREL ComStock MA (simulated, AMY2018)",RetailStandalone · Norfolk County,RetailStandalone,National Grid,2018,2018-01-01,35040,410.1578979492187,84.5506351701405,740.6282009655833,0.206141672738455,"{""missing_intervals"": 0, ""filled_by_median"": 0, ""sqft"": 35000.0, ""weekday_hours"": 10.25, ""timezone"": ""EST -> America/New_York clock time"", ""tz_missing_filled"": 4}",189121.9369609841,30612.885869140624,10427.166980718022,10949.001047077581,521.8340663595609,0.6616154941054235,234328.1209983203,97955.46420898438,35476.82668621786,35358.4321089738,481.6054227559389,1.8167769127362479
cs-16089,"NREL ComStock MA (simulated, AMY2018)",RetailStandalone · Hampden County,RetailStandalone,National Grid,2018,2018-01-01,35040,1146.960693359375,303.2932317265637,2656.732214235306,0.2644321060717757,"{""missing_intervals"": 0, ""filled_by_median"": 0, ""sqft"": 125000.0, ""weekday_hours"": 12.75, ""timezone"": ""EST -> America/New_York clock time"", ""tz_missing_filled"": 4}",647068.4060399294,89880.25391235351,16585.589367779125,16826.164358777125,240.5749909980077,0.3075827386340787,774337.6162772301,287599.8699645996,56766.72274911795,54488.45379079184,241.7310416738619,0.87972049745486
cs-16090,"NREL ComStock MA (simulated, AMY2018)",RetailStandalone · Hampden County,RetailStandalone,National Grid,2018,2018-01-01,35040,1829.7921142578125,185.2712106322861,1622.9089512631892,0.1012526008767037,"{""missing_intervals"": 0, ""filled_by_median"": 0, ""sqft"": 125000.0, ""weekday_hours"": 9.25, ""timezone"": ""EST -> America/New_York clock time"", ""tz_missing_filled"": 4}",467191.195913722,124454.25998168947,24163.02523793599,24386.422687793012,223.3974498570169,0.6206373437499008,697288.9700443024,398230.17213745124,77838.16547210058,78031.9557257844,193.79025368379553,1.3395565193091485
cs-16091,"NREL ComStock MA (simulated, AMY2018)",RetailStandalone · Norfolk County,RetailStandalone,Eversource,2018,2018-01-01,35040,322.8819885253906,41.16837766231059,360.621455875814,0.1275028621148163,"{""missing_intervals"": 0, ""filled_by_median"": 0, ""sqft"": 21000.0, ""weekday_hours"": 9.25, ""timezone"": ""EST -> America/New_York clock time"", ""tz_missing_filled"": 4}",102019.4136723646,22658.816116333008,12324.464629604365,13169.200483072871,844.7358534685072,1.4496611010744747,139890.00978345732,72503.94035339355,42533.78998492105,42802.7543251337,868.964340212653,3.6486199451207026
cs-16092,"NREL ComStock MA (simulated, AMY2018)",RetailStandalone · Worcester County,RetailStandalone,National Grid,2018,2018-01-01,35040,381.175537109375,62.7813044979692,549.9138568048477,0.1647044429295436,"{""missing_intervals"": 0, ""filled_by_median"": 0, ""sqft"": 21000.0, ""weekday_hours"": 10.0, ""timezone"": ""EST -> America/New_York clock time"", ""tz_missing_filled"": 4}",144841.5569720129,26127.272082290652,13827.611755585354,14646.009865745811,818.3981101604577,1.145605891954658,185357.3518359281,83602.34563560487,47621.4008655575,47871.89207266021,850.4912071027047,3.083000510778357
cs-19981,"NREL ComStock MA (simulated, AMY2018)",Warehouse · Norfolk County,Warehouse,National Grid,2018,2018-01-01,35040,438.41351318359375,211.2094405408319,1850.193625658989,0.4817585092373375,"{""missing_intervals"": 0, ""filled_by_median"": 0, ""sqft"": 300000.0, ""weekday_hours"": 15.0, ""timezone"": ""EST -> America/New_York clock time"", ""tz_missing_filled"": 4}",437844.78370528726,47776.6396105957,5146.081251776282,6539.730181996978,1393.648930220712,0.14103850798158926,490662.08452425944,152876.24078979495,20887.710763426803,22308.68701054762,1420.976247120816,0.5108455229512009
cs-19982,"NREL ComStock MA (simulated, AMY2018)",Warehouse · Middlesex County,Warehouse,Municipal/other,2018,2018-01-01,35040,1048.3997802734375,438.442651698143,3840.757752548218,0.4182017775545421,"{""missing_intervals"": 0, ""filled_by_median"": 0, ""sqft"": 800000.0, ""weekday_hours"": 8.25, ""timezone"": ""EST -> America/New_York clock time"", ""tz_missing_filled"": 4}",922089.4801805728,117612.33180175781,8104.151206579321,9895.120694368092,1790.9694877887596,0.10546678665058343,1077990.0240446166,376337.2916748047,33921.61217373132,32990.66353575123,1589.0513620198763,0.3776095668840143
cs-19986,"NREL ComStock MA (simulated, AMY2018)",Warehouse · Middlesex County,Warehouse,Municipal/other,2018,2018-01-01,35040,1694.9990234375,699.1154311933474,6124.229784294128,0.4124577191646541,"{""missing_intervals"": 0, ""filled_by_median"": 0, ""sqft"": 1100000.0, ""weekday_hours"": 12.75, ""timezone"": ""EST -> America/New_York clock time"", ""tz_missing_filled"": 4}",1457429.2437626256,176180.14830078126,11664.645854485556,12398.869365537656,734.2235110520996,0.09604291313137998,1679918.5805623368,563743.2643554687,39038.18009301364,39674.04476531606,635.8646723023558,0.27885765806539964
cs-19989,"NREL ComStock MA (simulated, AMY2018)",Warehouse · Norfolk County,Warehouse,National Grid,2018,2018-01-01,35040,491.78131103515625,139.3381908466827,1220.5985277061463,0.2833336438779832,"{""missing_intervals"": 0, ""filled_by_median"": 0, ""sqft"": 300000.0, ""weekday_hours"": 6.25, ""timezone"": ""EST -> America/New_York clock time"", ""tz_missing_filled"": 4}",305475.6188216467,46668.21419281005,8790.680420327742,10331.428788129266,1540.748367801527,0.34532433537853846,372825.46962396835,149329.48839263918,31724.279653323258,33058.62463308092,1334.3449797576832,1.0210980387789608
cs-21109,"NREL ComStock MA (simulated, AMY2018)",LargeOffice · Suffolk County,LargeOffice,Eversource,2018,2018-01-01,35040,339.3560791015625,70.39095461493758,616.5993143515586,0.2074250586619695,"{""missing_intervals"": 0, ""filled_by_median"": 0, ""sqft"": 35000.0, ""weekday_hours"": 8.75, ""timezone"": ""EST -> America/New_York clock time"", ""tz_missing_filled"": 4}",154640.71222503803,22124.178708496092,10543.889639601523,11441.568794732879,897.6791551313518,0.8181977039208967,184649.09455156932,70793.20142822266,37133.47136135543,37433.73876003857,900.2673986831524,2.413234992667761
cs-21110,"NREL ComStock MA (simulated, AMY2018)",LargeOffice · Suffolk County,LargeOffice,Eversource,2018,2018-01-01,35040,356.17071533203125,40.07635448290605,351.03831378376486,0.1125200718580859,"{""missing_intervals"": 0, ""filled_by_median"": 0, ""sqft"": 21000.0, ""weekday_hours"": 7.75, ""timezone"": ""EST -> America/New_York clock time"", ""tz_missing_filled"": 4}",96159.27423885287,18919.32650558472,10234.442464974883,10850.745230660805,616.3027656859217,1.2771863197993671,125311.94876540283,60262.41765289306,33644.746384837075,34174.432172737164,529.6857879000991,3.221855222871707
cs-21111,"NREL ComStock MA (simulated, AMY2018)",LargeOffice · Suffolk County,LargeOffice,Eversource,2018,2018-01-01,35040,765.29443359375,127.16847801976007,1113.886459599018,0.1661693492563234,"{""missing_intervals"": 0, ""filled_by_median"": 0, ""sqft"": 90000.0, ""weekday_hours"": 11.0, ""timezone"": ""EST -> America/New_York clock time"", ""tz_missing_filled"": 4}",277719.50238274224,41747.801760864255,13497.97202469973,14033.565613335912,535.5935886361658,0.5832347491144795,337728.76593387325,133585.0961151123,45316.66566437417,45821.63632524558,504.97066087140774,1.610167811642569
cs-21112,"NREL ComStock MA (simulated, AMY2018)",LargeOffice · Suffolk County,LargeOffice,Eversource,2018,2018-01-01,35040,934.8280029296876,279.2337580532788,2445.932130443573,0.2987006777483977,"{""missing_intervals"": 0, ""filled_by_median"": 0, ""sqft"": 175000.0, ""weekday_hours"": 12.25, ""timezone"": ""EST -> America/New_York clock time"", ""tz_missing_filled"": 4}",581212.474563506,68258.68283233643,16192.180310400327,16711.388580847964,519.2082704476525,0.33431175728072426,664100.9890762517,218142.6851654053,55044.778191197,55534.47987680417,489.7016856071714,0.9946338721963888
cs-21114,"NREL ComStock MA (simulated, AMY2018)",LargeOffice · Suffolk County,LargeOffice,Eversource,2018,2018-01-01,35040,441.05755615234375,77.01925058963636,674.6305722227097,0.1746240360589888,"{""missing_intervals"": 0, ""filled_by_median"": 0, ""sqft"": 21000.0, ""weekday_hours"": 8.25, ""timezone"": ""EST -> America/New_York clock time"", ""tz_missing_filled"": 4}",179765.3374519378,35226.33157035828,11361.158379373337,11690.423847163967,329.2654677906344,0.7583992692080049,237113.84875338527,112717.62081184388,37506.389188573216,37827.58640686997,321.1972182967602,1.8981458595908047
cs-21115,"NREL ComStock MA (simulated, AMY2018)",LargeOffice · Suffolk County,LargeOffice,Eversource,2018,2018-01-01,35040,382.3572692871094,70.31386376798969,615.9227917890548,0.1838957159074998,"{""missing_intervals"": 0, ""filled_by_median"": 0, ""sqft"": 46000.0, ""weekday_hours"": 12.75, ""timezone"": ""EST -> America/New_York clock time"", ""tz_missing_filled"": 4}",155397.02545085308,22954.16132240295,9138.041644921741,9909.044480323926,771.002835402187,0.7056537885517095,187182.29238250427,73448.9893398285,32038.76906892698,32185.35619929686,746.5871303698823,2.0539615362839703
cs-21116,"NREL ComStock MA (simulated, AMY2018)",LargeOffice · Suffolk County,LargeOffice,Eversource,2018,2018-01-01,35040,522.0888061523438,76.72599168877079,672.0545952832699,0.1469596566419821,"{""missing_intervals"": 0, ""filled_by_median"": 0, ""sqft"": 46000.0, ""weekday_hours"": 10.25, ""timezone"": ""EST -> America/New_York clock time"", ""tz_missing_filled"": 4}",176202.95175229333,32053.789793090815,11998.252157420178,12550.931667086155,552.6795096659807,0.8171203970036116,226495.97196945827,102566.08515319825,40322.319466353,40848.96946601967,526.6499996666598,2.136319817914832
cs-21117,"NREL ComStock MA (simulated, AMY2018)",LargeOffice · Suffolk County,LargeOffice,Eversource,2018,2018-01-01,35040,609.1060180664062,79.75446544399817,698.5501897104979,0.1309369191543649,"{""missing_intervals"": 0, ""filled_by_median"": 0, ""sqft"": 21000.0, ""weekday_hours"": 10.0, ""timezone"": ""EST -> America/New_York clock time"", ""tz_missing_filled"": 4}",194219.07323009585,44635.92548583984,13485.043368676574,13883.008844711128,397.9654760345534,0.8331855246390057,271572.32188117807,142826.54761962892,42868.82496444648,43207.52607922476,338.70111477827004,1.894250106232977
cs-21118,"NREL ComStock MA (simulated, AMY2018)",LargeOffice · Suffolk County,LargeOffice,Municipal/other,2018,2018-01-01,35040,919.7693481445312,163.12176234134256,1428.8020771665574,0.1773507267560191,"{""missing_intervals"": 0, ""filled_by_median"": 0, ""sqft"": 67000.0, ""weekday_hours"": 6.0, ""timezone"": ""EST -> America/New_York clock time"", ""tz_missing_filled"": 4}",359613.872542859,58156.0210546875,17855.936131749873,18081.329809515446,225.39367776557992,0.5958369516333426,447404.98809895,186088.3048828125,58249.243474125105,58467.595674980046,218.35220085493893,1.5623225942552734
cs-21119,"NREL ComStock MA (simulated, AMY2018)",LargeOffice · Suffolk County,LargeOffice,Eversource,2018,2018-01-01,35040,1144.0299072265625,292.90723988193355,2565.6818599796297,0.2560311037602328,"{""missing_intervals"": 0, ""filled_by_median"": 0, ""sqft"": 175000.0, ""weekday_hours"": 12.75, ""timezone"": ""EST -> America/New_York clock time"", ""tz_missing_filled"": 4}",610578.1683175705,73010.81952453613,17271.707562486532,17683.892675533716,412.1851130471696,0.3394495602765136,701322.7728363378,233620.85983581544,58702.44929587595,59084.83650267644,382.3872068004821,1.0044296561219732
cs-21120,"NREL ComStock MA (simulated, AMY2018)",LargeOffice · Suffolk County,LargeOffice,Eversource,2018,2018-01-01,35040,675.712158203125,127.1699181710204,1113.976911026955,0.1882013171247275,"{""missing_intervals"": 0, ""filled_by_median"": 0, ""sqft"": 58000.0, ""weekday_hours"": 11.25, ""timezone"": ""EST -> America/New_York clock time"", ""tz_missing_filled"": 4}",274239.16850160534,38247.59909027099,12687.748796142467,13034.734667571513,346.98587142904216,0.5551832234089433,326531.0673136933,122385.10736236573,41754.84985140736,42075.87676623158,321.0269148242078,1.534488593501976
cs-21385,"NREL ComStock MA (simulated, AMY2018)",LargeHotel · Worcester County,LargeHotel,National Grid,2018,2018-01-01,35040,980.1590576171876,295.7583107873185,2590.796802710533,0.3017452203179357,"{""missing_intervals"": 0, ""filled_by_median"": 0, ""sqft"": 125000.0, ""weekday_hours"": 11.5, ""timezone"": ""EST -> America/New_York clock time"", ""tz_missing_filled"": 4}",610166.1127443403,67039.161635437,15946.866604181392,16516.750261192698,569.8836570113344,0.31362344655537694,685752.7516948325,213517.0577575684,54694.988981925635,55201.38675461204,506.3977726863741,0.9571086170065944
cs-21388,"NREL ComStock MA (simulated, AMY2018)",LargeHotel · Essex County,LargeHotel,Municipal/other,2018,2018-01-01,35040,388.20159912109375,128.0913109861008,1122.0260431108477,0.3299608020062396,"{""missing_intervals"": 0, ""filled_by_median"": 0, ""sqft"": 67000.0, ""weekday_hours"": 8.75, ""timezone"": ""EST -> America/New_York clock time"", ""tz_missing_filled"": 4}",265224.5629615415,27751.830466308595,9197.816740067592,9728.344575878169,530.527835810577,0.41615225847997983,294339.78529247607,88728.62390670777,33315.2521451747,33311.290148137836,596.0380029631488,1.3582364522853911
cs-21389,"NREL ComStock MA (simulated, AMY2018)",LargeHotel · Suffolk County,LargeHotel,Eversource,2018,2018-01-01,35040,384.5674133300781,135.53814728945903,1187.288986579895,0.3524431415438865,"{""missing_intervals"": 0, ""filled_by_median"": 0, ""sqft"": 90000.0, ""weekday_hours"": 7.25, ""timezone"": ""EST -> America/New_York clock time"", ""tz_missing_filled"": 4}",282866.2643900655,31641.39436309814,10611.085293702417,11242.609308134413,631.5240144319869,0.45015273842921033,318699.63884085347,101246.49751434328,37525.23392948329,37569.29373097889,644.0598014956067,1.4129379273588185
cs-21392,"NREL ComStock MA (simulated, AMY2018)",LargeHotel · Worcester County,LargeHotel,National Grid,2018,2018-01-01,35040,410.2576599121094,168.09356390373893,1472.4638370018006,0.4097268139728337,"{""missing_intervals"": 0, ""filled_by_median"": 0, ""sqft"": 125000.0, ""weekday_hours"": 13.75, ""timezone"": ""EST -> America/New_York clock time"", ""tz_missing_filled"": 4}",346761.1572283009,36169.09529815673,10248.08738789313,11118.595621347315,870.5082334541839,0.35464482134529224,384957.14301020803,115734.28702850342,35417.60861904768,35658.95100850573,841.3423894580446,1.1040483626441036
cs-21422,"NREL ComStock MA (simulated, AMY2018)",MediumOffice · Middlesex County,MediumOffice,Eversource,2018,2018-01-01,35040,666.7107543945312,148.5483782352922,1301.255563056946,0.2228078327162959,"{""missing_intervals"": 0, ""filled_by_median"": 0, ""sqft"": 125000.0, ""weekday_hours"": 9.25, ""timezone"": ""EST -> America/New_York clock time"", ""tz_missing_filled"": 4}",330467.7555383238,55113.711701049804,18323.744477565284,19115.176392617057,791.4319150517767,0.6653748513908605,414495.5354360069,176353.48843078612,60619.367801587454,61310.618634162514,691.2508325750678,1.7549825062744402
cs-21423,"NREL ComStock MA (simulated, AMY2018)",MediumOffice · Essex County,MediumOffice,National Grid,2018,2018-01-01,35040,360.38232421875,106.80554615983137,935.5952090511322,0.2963673270917721,"{""missing_intervals"": 0, ""filled_by_median"": 0, ""sqft"": 125000.0, ""weekday_hours"": 7.75, ""timezone"": ""EST -> America/New_York clock time"", ""tz_missing_filled"": 4}",237056.73056673334,38035.00357894897,17101.99048258078,18452.66422043866,1350.6737378578746,0.8657163426675928,293467.3203595827,121704.84180068973,58460.99593225145,59058.28302568242,1197.2870934309813,2.3904942817054957
cs-21424,"NREL ComStock MA (simulated, AMY2018)",MediumOffice · Norfolk County,MediumOffice,Municipal/other,2018,2018-01-01,35040,481.2590637207031,148.80410015615698,1303.4579114227297,0.3091975016651632,"{""missing_intervals"": 0, ""filled_by_median"": 0, ""sqft"": 90000.0, ""weekday_hours"": 9.0, ""timezone"": ""EST -> America/New_York clock time"", ""tz_missing_filled"": 4}",313631.0361013495,38254.60755737304,13223.806452616976,14140.518639279058,916.7121866620801,0.5059629282993684,360956.2298557876,122407.53313598633,45262.38728134177,46112.02652862635,849.6392472845855,1.5047493364863234
cs-21426,"NREL ComStock MA (simulated, AMY2018)",MediumOffice · Middlesex County,MediumOffice,Municipal/other,2018,2018-01-01,35040,321.0126647949219,82.21773241954307,720.20682857275,0.2561199025342743,"{""missing_intervals"": 0, ""filled_by_median"": 0, ""sqft"": 58000.0, ""weekday_hours"": 9.75, ""timezone"": ""EST -> America/New_York clock time"", ""tz_missing_filled"": 4}",187482.20693734483,33046.14534667969,11218.371429470439,12085.712261860757,867.3408323903186,0.7180439112210495,238404.30416746598,105741.43586425783,38485.8725210687,38672.001064106764,786.1285430380549,1.9371733738851196
cs-21427,"NREL ComStock MA (simulated, AMY2018)",MediumOffice · Middlesex County,MediumOffice,Eversource,2018,2018-01-01,35040,403.1691284179687,102.51183775857976,897.9624749115706,0.2542650975307437,"{""missing_intervals"": 0, ""filled_by_median"": 0, ""sqft"": 75000.0, ""weekday_hours"": 14.75, ""timezone"": ""EST -> America/New_York clock time"", ""tz_missing_filled"": 4}",223821.69020797827,32543.415648803708,10719.855340985825,11513.187080956359,793.3317399705247,0.5747354689900581,269067.40703315276,104132.79559631349,37449.976388677314,37560.11607029315,710.1396816158358,1.6702123888559852
cs-21428,"NREL ComStock MA (simulated, AMY2018)",MediumOffice · Middlesex County,MediumOffice,Municipal/other,2018,2018-01-01,35040,470.6471862792969,150.4486638033227,1317.840801592827,0.3196633660825536,"{""missing_intervals"": 0, ""filled_by_median"": 0, ""sqft"": 90000.0, ""weekday_hours"": 9.5, ""timezone"": ""EST -> America/New_York clock time"", ""tz_missing_filled"": 4}",318365.4090951299,39931.17163284302,12233.35454111172,12892.582586105618,659.2280449938953,0.4611061701413537,368936.1085790942,127772.22214279177,41322.02529269844,41924.6759994579,602.6507067594648,1.3440384174434248
cs-21431,"NREL ComStock MA (simulated, AMY2018)",MediumOffice · Middlesex County,MediumOffice,Eversource,2018,2018-01-01,35040,465.483154296875,165.8372693504917,1452.6273340482712,0.3562691105352533,"{""missing_intervals"": 0, ""filled_by_median"": 0, ""sqft"": 90000.0, ""weekday_hours"": 9.0, ""timezone"": ""EST -> America/New_York clock time"", ""tz_missing_filled"": 4}",350455.5717544483,44042.436381835934,12331.216254591236,12979.024575271484,647.8083206802603,0.4222349620932132,406562.3844258577,140927.4943603516,41809.564863353255,42400.26296985892,590.6981065056661,1.2340413121807972
cs-21432,"NREL ComStock MA (simulated, AMY2018)",MediumOffice · Norfolk County,MediumOffice,Municipal/other,2018,2018-01-01,35040,428.0814514160156,134.86440119013938,1181.354935669899,0.3150437860459322,"{""missing_intervals"": 0, ""filled_by_median"": 0, ""sqft"": 75000.0, ""weekday_hours"": 17.5, ""timezone"": ""EST -> America/New_York clock time"", ""tz_missing_filled"": 4}",281903.4141156884,31929.429733123772,9561.857169691943,10025.159072015678,463.30190232373934,0.40702694714160154,318549.9047962338,102168.15640335083,32446.710713756405,32300.242344728773,453.531630972353,1.2222905193273825
cs-21557,"NREL ComStock MA (simulated, AMY2018)",SmallOffice · Middlesex County,SmallOffice,National Grid,2018,2018-01-01,35040,311.4366149902344,41.00240166582609,359.15337017661335,0.131655687521237,"{""missing_intervals"": 0, ""filled_by_median"": 0, ""sqft"": 21000.0, ""weekday_hours"": 9.25, ""timezone"": ""EST -> America/New_York clock time"", ""tz_missing_filled"": 4}",95425.85029970286,16497.094233398435,8522.036014546322,9506.316615403835,984.2806008575135,1.0716638295951795,119909.72575701038,52787.59182128906,28638.97629031314,28859.43497167325,820.4586813601118,2.8660537192802775
cs-21564,"NREL ComStock MA (simulated, AMY2018)",SmallOffice · Norfolk County,SmallOffice,Municipal/other,2018,2018-01-01,35040,402.42242431640625,54.30034341785598,475.6564052491784,0.1349336919037148,"{""missing_intervals"": 0, ""filled_by_median"": 0, ""sqft"": 21000.0, ""weekday_hours"": 6.75, ""timezone"": ""EST -> America/New_York clock time"", ""tz_missing_filled"": 4}",130140.52382700641,26832.360704040526,11905.56277238429,12585.822908447373,680.2601360630842,1.0977883680453124,174127.0544590386,85858.49631500246,40574.827499864194,40598.76788338579,623.9403835215962,2.796222169558996
cs-21603,"NREL ComStock MA (simulated, AMY2018)",RetailStripmall · Middlesex County,RetailStripmall,Municipal/other,2018,2018-01-01,35040,462.0274658203125,119.78756483259812,1049.330204269886,0.2592650300992816,"{""missing_intervals"": 0, ""filled_by_median"": 0, ""sqft"": 21000.0, ""weekday_hours"": 13.25, ""timezone"": ""EST -> America/New_York clock time"", ""tz_missing_filled"": 4}",262020.2733197618,39004.81709182739,11339.595502003831,12028.845030740218,689.2495287363818,0.519330601025608,317214.5832326615,124808.0622306824,38190.15812888828,38856.11355185878,665.95542297051,1.4447062706777636
cs-21612,"NREL ComStock MA (simulated, AMY2018)",RetailStripmall · Essex County,RetailStripmall,Municipal/other,2018,2018-01-01,35040,330.2476501464844,59.492604166106005,521.1493357913494,0.1801454276501816,"{""missing_intervals"": 0, ""filled_by_median"": 0, ""sqft"": 21000.0, ""weekday_hours"": 15.75, ""timezone"": ""EST -> America/New_York clock time"", ""tz_missing_filled"": 4}",133072.1382532194,20257.705168685912,7395.530831522582,8118.295264809416,722.7644332868349,0.666904215587172,161346.14365796454,64820.83793373109,26798.55851546174,26960.879612310295,762.3210968485555,1.993122952273713
cs-22189,"NREL ComStock MA (simulated, AMY2018)",SecondarySchool · Hampden County,SecondarySchool,Municipal/other,2018,2018-01-01,35040,405.8375244140625,58.288204810186606,510.6017583719492,0.1436244834539181,"{""missing_intervals"": 0, ""filled_by_median"": 0, ""sqft"": 90000.0, ""weekday_hours"": 10.5, ""timezone"": ""EST -> America/New_York clock time"", ""tz_missing_filled"": 4}",140911.98230558677,30169.778895950316,10059.911150410211,11229.149775333022,1169.2386249228148,0.8566974350210128,191147.67191719852,96537.60542106628,34923.307645544475,35999.53274369742,1076.2250981529396,2.1924394241540694
cs-22192,"NREL ComStock MA (simulated, AMY2018)",SecondarySchool · Middlesex County,SecondarySchool,National Grid,2018,2018-01-01,35040,445.2911376953125,71.27950634960442,624.4011944075822,0.1600739388583496,"{""missing_intervals"": 0, ""filled_by_median"": 0, ""sqft"": 75000.0, ""weekday_hours"": 10.5, ""timezone"": ""EST -> America/New_York clock time"", ""tz_missing_filled"": 4}",170480.5951962877,36054.87574050903,11669.732811758828,12960.352287767219,1290.6194760083945,0.8214236557531405,230637.67655433764,115368.80597457886,40378.065783795464,41538.15787420186,1160.0920904063978,2.100857052691432
cs-22193,"NREL ComStock MA (simulated, AMY2018)",SecondarySchool · Plymouth County,SecondarySchool,Eversource,2018,2018-01-01,35040,403.8172912597656,59.83577727211393,524.158800108552,0.148175371801063,"{""missing_intervals"": 0, ""filled_by_median"": 0, ""sqft"": 90000.0, ""weekday_hours"": 10.0, ""timezone"": ""EST -> America/New_York clock time"", ""tz_missing_filled"": 4}",144171.5275563785,30675.871006698606,11203.545159375964,12461.315864340273,1257.7707049643104,0.932517981818134,195228.0253346744,98157.00477638246,38507.144423388774,39671.060152158934,1163.9157287701637,2.366902663121873
cs-22195,"NREL ComStock MA (simulated, AMY2018)",SecondarySchool · Norfolk County,SecondarySchool,Municipal/other,2018,2018-01-01,35040,600.97314453125,129.44794172777978,1133.9611212792397,0.2153972151763074,"{""missing_intervals"": 0, ""filled_by_median"": 0, ""sqft"": 75000.0, ""weekday_hours"": 10.75, ""timezone"": ""EST -> America/New_York clock time"", ""tz_missing_filled"": 4}",291170.23894357466,50614.992695922854,14731.123563683253,15665.148967018209,934.0254033349484,0.6071138431096855,369726.91501902463,161958.43562927248,49306.619078796866,50128.11887157913,821.499792782246,1.6003147320641156
cs-22198,"NREL ComStock MA (simulated, AMY2018)",SecondarySchool · Worcester County,SecondarySchool,National Grid,2018,2018-01-01,35040,360.8974304199219,88.78167491759339,777.7252708520889,0.2460025132744546,"{""missing_intervals"": 0, ""filled_by_median"": 0, ""sqft"": 75000.0, ""weekday_hours"": 12.75, ""timezone"": ""EST -> America/New_York clock time"", ""tz_missing_filled"": 4}",197067.11092815737,30703.32520736694,8328.700265782902,9359.866564000415,1031.166298217513,0.5071592246857999,241345.72108601232,98244.85304336548,29716.320257620795,30103.732549495733,987.4122918749399,1.4775312422645506
cs-22201,"NREL ComStock MA (simulated, AMY2018)",Warehouse · Norfolk County,Warehouse,National Grid,2018,2018-01-01,35040,315.6758117675781,88.98387244613204,779.4943925509452,0.2818837209854012,"{""missing_intervals"": 0, ""filled_by_median"": 0, ""sqft"": 300000.0, ""weekday_hours"": 9.75, ""timezone"": ""EST -> America/New_York clock time"", ""tz_missing_filled"": 4}",194790.85780392602,28108.25319229126,7820.4986575119765,9566.787063459287,1746.2884059473108,0.4817781745414761,233363.51488854896,89941.11176986696,29988.231378793487,30975.198925377576,1586.9675465840864,1.5420524357348027
cs-22202,"NREL ComStock MA (simulated, AMY2018)",Warehouse · Worcester County,Warehouse,Municipal/other,2018,2018-01-01,35040,553.5594482421875,225.85410322642215,1978.4811093406677,0.4080033390155575,"{""missing_intervals"": 0, ""filled_by_median"": 0, ""sqft"": 300000.0, ""weekday_hours"": 7.75, ""timezone"": ""EST -> America/New_York clock time"", ""tz_missing_filled"": 4}",480634.69454500347,63637.678785095224,6920.112437179298,8652.488421163727,1732.3759839844352,0.17277435480341946,564702.4036620309,203628.57631988527,26186.03037006437,27686.331941424,1500.301571359625,0.5564565732375341
cs-22203,"NREL ComStock MA (simulated, AMY2018)",Warehouse · Bristol County,Warehouse,National Grid,2018,2018-01-01,35040,449.8005676269531,151.69377496275183,1328.833012578964,0.3372467397341318,"{""missing_intervals"": 0, ""filled_by_median"": 0, ""sqft"": 300000.0, ""weekday_hours"": 7.5, ""timezone"": ""EST -> America/New_York clock time"", ""tz_missing_filled"": 4}",329575.1138978961,48048.295501708984,7493.498865011832,9224.045613431404,1730.5467484195651,0.27284216128041827,396889.35412217584,153745.48843383792,27981.656623084324,29515.207217341773,1533.5505942574455,0.8460289397776278
cs-22211,"NREL ComStock MA (simulated, AMY2018)",Warehouse · Norfolk County,Warehouse,Municipal/other,2018,2018-01-01,35040,430.95458984375,136.19894911469933,1193.0975626335144,0.3160401404799531,"{""missing_intervals"": 0, ""filled_by_median"": 0, ""sqft"": 300000.0, ""weekday_hours"": 6.25, ""timezone"": ""EST -> America/New_York clock time"", ""tz_missing_filled"": 4}",297173.4547525232,44185.21418823242,8191.607000439904,10070.623949276933,1879.0169488370302,0.3307808366906103,359888.30666625436,141384.35642700197,30984.52047252026,32628.900568414938,1644.3800958946758,1.0331378896815573
cs-22212,"NREL ComStock MA (simulated, AMY2018)",Warehouse · Norfolk County,Warehouse,National Grid,2018,2018-01-01,35040,493.9846496582031,185.50697933310244,1625.0411389579772,0.3755318701936549,"{""missing_intervals"": 0, ""filled_by_median"": 0, ""sqft"": 300000.0, ""weekday_hours"": 6.75, ""timezone"": ""EST -> America/New_York clock time"", ""tz_missing_filled"": 4}",394397.3749024451,51417.924391479486,7580.679850556378,9225.354487194141,1644.6746366377556,0.23065102354998604,461441.3836563357,164527.66570129397,28095.04640053587,29519.395366657984,1424.3489661221101,0.7306248826991211
cs-23222,"NREL ComStock MA (simulated, AMY2018)",RetailStandalone · Essex County,RetailStandalone,National Grid,2018,2018-01-01,35040,389.346923828125,131.52720934680607,1152.1816580123902,0.3378149441983726,"{""missing_intervals"": 0, ""filled_by_median"": 0, ""sqft"": 75000.0, ""weekday_hours"": 7.75, ""timezone"": ""EST -> America/New_York clock time"", ""tz_missing_filled"": 4}",276987.75071166985,32930.502563476555,7755.73070804372,9013.523083674712,1257.7923756309938,0.33600319240616705,316446.3373363132,105371.40075683594,27639.6863324466,28841.574805914846,1201.8884734682433,1.0481279030790611
cs-23223,"NREL ComStock MA (simulated, AMY2018)",RetailStandalone · Suffolk County,RetailStandalone,Eversource,2018,2018-01-01,35040,1408.2098388671875,248.00604526659464,2172.530906429321,0.1761144102402375,"{""missing_intervals"": 0, ""filled_by_median"": 0, ""sqft"": 300000.0, ""weekday_hours"": 8.75, ""timezone"": ""EST -> America/New_York clock time"", ""tz_missing_filled"": 4}",574253.3923255056,116337.5915255737,14949.959825684666,15939.496531183118,989.5367054984563,0.3124048030116407,771078.2706812256,372258.36308135994,50146.408955839084,51003.38428215523,856.9753263161438,0.7804096294121141
cs-23224,"NREL ComStock MA (simulated, AMY2018)",RetailStandalone · Essex County,RetailStandalone,Municipal/other,2018,2018-01-01,35040,1208.105712890625,345.90794806202797,3030.150042149067,0.2863225828428348,"{""missing_intervals"": 0, ""filled_by_median"": 0, ""sqft"": 300000.0, ""weekday_hours"": 11.5, ""timezone"": ""EST -> America/New_York clock time"", ""tz_missing_filled"": 4}",739496.522230968,103635.6474719238,12960.189679654242,13847.862398691746,887.6727190374877,0.21030832665265248,886118.3239945833,331614.5364440919,44389.73814020645,45271.99229513201,882.2541549255548,0.6011351342800283
cs-23226,"NREL ComStock MA (simulated, AMY2018)",RetailStandalone · Barnstable County,RetailStandalone,Eversource,2018,2018-01-01,35040,488.4593505859375,133.0700119550914,1165.6896443915366,0.272428016365058,"{""missing_intervals"": 0, ""filled_by_median"": 0, ""sqft"": 125000.0, ""weekday_hours"": 13.75, ""timezone"": ""EST -> America/New_York clock time"", ""tz_missing_filled"": 4}",287366.7802697453,40071.38630569458,7431.420996748813,8600.017773192754,1168.596776443941,0.3103248464463328,341749.1882722725,128220.8826652527,26668.133533780623,27789.460075065726,1121.326541285096,0.9364107169448741
cs-23229,"NREL ComStock MA (simulated, AMY2018)",RetailStandalone · Middlesex County,RetailStandalone,Municipal/other,2018,2018-01-01,35040,464.2288208007813,124.39172504070687,1089.6667655470371,0.2679534735179404,"{""missing_intervals"": 0, ""filled_by_median"": 0, ""sqft"": 125000.0, ""weekday_hours"": 10.75, ""timezone"": ""EST -> America/New_York clock time"", ""tz_missing_filled"": 4}",271056.04789532645,39768.36181747436,8981.166723469978,10013.90915491291,1032.7424314429336,0.3976078066454313,326979.3308800546,127251.26142349244,31073.745553182205,32042.621659688342,968.8761065061462,1.1403930200559722
cs-23231,"NREL ComStock MA (simulated, AMY2018)",RetailStandalone · Norfolk County,RetailStandalone,Eversource,2018,2018-01-01,35040,632.3090209960938,142.29631123314164,1246.5185959215164,0.2250423550955802,"{""missing_intervals"": 0, ""filled_by_median"": 0, ""sqft"": 175000.0, ""weekday_hours"": 5.75, ""timezone"": ""EST -> America/New_York clock time"", ""tz_missing_filled"": 4}",314339.8040875093,50548.936962585445,11448.891165504847,12827.819030609846,1378.9278651049917,0.4370642603944964,389947.06228680525,161747.0697341919,39796.125411647656,41046.602835928774,1250.4774242811109,1.22466239940162
cs-23232,"NREL ComStock MA (simulated, AMY2018)",RetailStandalone · Bristol County,RetailStandalone,Municipal/other,2018,2018-01-01,35040,309.416748046875,72.125245988056,631.8184982682467,0.2331006529004351,"{""missing_intervals"": 0, ""filled_by_median"": 0, ""sqft"": 58000.0, ""weekday_hours"": 7.5, ""timezone"": ""EST -> America/New_York clock time"", ""tz_missing_filled"": 4}",162020.23373046608,26113.866304550167,8363.581995502498,9691.121921915641,1327.5399264131456,0.619447223567101,200173.2177947388,83559.4496738434,30808.737146271284,31425.848044192473,1217.110897921184,1.8469246277209639
cs-23282,"NREL ComStock MA (simulated, AMY2018)",FullServiceRestaurant · Hampshire County,FullServiceRestaurant,National Grid,2018,2018-01-01,35040,315.1735534667969,113.31400091778742,992.5713384542464,0.359528899780371,"{""missing_intervals"": 0, ""filled_by_median"": 0, ""sqft"": 10000.0, ""weekday_hours"": 14.25, ""timezone"": ""EST -> America/New_York clock time"", ""tz_missing_filled"": 4}",235566.95319002747,24844.771899871823,7509.025060468395,8304.955027928125,795.9299674597205,0.3825167304045914,261610.8283436303,79498.58680496216,27024.049775361473,27254.737143065144,830.6873677036729,1.239584001004649
cs-23283,"NREL ComStock MA (simulated, AMY2018)",FullServiceRestaurant · Suffolk County,FullServiceRestaurant,National Grid,2018,2018-01-01,35040,327.4841613769531,113.9400441204576,998.0555890026092,0.3479253581039788,"{""missing_intervals"": 0, ""filled_by_median"": 0, ""sqft"": 10000.0, ""weekday_hours"": 12.25, ""timezone"": ""EST -> America/New_York clock time"", ""tz_missing_filled"": 4}",236883.4609167047,25078.75205917358,7654.784214534402,8314.209603329866,659.4253887954619,0.38777468979445817,263355.05640161224,80247.27920913696,27781.30062547481,27899.50074768637,718.2001222115578,1.265878893919186
cs-23284,"NREL ComStock MA (simulated, AMY2018)",FullServiceRestaurant · Plymouth County,FullServiceRestaurant,National Grid,2018,2018-01-01,35040,638.4218139648438,152.6899831983869,1337.5246953012943,0.2391678665397156,"{""missing_intervals"": 0, ""filled_by_median"": 0, ""sqft"": 21000.0, ""weekday_hours"": 12.0, ""timezone"": ""EST -> America/New_York clock time"", ""tz_missing_filled"": 4}",329309.9296224464,46392.50119415282,9707.653177194454,10291.600806756673,583.9476295622189,0.35374529477410915,393175.2975832539,148447.2587692261,32514.710861805743,33045.17280762382,530.4619458180805,0.9923729510474905
cs-23285,"NREL ComStock MA (simulated, AMY2018)",FullServiceRestaurant · Middlesex County,FullServiceRestaurant,National Grid,2018,2018-01-01,35040,331.759033203125,79.70486825084033,698.2038874118329,0.2402492781622006,"{""missing_intervals"": 0, ""filled_by_median"": 0, ""sqft"": 10000.0, ""weekday_hours"": 13.25, ""timezone"": ""EST -> America/New_York clock time"", ""tz_missing_filled"": 4}",175126.97976146278,25365.37383644104,7607.468532161916,8358.099342592099,750.6308104301788,0.5212767473651799,209831.3195339,81164.4148677826,27427.822670202066,27609.41894144782,781.5962712457576,1.5685640864935344
cs-23286,"NREL ComStock MA (simulated, AMY2018)",FullServiceRestaurant · Hampden County,FullServiceRestaurant,National Grid,2018,2018-01-01,35040,315.196044921875,108.7256108011285,952.3773014330864,0.3449459869589334,"{""missing_intervals"": 0, ""filled_by_median"": 0, ""sqft"": 10000.0, ""weekday_hours"": 9.0, ""timezone"": ""EST -> America/New_York clock time"", ""tz_missing_filled"": 4}",228037.56080109312,25688.131231231684,8307.905008832571,9136.047122503584,828.1421136710123,0.4371861361600433,257012.94841855226,82197.17769088746,29092.14192808469,29287.38170576464,795.2397776799535,1.3583195138032058
cs-23287,"NREL ComStock MA (simulated, AMY2018)",FullServiceRestaurant · Norfolk County,FullServiceRestaurant,Municipal/other,2018,2018-01-01,35040,339.2660217285156,76.51291737125072,670.2389807597399,0.2255248462001219,"{""missing_intervals"": 0, ""filled_by_median"": 0, ""sqft"": 10000.0, ""weekday_hours"": 12.25, ""timezone"": ""EST -> America/New_York clock time"", ""tz_missing_filled"": 4}",169861.58485700298,25910.024901275632,8209.176356507409,8760.228143252369,551.0517867449598,0.5799434660934024,206498.25104768915,82907.19560775757,29205.25241740047,29210.09614487301,604.843727472542,1.6971718996683849
cs-23288,"NREL ComStock MA (simulated, AMY2018)",FullServiceRestaurant · Middlesex County,FullServiceRestaurant,Municipal/other,2018,2018-01-01,35040,303.26495361328125,70.01589206495241,613.3359499588013,0.2308736675001213,"{""missing_intervals"": 0, ""filled_by_median"": 0, ""sqft"": 10000.0, ""weekday_hours"": 7.5, ""timezone"": ""EST -> America/New_York clock time"", ""tz_missing_filled"": 4}",157273.18448475839,25301.37183166504,10537.136176188087,11694.10119170977,1156.965015521684,0.8039872437790634,194219.08812315293,80959.62051696779,37206.05195745693,37673.1309570157,1067.0789995587684,2.2988091840199463
cs-23289,"NREL ComStock MA (simulated, AMY2018)",FullServiceRestaurant · Hampden County,FullServiceRestaurant,National Grid,2018,2018-01-01,35040,971.4124755859376,349.38845325670286,3060.465146572113,0.3596705437059148,"{""missing_intervals"": 0, ""filled_by_median"": 0, ""sqft"": 46000.0, ""weekday_hours"": 11.75, ""timezone"": ""EST -> America/New_York clock time"", ""tz_missing_filled"": 4}",721682.4411279749,80523.75961791992,14541.39308445515,14913.321759178734,371.9286747235601,0.2417915513376313,815179.3485912925,257660.85193481448,48026.322925268025,48384.321581710814,357.9986564427745,0.7069804652180468
cs-23290,"NREL ComStock MA (simulated, AMY2018)",FullServiceRestaurant · Suffolk County,FullServiceRestaurant,National Grid,2018,2018-01-01,35040,316.37335205078125,72.5605814252542,635.6158320977688,0.2293511161888485,"{""missing_intervals"": 0, ""filled_by_median"": 0, ""sqft"": 10000.0, ""weekday_hours"": 8.0, ""timezone"": ""EST -> America/New_York clock time"", ""tz_missing_filled"": 4}",160555.83072261803,23967.82543296814,8451.379272833763,9384.923498284834,933.5442254510708,0.6316590983806498,193998.5631685864,76692.52341651917,29890.58066590393,30178.43386111128,887.8531952073508,1.8489155905713854
cs-23291,"NREL ComStock MA (simulated, AMY2018)",FullServiceRestaurant · Essex County,FullServiceRestaurant,National Grid,2018,2018-01-01,35040,648.4429931640625,167.5715582793706,1467.9067510814666,0.2584214187614382,"{""missing_intervals"": 0, ""filled_by_median"": 0, ""sqft"": 21000.0, ""weekday_hours"": 10.75, ""timezone"": ""EST -> America/New_York clock time"", ""tz_missing_filled"": 4}",363277.25850422186,53087.29754333495,11378.4927704834,11876.770408751529,498.27763826812225,0.3758614392984745,438262.10628425056,169869.34510803226,38705.27496037524,39208.79260923139,503.5176488561301,1.059784299998911
cs-23292,"NREL ComStock MA (simulated, AMY2018)",FullServiceRestaurant · Berkshire County,FullServiceRestaurant,National Grid,2018,2018-01-01,35040,329.54632568359375,69.66014030744496,610.2108499150277,0.2113819359476868,"{""missing_intervals"": 0, ""filled_by_median"": 0, ""sqft"": 10000.0, ""weekday_hours"": 7.75, ""timezone"": ""EST -> America/New_York clock time"", ""tz_missing_filled"": 4}",159585.53396914763,28221.291882324214,10982.22634983115,11915.291982057672,933.0656322265222,0.8258061549830191,202996.56443531142,90302.81427001955,37886.95141321161,38126.68829320056,839.7368799889528,2.239660647574259
cs-23522,"NREL ComStock MA (simulated, AMY2018)",SecondarySchool · Middlesex County,SecondarySchool,National Grid,2018,2018-01-01,35040,538.1041259765625,100.18496769406752,877.6056703153848,0.1861813780227939,"{""missing_intervals"": 0, ""filled_by_median"": 0, ""sqft"": 90000.0, ""weekday_hours"": 12.0, ""timezone"": ""EST -> America/New_York clock time"", ""tz_missing_filled"": 4}",231453.44881408353,44140.5678729248,10444.29498934051,11403.704658267889,959.4096689273774,0.5414978282426004,302475.9127789269,141241.49663391116,35612.26840536571,36489.70529200704,877.4368866413351,1.4128305852133334
cs-23523,"NREL ComStock MA (simulated, AMY2018)",SecondarySchool · Worcester County,SecondarySchool,Municipal/other,2018,2018-01-01,35040,325.767578125,58.91154472276772,516.0516179250478,0.180839189282866,"{""missing_intervals"": 0, ""filled_by_median"": 0, ""sqft"": 67000.0, ""weekday_hours"": 9.0, ""timezone"": ""EST -> America/New_York clock time"", ""tz_missing_filled"": 4}",136301.2984768744,24479.413742599485,8780.174706562364,9892.266145025216,1112.0914384628504,0.773008750878662,173930.81294269033,78329.50957221986,31234.032014485958,31663.821089830853,1029.7890753448864,2.154928030476864
cs-23526,"NREL ComStock MA (simulated, AMY2018)",SecondarySchool · Worcester County,SecondarySchool,National Grid,2018,2018-01-01,35040,620.0192260742188,99.61303071683808,872.5930842773319,0.1606611965044355,"{""missing_intervals"": 0, ""filled_by_median"": 0, ""sqft"": 90000.0, ""weekday_hours"": 9.0, ""timezone"": ""EST -> America/New_York clock time"", ""tz_missing_filled"": 4}",238041.16603737918,51551.81735900878,11809.118506027764,12824.341956666523,1015.2234506387595,0.595314770261547,325281.01832077594,164956.09795837404,40164.93551030128,41082.52429366795,917.5887833666784,1.481731791826572
cs-23528,"NREL ComStock MA (simulated, AMY2018)",SecondarySchool · Norfolk County,SecondarySchool,Municipal/other,2018,2018-01-01,35040,330.7533264160156,80.20711685661311,702.605127865076,0.2424982923852141,"{""missing_intervals"": 0, ""filled_by_median"": 0, ""sqft"": 58000.0, ""weekday_hours"": 9.25, ""timezone"": ""EST -> America/New_York clock time"", ""tz_missing_filled"": 4}",177456.17598503068,26820.698138809203,8090.4223067558305,9289.50900438563,1199.0866976297966,0.5470932028269311,215286.76010998563,85821.17830467224,29571.09313848306,30096.99660190804,1125.9034634249783,1.6482811923989635
cs-23531,"NREL ComStock MA (simulated, AMY2018)",SecondarySchool · Norfolk County,SecondarySchool,Municipal/other,2018,2018-01-01,35040,414.6653442382813,65.40921222447804,572.9693227798939,0.1577397608296188,"{""missing_intervals"": 0, ""filled_by_median"": 0, ""sqft"": 67000.0, ""weekday_hours"": 8.25, ""timezone"": ""EST -> America/New_York clock time"", ""tz_missing_filled"": 4}",158142.42961446382,34300.288597717285,10001.689324920357,11175.784404137157,1174.095079216806,0.758937827069195,215688.3702849615,109754.45785980225,34679.29949405085,35760.40344207884,1081.1039480279924,1.9294113696478037
cs-23809,"NREL ComStock MA (simulated, AMY2018)",Warehouse · Plymouth County,Warehouse,National Grid,2018,2018-01-01,35040,711.8274536132812,299.94496382055763,2627.5177538719176,0.4213731323483212,"{""missing_intervals"": 0, ""filled_by_median"": 0, ""sqft"": 500000.0, ""weekday_hours"": 9.25, ""timezone"": ""EST -> America/New_York clock time"", ""tz_missing_filled"": 4}",632973.4757297438,81052.9469671631,9071.992964502984,9955.899007488046,883.9060429850506,0.1719881160083818,737845.5248228707,258952.2035095215,33562.00310015311,34492.756802425494,930.7537022723845,0.5458378802236704
cs-23811,"NREL ComStock MA (simulated, AMY2018)",Warehouse · Middlesex County,Warehouse,National Grid,2018,2018-01-01,35040,426.6462097167969,160.66184356550104,1407.3927891635894,0.3765692508370029,"{""missing_intervals"": 0, ""filled_by_median"": 0, ""sqft"": 300000.0, ""weekday_hours"": 10.5, ""timezone"": ""EST -> America/New_York clock time"", ""tz_missing_filled"": 4}",343906.05106850236,45798.18674560547,7013.289856234147,8070.8288147105995,1057.5389584764525,0.2447164800192658,403950.4780540101,146545.56456298832,25319.836097306666,26345.321478955666,1025.4853816490177,0.752166539402029
cs-23813,"NREL ComStock MA (simulated, AMY2018)",Warehouse · Middlesex County,Warehouse,Municipal/other,2018,2018-01-01,35040,433.45318603515625,195.99556707410508,1716.9180610551834,0.4521723992085465,"{""missing_intervals"": 0, ""filled_by_median"": 0, ""sqft"": 300000.0, ""weekday_hours"": 13.5, ""timezone"": ""EST -> America/New_York clock time"", ""tz_missing_filled"": 4}",410697.3730873403,48214.727896423334,6368.815956607727,7332.658809060145,963.8428524524024,0.18608785078116324,467870.7402730119,154278.04072418212,23330.55031439379,24326.050618276233,995.5003038824543,0.5983845102375057
cs-23817,"NREL ComStock MA (simulated, AMY2018)",Warehouse · Middlesex County,Warehouse,National Grid,2018,2018-01-01,35040,412.4685668945313,130.16197823400367,1140.2169398908616,0.315568236420998,"{""missing_intervals"": 0, ""filled_by_median"": 0, ""sqft"": 300000.0, ""weekday_hours"": 12.25, ""timezone"": ""EST -> America/New_York clock time"", ""tz_missing_filled"": 4}",279853.3338314959,37706.483262023925,7605.41646971495,8132.4830647709805,527.0665950560251,0.3261172428681214,329557.5809543254,120653.63871307376,26598.025786426042,27134.464310566582,536.4385241405416,0.9684993697090777
cs-23819,"NREL ComStock MA (simulated, AMY2018)",Warehouse · Bristol County,Warehouse,National Grid,2018,2018-01-01,35040,827.5343017578125,323.5608981626763,2834.3826223087312,0.390993941248577,"{""missing_intervals"": 0, ""filled_by_median"": 0, ""sqft"": 500000.0, ""weekday_hours"": 11.75, ""timezone"": ""EST -> America/New_York clock time"", ""tz_missing_filled"": 4}",680739.9590195,85271.13171813963,9545.735042721259,10122.220303662347,576.4852609410809,0.16827103946952793,789298.9939979679,272851.5477691651,32201.457455013297,32707.3189146714,505.8614596581101,0.48957048266699604
cs-24229,"NREL ComStock MA (simulated, AMY2018)",MediumOffice · Suffolk County,MediumOffice,Municipal/other,2018,2018-01-01,35040,414.0033874511719,112.0084312247359,981.1839629001618,0.2705495525394616,"{""missing_intervals"": 0, ""filled_by_median"": 0, ""sqft"": 125000.0, ""weekday_hours"": 6.0, ""timezone"": ""EST -> America/New_York clock time"", ""tz_missing_filled"": 4}",245924.68029979678,37493.326458129886,17455.515376048686,19265.539682563314,1810.0243065146315,0.8517493415351096,300007.6980781542,119971.5771209717,60546.65690704135,61646.09540273558,1699.4384956942304,2.421804132156709
cs-24231,"NREL ComStock MA (simulated, AMY2018)",MediumOffice · Middlesex County,MediumOffice,National Grid,2018,2018-01-01,35040,436.95123291015625,195.2893309281841,1710.7356053237916,0.4469362167204104,"{""missing_intervals"": 0, ""filled_by_median"": 0, ""sqft"": 125000.0, ""weekday_hours"": 8.5, ""timezone"": ""EST -> America/New_York clock time"", ""tz_missing_filled"": 4}",401384.9879086085,41032.60250656128,7862.659256319879,8941.995045856998,1079.33578953713,0.23506586922309505,443766.2341695383,131296.59331741332,28020.38523919802,29092.15708513065,1071.7718459326243,0.7577066414248993
cs-24235,"NREL ComStock MA (simulated, AMY2018)",MediumOffice · Middlesex County,MediumOffice,Municipal/other,2018,2018-01-01,35040,365.2553405761719,96.78389402298625,847.8205144531727,0.2649759860329886,"{""missing_intervals"": 0, ""filled_by_median"": 0, ""sqft"": 58000.0, ""weekday_hours"": 10.0, ""timezone"": ""EST -> America/New_York clock time"", ""tz_missing_filled"": 4}",216859.4897596298,35749.91756942749,9232.392653729565,10253.659924739351,1021.2672710097868,0.5108778590577456,270219.01658242027,114392.99731216431,32873.13229679517,33185.14682644603,912.0145296508581,1.4598439168000648
cs-24236,"NREL ComStock MA (simulated, AMY2018)",MediumOffice · Middlesex County,MediumOffice,Eversource,2018,2018-01-01,35040,347.1529541015625,108.6233729486596,951.5401249713898,0.3128977347457078,"{""missing_intervals"": 0, ""filled_by_median"": 0, ""sqft"": 90000.0, ""weekday_hours"": 11.75, ""timezone"": ""EST -> America/New_York clock time"", ""tz_missing_filled"": 4}",233175.1468089029,30769.7254548645,9084.712112702979,10374.380631825286,1289.668519122306,0.46753072462640927,273110.5131272199,98457.32131881714,32902.08912810557,33563.24012830433,1261.151000198768,1.445660458165336
cs-24237,"NREL ComStock MA (simulated, AMY2018)",MediumOffice · Middlesex County,MediumOffice,Eversource,2018,2018-01-01,35040,466.5905456542969,120.31812671439287,1053.9796123657227,0.257866619533989,"{""missing_intervals"": 0, ""filled_by_median"": 0, ""sqft"": 125000.0, ""weekday_hours"": 6.25, ""timezone"": ""EST -> America/New_York clock time"", ""tz_missing_filled"": 4}",269913.2272879501,45968.27086090088,12092.871640782389,13333.224465729107,1240.3528249467163,0.5376337467692051,340340.0236628199,147089.80167083742,41578.26141044461,42663.80495867137,1085.5435482267603,1.466001945805945
cs-24238,"NREL ComStock MA (simulated, AMY2018)",MediumOffice · Middlesex County,MediumOffice,Municipal/other,2018,2018-01-01,35040,495.5094909667969,165.87474758973406,1453.058314499855,0.3347559443636348,"{""missing_intervals"": 0, ""filled_by_median"": 0, ""sqft"": 125000.0, ""weekday_hours"": 10.5, ""timezone"": ""EST -> America/New_York clock time"", ""tz_missing_filled"": 4}",352446.6515255129,45686.39384338378,10061.734878438681,11522.049143394466,1460.3142649557922,0.3425789917953696,411882.33641548746,146187.84834899902,36904.31555214657,38234.862187814746,1330.5466356681718,1.0751900420877258
cs-24240,"NREL ComStock MA (simulated, AMY2018)",MediumOffice · Suffolk County,MediumOffice,Eversource,2018,2018-01-01,35040,310.50079345703125,134.6058267421374,1179.144854915619,0.4335120218002434,"{""missing_intervals"": 0, ""filled_by_median"": 0, ""sqft"": 75000.0, ""weekday_hours"": 17.0, ""timezone"": ""EST -> America/New_York clock time"", ""tz_missing_filled"": 4}",280236.7843680745,30472.095171203608,7048.7097782231685,7886.242447436538,837.5326692133767,0.30183231487405754,313475.5230964933,97504.96051483153,25358.400758726377,25568.51879843973,810.1180397133448,0.9707322795057505
cs-25405,"NREL ComStock MA (simulated, AMY2018)",FullServiceRestaurant · Hampden County,FullServiceRestaurant,National Grid,2018,2018-01-01,35040,343.24127197265625,216.9903422588627,1900.83418734169,0.6321802183396782,"{""missing_intervals"": 0, ""filled_by_median"": 0, ""sqft"": 46000.0, ""weekday_hours"": 11.5, ""timezone"": ""EST -> America/New_York clock time"", ""tz_missing_filled"": 4}",443275.5044649323,43270.29790588378,9298.064541748994,11316.512233424664,2018.4476916756685,0.25170976825274766,484406.35589379276,137427.70606079104,36392.16968774909,37837.24423253387,2045.074544784784,0.9015282952826035
cs-25597,"NREL ComStock MA (simulated, AMY2018)",SmallHotel · Worcester County,SmallHotel,National Grid,2018,2018-01-01,35040,314.5220947265625,56.71271782827704,496.7968737823963,0.1803139390813914,"{""missing_intervals"": 0, ""filled_by_median"": 0, ""sqft"": 35000.0, ""weekday_hours"": 17.5, ""timezone"": ""EST -> America/New_York clock time"", ""tz_missing_filled"": 4}",121763.3031774114,14348.460115661623,8365.271628115406,9569.37016940174,1204.0985412863365,0.8244130778147879,137417.0903512362,45912.36766510011,26228.294720122733,25902.886283819767,670.5915636970321,2.2903958731552447
cs-25685,"NREL ComStock MA (simulated, AMY2018)",Warehouse · Plymouth County,Warehouse,National Grid,2018,2018-01-01,35040,318.45184326171875,109.3011997300196,957.4742692060472,0.3432267768040228,"{""missing_intervals"": 0, ""filled_by_median"": 0, ""sqft"": 175000.0, ""weekday_hours"": 9.0, ""timezone"": ""EST -> America/New_York clock time"", ""tz_missing_filled"": 4}",236118.32838336754,32130.513161315917,6653.393580000058,8040.910999180248,1387.5174191801834,0.3381386083267934,278542.6593230916,102811.58546905518,25284.884896258984,25956.944360871654,1272.0594646126629,1.0893075390766684
cs-26389,"NREL ComStock MA (simulated, AMY2018)",RetailStripmall · Plymouth County,RetailStripmall,National Grid,2018,2018-01-01,35040,370.8596496582031,114.03802225856477,998.95702567482,0.3074964406714672,"{""missing_intervals"": 0, ""filled_by_median"": 0, ""sqft"": 46000.0, ""weekday_hours"": 8.75, ""timezone"": ""EST -> America/New_York clock time"", ""tz_missing_filled"": 4}",252885.10462161546,40573.78298400879,14592.256987083269,15313.7721958427,721.5152087594342,0.6924373189437425,313092.0396354061,129828.45733337404,48991.54699269279,49028.69540731122,637.1484146184357,1.877718017350163
cs-26390,"NREL ComStock MA (simulated, AMY2018)",RetailStripmall · Plymouth County,RetailStripmall,National Grid,2018,2018-01-01,35040,681.7945556640625,194.7319516264685,1705.8040165023804,0.2856167594896692,"{""missing_intervals"": 0, ""filled_by_median"": 0, ""sqft"": 58000.0, ""weekday_hours"": 8.5, ""timezone"": ""EST -> America/New_York clock time"", ""tz_missing_filled"": 4}",426542.898659984,67160.85672943114,18740.97424077789,19110.518700911878,369.54446013398774,0.5272428437933172,526485.3763436116,214902.08161773687,60827.966093805444,61150.05748312521,322.0913893197576,1.3864308980336646
cs-26391,"NREL ComStock MA (simulated, AMY2018)",RetailStripmall · Middlesex County,RetailStripmall,National Grid,2018,2018-01-01,35040,311.2291259765625,99.81820489666234,874.3855614163875,0.3207225692115309,"{""missing_intervals"": 0, ""filled_by_median"": 0, ""sqft"": 35000.0, ""weekday_hours"": 7.25, ""timezone"": ""EST -> America/New_York clock time"", ""tz_missing_filled"": 4}",218588.74646420163,32316.38664550781,11981.954632569437,12647.923616547183,665.9689839777384,0.6577806859530196,264057.5344987009,103406.34558105469,40527.84727164658,40544.50599934784,616.6587277012695,1.8417734914591184
cs-26392,"NREL ComStock MA (simulated, AMY2018)",RetailStripmall · Middlesex County,RetailStripmall,Municipal/other,2018,2018-01-01,35040,316.40289306640625,101.58118523040864,889.8146874001026,0.3210501150793488,"{""missing_intervals"": 0, ""filled_by_median"": 0, ""sqft"": 35000.0, ""weekday_hours"": 11.5, ""timezone"": ""EST -> America/New_York clock time"", ""tz_missing_filled"": 4}",222677.54660584783,33060.979044952386,12877.369493549666,13612.565951461656,735.1964579119958,0.6939560646234364,269243.5860832719,105788.90090255739,44570.006116431294,44730.26520452875,760.2590880974549,1.9864542779925676
cs-26393,"NREL ComStock MA (simulated, AMY2018)",RetailStripmall · Essex County,RetailStripmall,National Grid,2018,2018-01-01,35040,541.23486328125,145.06698125278297,1270.6786207998991,0.2680296320405355,"{""missing_intervals"": 0, ""filled_by_median"": 0, ""sqft"": 46000.0, ""weekday_hours"": 6.5, ""timezone"": ""EST -> America/New_York clock time"", ""tz_missing_filled"": 4}",323896.38618237386,55081.71106292724,16131.857901982512,16576.103701372653,444.245799390128,0.5976673500604951,408857.0121966825,176251.09242095947,52651.32559673213,53040.407225410134,389.08162867801,1.5453224191171453
cs-26395,"NREL ComStock MA (simulated, AMY2018)",RetailStripmall · Essex County,RetailStripmall,Municipal/other,2018,2018-01-01,35040,343.9874572753906,98.1450362052003,859.6747727365494,0.2853157408196631,"{""missing_intervals"": 0, ""filled_by_median"": 0, ""sqft"": 35000.0, ""weekday_hours"": 6.5, ""timezone"": ""EST -> America/New_York clock time"", ""tz_missing_filled"": 4}",219356.76835075166,36170.35355194092,11635.95570157209,12144.65064066367,508.6949390915797,0.6365496240152219,273728.8245830411,115738.3132034302,39001.484355577355,38860.592766308306,459.1084107309498,1.7097863660498265
cs-26397,"NREL ComStock MA (simulated, AMY2018)",RetailStripmall · Berkshire County,RetailStripmall,National Grid,2018,2018-01-01,35040,371.9542846679687,91.01739128169405,797.2536451034546,0.244700478078757,"{""missing_intervals"": 0, ""filled_by_median"": 0, ""sqft"": 35000.0, ""weekday_hours"": 5.75, ""timezone"": ""EST -> America/New_York clock time"", ""tz_missing_filled"": 4}",203401.39849783486,33297.98746429443,12478.301861790738,13051.11642428076,572.8145624900153,0.7361779390277043,253203.39363287523,106547.2831680298,41826.35655188725,41761.1124038013,534.7558519140466,1.982265211462314
cs-26398,"NREL ComStock MA (simulated, AMY2018)",RetailStripmall · Berkshire County,RetailStripmall,National Grid,2018,2018-01-01,35040,460.5889587402344,137.5989629160868,1205.3439242463112,0.298745682685135,"{""missing_intervals"": 0, ""filled_by_median"": 0, ""sqft"": 46000.0, ""weekday_hours"": 12.0, ""timezone"": ""EST -> America/New_York clock time"", ""tz_missing_filled"": 4}",297278.4615343355,41945.35116668701,10795.801473228643,11395.080666521506,599.2791932928521,0.4357854148265659,354947.4730816602,134217.21697540284,35931.52139856867,36462.11014405291,530.588745484225,1.2147663794851864
cs-26400,"NREL ComStock MA (simulated, AMY2018)",RetailStripmall · Bristol County,RetailStripmall,National Grid,2018,2018-01-01,35040,358.49072265625,130.1658328475473,1140.2105685987472,0.3630940066818992,"{""missing_intervals"": 0, ""filled_by_median"": 0, ""sqft"": 35000.0, ""weekday_hours"": 11.5, ""timezone"": ""EST -> America/New_York clock time"", ""tz_missing_filled"": 4}",280642.8493760416,39039.85797027588,12059.7524337576,12433.782246396058,374.02981263845504,0.515662627880394,333240.0589709285,124329.98711242677,41141.7899321707,40934.08432594471,392.2943937740074,1.4815190007787102
cs-27050,"NREL ComStock MA (simulated, AMY2018)",LargeOffice · Suffolk County,LargeOffice,Eversource,2018,2018-01-01,35040,2697.96533203125,434.72837574982753,3808.085321026802,0.1611319354583879,"{""missing_intervals"": 0, ""filled_by_median"": 0, ""sqft"": 300000.0, ""weekday_hours"": 9.0, ""timezone"": ""EST -> America/New_York clock time"", ""tz_missing_filled"": 4}",934494.5875349609,138081.84396850585,25801.74033642611,26117.81935338128,316.07901695515466,0.33132442730764333,1137582.1524332438,441835.8720764161,85195.21615358161,85472.4889720256,277.2728184439984,0.8986978141809174
cs-27051,"NREL ComStock MA (simulated, AMY2018)",LargeOffice · Suffolk County,LargeOffice,Eversource,2018,2018-01-01,35040,1957.669921875,560.2863536024747,4908.034400733948,0.2862006241919723,"{""missing_intervals"": 0, ""filled_by_median"": 0, ""sqft"": 300000.0, ""weekday_hours"": 10.5, ""timezone"": ""EST -> America/New_York clock time"", ""tz_missing_filled"": 4}",1179218.2740450546,153074.74340026855,22869.7660272997,23130.77809531877,261.0120680190885,0.2327280694066915,1385219.2523757631,489810.32407531736,73901.76599420294,74129.02632921896,227.2603350160207,0.6402027624215193
cs-27052,"NREL ComStock MA (simulated, AMY2018)",LargeOffice · Suffolk County,LargeOffice,Eversource,2018,2018-01-01,35040,1841.40771484375,405.3781804800034,3550.802755723,0.2201458032418427,"{""missing_intervals"": 0, ""filled_by_median"": 0, ""sqft"": 300000.0, ""weekday_hours"": 11.75, ""timezone"": ""EST -> America/New_York clock time"", ""tz_missing_filled"": 4}",856212.117190225,112846.4511315918,21744.764154816534,22278.2930358515,533.5288810349812,0.3047576232792626,1009896.7658576698,360823.24819946295,72964.46845784548,73435.48079326442,471.0123354189709,0.8669931928641755
cs-27056,"NREL ComStock MA (simulated, AMY2018)",LargeOffice · Suffolk County,LargeOffice,Eversource,2018,2018-01-01,35040,1657.526611328125,458.710526077497,4018.136329372406,0.2767439888702278,"{""missing_intervals"": 0, ""filled_by_median"": 0, ""sqft"": 300000.0, ""weekday_hours"": 15.75, ""timezone"": ""EST -> America/New_York clock time"", ""tz_missing_filled"": 4}",966143.931060624,125048.81112182615,22995.861354240464,23276.426797452474,280.5654432119918,0.2856203174075211,1134015.386670067,400132.62371215824,74234.88111994186,74480.17811248932,245.2969925474681,0.7855436389228456
cs-27057,"NREL ComStock MA (simulated, AMY2018)",LargeOffice · Suffolk County,LargeOffice,Eversource,2018,2018-01-01,35040,2418.224609375,689.7061449531551,6041.5728563094135,0.2852117798649863,"{""missing_intervals"": 0, ""filled_by_median"": 0, ""sqft"": 500000.0, ""weekday_hours"": 9.0, ""timezone"": ""EST -> America/New_York clock time"", ""tz_missing_filled"": 4}",1462264.08245907,200698.59680908205,24165.155980976167,24422.138988037288,256.9830070611497,0.1983101925638872,1743410.3207015377,642197.6778198243,79058.98802055886,79285.697497479,226.70947692012123,0.5441678559439479
cs-27058,"NREL ComStock MA (simulated, AMY2018)",LargeOffice · Suffolk County,LargeOffice,Eversource,2018,2018-01-01,35040,2904.010498046875,438.872032021823,3844.392749229431,0.1511261864641988,"{""missing_intervals"": 0, ""filled_by_median"": 0, ""sqft"": 300000.0, ""weekday_hours"": 9.25, ""timezone"": ""EST -> America/New_York clock time"", ""tz_missing_filled"": 4}",1009746.1954034026,204082.8027923584,24778.31748944655,24935.616115848818,157.29862640226202,0.29446984918281244,1355362.0332014891,653026.4990386963,79653.04475299618,79789.27117182541,136.22641882925382,0.7052259939568919
cs-27059,"NREL ComStock MA (simulated, AMY2018)",LargeOffice · Suffolk County,LargeOffice,Eversource,2018,2018-01-01,35040,1186.0672607421875,385.894806660909,3380.3082284641264,0.3253565960664267,"{""missing_intervals"": 0, ""filled_by_median"": 0, ""sqft"": 300000.0, ""weekday_hours"": 14.5, ""timezone"": ""EST -> America/New_York clock time"", ""tz_missing_filled"": 4}",820745.2162744893,112409.9756512451,20581.42618625318,21081.96052263336,500.5343363801803,0.3009181282299906,977781.7347022897,359690.7326446533,70862.70520590346,68815.74511996255,473.03991405911074,0.8696751353508898
cs-27060,"NREL ComStock MA (simulated, AMY2018)",LargeOffice · Suffolk County,LargeOffice,Eversource,2018,2018-01-01,35040,1798.0357666015625,502.4008120040371,4400.760121387481,0.2794164728734048,"{""missing_intervals"": 0, ""filled_by_median"": 0, ""sqft"": 300000.0, ""weekday_hours"": 12.75, ""timezone"": ""EST -> America/New_York clock time"", ""tz_missing_filled"": 4}",1051425.8999851376,131343.28493103027,20535.993136452555,20760.871646656495,224.87851020394737,0.23437877803934073,1223632.931355493,420273.75338439946,66779.33822320246,66978.97244282856,199.634219626103,0.6548957928017866
cs-27674,"NREL ComStock MA (simulated, AMY2018)",RetailStandalone · Bristol County,RetailStandalone,National Grid,2018,2018-01-01,35040,394.03173828125,87.60441494950149,767.4136130656004,0.2223283213977338,"{""missing_intervals"": 0, ""filled_by_median"": 0, ""sqft"": 90000.0, ""weekday_hours"": 9.5, ""timezone"": ""EST -> America/New_York clock time"", ""tz_missing_filled"": 4}",196626.25281107848,32331.40215270996,7480.581055788134,8699.056575943572,1218.4755201554362,0.4565360494140479,244683.17831871635,103454.39237365725,27277.965451469747,28476.06075655585,1198.0953050861044,1.3377935813440363
cs-27679,"NREL ComStock MA (simulated, AMY2018)",RetailStandalone · Middlesex County,RetailStandalone,Eversource,2018,2018-01-01,35040,1074.0826416015625,370.8224933907322,3248.4056620903016,0.3452457744199268,"{""missing_intervals"": 0, ""filled_by_median"": 0, ""sqft"": 300000.0, ""weekday_hours"": 9.5, ""timezone"": ""EST -> America/New_York clock time"", ""tz_missing_filled"": 4}",767040.2841295477,86652.34856384278,11009.380048586638,12229.438366438379,1220.0583178517554,0.1722367955327973,871394.1486070107,277271.18131408695,40458.73944489232,39139.8906998255,1201.1512549331674,0.557158748558071
cs-27682,"NREL ComStock MA (simulated, AMY2018)",RetailStandalone · Hampden County,RetailStandalone,Municipal/other,2018,2018-01-01,35040,1191.0604248046875,239.83602221014496,2100.9713739950357,0.2013634381727306,"{""missing_intervals"": 0, ""filled_by_median"": 0, ""sqft"": 300000.0, ""weekday_hours"": 8.25, ""timezone"": ""EST -> America/New_York clock time"", ""tz_missing_filled"": 4}",541941.73394527,99488.26232360839,13292.79955095821,14500.607866175566,1207.8083152173276,0.29433716693169015,704171.599816881,318343.68575744634,45353.205186509775,46399.21178667866,1046.0066001688829,0.7728776087812201
cs-30877,"NREL ComStock MA (simulated, AMY2018)",LargeOffice · Suffolk County,LargeOffice,Eversource,2018,2018-01-01,35040,924.4241943359376,269.99428331514474,2365.0612120571136,0.2920675215657848,"{""missing_intervals"": 0, ""filled_by_median"": 0, ""sqft"": 175000.0, ""weekday_hours"": 11.75, ""timezone"": ""EST -> America/New_York clock time"", ""tz_missing_filled"": 4}",563000.9892492283,66739.81898040771,18136.238786114372,18753.640441227366,617.401655112968,0.386562136815412,644820.5054988093,213554.84018707275,61256.550400570675,61806.61815881902,550.0677582483477,1.13997399049557
cs-30878,"NREL ComStock MA (simulated, AMY2018)",LargeOffice · Suffolk County,LargeOffice,Eversource,2018,2018-01-01,35040,1138.5338134765625,303.77169935409336,2660.8815833511353,0.2668095543218987,"{""missing_intervals"": 0, ""filled_by_median"": 0, ""sqft"": 175000.0, ""weekday_hours"": 8.75, ""timezone"": ""EST -> America/New_York clock time"", ""tz_missing_filled"": 4}",633960.2329744695,76273.63801574707,18011.10629646232,18531.521807368,520.4155109056737,0.34092560434504704,729039.8708354294,244061.26396179202,58838.92852861537,59297.37656551776,458.44803690239496,0.9684890643008046
cs-30880,"NREL ComStock MA (simulated, AMY2018)",LargeOffice · Suffolk County,LargeOffice,Eversource,2018,2018-01-01,35040,1112.7103271484375,220.13585465068687,1928.234806737423,0.1978375227403819,"{""missing_intervals"": 0, ""filled_by_median"": 0, ""sqft"": 175000.0, ""weekday_hours"": 9.0, ""timezone"": ""EST -> America/New_York clock time"", ""tz_missing_filled"": 4}",469322.9805611508,63794.76364288329,16103.23271470634,16602.46913492282,499.2364202164754,0.4117394642500313,556111.8707000047,204131.21825408936,53430.91206080731,53896.37929619252,465.4672353852111,1.15295317095572
cs-30881,"NREL ComStock MA (simulated, AMY2018)",LargeOffice · Suffolk County,LargeOffice,Eversource,2018,2018-01-01,35040,709.5101928710938,233.9931727807816,2049.6508339595794,0.329795364649954,"{""missing_intervals"": 0, ""filled_by_median"": 0, ""sqft"": 175000.0, ""weekday_hours"": 8.75, ""timezone"": ""EST -> America/New_York clock time"", ""tz_missing_filled"": 4}",489748.4135020664,59073.344403076175,14632.53753944326,15386.09077580063,753.553236357373,0.35853194340685346,563040.165217791,189023.56668090823,48571.46882497971,49232.590182698536,661.121357718821,1.0351972415223698
cs-30882,"NREL ComStock MA (simulated, AMY2018)",LargeOffice · Suffolk County,LargeOffice,Eversource,2018,2018-01-01,35040,1423.6895751953125,261.4888920348529,2290.4911890888216,0.1836698790176783,"{""missing_intervals"": 0, ""filled_by_median"": 0, ""sqft"": 175000.0, ""weekday_hours"": 12.75, ""timezone"": ""EST -> America/New_York clock time"", ""tz_missing_filled"": 4}",558105.0841489172,77319.1902468872,20042.203662561486,20546.109670337835,503.9060077763461,0.430933977814408,667667.2022960875,247406.83401336672,69111.0962071554,67042.26831864445,451.17211148906426,1.242135530446625
cs-30883,"NREL ComStock MA (simulated, AMY2018)",LargeOffice · Suffolk County,LargeOffice,Eversource,2018,2018-01-01,35040,1317.8984375,248.34497798185916,2175.337689959526,0.18844014903983,"{""missing_intervals"": 0, ""filled_by_median"": 0, ""sqft"": 175000.0, ""weekday_hours"": 10.5, ""timezone"": ""EST -> America/New_York clock time"", ""tz_missing_filled"": 4}",541983.3603447404,84865.77616302489,18872.36317215465,19611.766700351684,739.4035281970464,0.417851127240891,670913.365755584,271554.48640289315,66342.36307414701,64490.03913374196,667.6760595949527,1.1866038113478115
cs-30884,"NREL ComStock MA (simulated, AMY2018)",LargeOffice · Suffolk County,LargeOffice,Eversource,2018,2018-01-01,35040,558.8687133789062,68.2867495437395,598.1102342268824,0.1221874617580209,"{""missing_intervals"": 0, ""filled_by_median"": 0, ""sqft"": 35000.0, ""weekday_hours"": 8.0, ""timezone"": ""EST -> America/New_York clock time"", ""tz_missing_filled"": 4}",157956.0140435194,29308.186460266108,12700.983143274469,13137.272152265794,436.2890089913258,0.964900251770735,204290.4523656224,93780.67203826907,41628.26477719867,42036.79449287654,408.52971567788245,2.4452399588031137
cs-30885,"NREL ComStock MA (simulated, AMY2018)",LargeOffice · Suffolk County,LargeOffice,Eversource,2018,2018-01-01,35040,615.834716796875,257.7662163527589,2257.9468016376495,0.4185639577019489,"{""missing_intervals"": 0, ""filled_by_median"": 0, ""sqft"": 125000.0, ""weekday_hours"": 9.0, ""timezone"": ""EST -> America/New_York clock time"", ""tz_missing_filled"": 4}",532991.5498138724,58926.71703948974,12726.348428166653,13455.544942022661,729.1965138559972,0.2865264584238349,600374.9457464601,188554.386756897,44547.16445132212,45239.8848176706,692.7203663484906,0.8903868777389221
cs-30886,"NREL ComStock MA (simulated, AMY2018)",LargeOffice · Suffolk County,LargeOffice,Eversource,2018,2018-01-01,35040,1041.9825439453125,265.7953661770581,2328.2337168693543,0.2550861986331012,"{""missing_intervals"": 0, ""filled_by_median"": 0, ""sqft"": 125000.0, ""weekday_hours"": 8.5, ""timezone"": ""EST -> America/New_York clock time"", ""tz_missing_filled"": 4}",564776.6421420635,76157.36578186034,18259.280488368517,18650.21823775853,390.9377493899956,0.3879610973807006,670797.750252618,243689.214730835,61860.326493118264,59690.33291327745,350.00642015917765,1.106628514537899
cs-30887,"NREL ComStock MA (simulated, AMY2018)",LargeOffice · Suffolk County,LargeOffice,Eversource,2018,2018-01-01,35040,524.7942504882812,129.4427835818295,1133.8835511331558,0.2466543477970515,"{""missing_intervals"": 0, ""filled_by_median"": 0, ""sqft"": 67000.0, ""weekday_hours"": 12.25, ""timezone"": ""EST -> America/New_York clock time"", ""tz_missing_filled"": 4}",279177.7949606885,38874.5220954895,11347.966307017672,11862.789552997703,514.8232459800329,0.48777373466749807,332151.41969481145,124391.14280319214,37813.57434344319,38288.49166482358,474.91732138038424,1.3661326287217028
cs-30888,"NREL ComStock MA (simulated, AMY2018)",LargeOffice · Middlesex County,LargeOffice,National Grid,2018,2018-01-01,35040,960.4131469726562,204.11998127584587,1788.0236288557053,0.212533514268581,"{""missing_intervals"": 0, ""filled_by_median"": 0, ""sqft"": 175000.0, ""weekday_hours"": 11.25, ""timezone"": ""EST -> America/New_York clock time"", ""tz_missing_filled"": 4}",452634.53027624276,75616.73337432861,20956.641842962654,21588.54431578808,631.9024728254262,0.5555910680567695,568471.4586975044,241959.29293670657,68663.5718160659,69216.83877637744,553.2669603115501,1.4494357617894742
cs-31057,"NREL ComStock MA (simulated, AMY2018)",LargeOffice · Suffolk County,LargeOffice,Eversource,2018,2018-01-01,35040,1133.4830322265625,568.1656139182173,4977.114293960572,0.501256390933474,"{""missing_intervals"": 0, ""filled_by_median"": 0, ""sqft"": 500000.0, ""weekday_hours"": 11.25, ""timezone"": ""EST -> America/New_York clock time"", ""tz_missing_filled"": 4}",1152913.6137217146,114103.04386535642,19957.87583468511,20744.78952406797,786.9136893828254,0.2077297962013913,1271511.0562199838,363572.5061035156,73153.32304464957,71363.91700709343,730.5939624438106,0.6903910683604154
cs-31058,"NREL ComStock MA (simulated, AMY2018)",LargeOffice · Suffolk County,LargeOffice,Eversource,2018,2018-01-01,35040,806.3702392578125,334.4727308778458,2929.983035701752,0.4147880397789684,"{""missing_intervals"": 0, ""filled_by_median"": 0, ""sqft"": 300000.0, ""weekday_hours"": 12.75, ""timezone"": ""EST -> America/New_York clock time"", ""tz_missing_filled"": 4}",698767.2881202695,84635.76860168455,14420.804891012289,14832.898540609975,412.093649597693,0.2476499138327762,804412.8821041955,270613.40893859864,49196.0769613032,49566.00735717069,369.93039586746454,0.733892925721657
cs-31059,"NREL ComStock MA (simulated, AMY2018)",LargeOffice · Suffolk County,LargeOffice,Eversource,2018,2018-01-01,35040,864.1551513671875,390.8000495218251,3423.410176212311,0.4522336630216655,"{""missing_intervals"": 0, ""filled_by_median"": 0, ""sqft"": 300000.0, ""weekday_hours"": 9.75, ""timezone"": ""EST -> America/New_York clock time"", ""tz_missing_filled"": 4}",803099.7058568734,86471.51230407714,12469.023186746352,12878.19633493814,409.17314819178864,0.18631345167946387,900063.8723604726,276692.53937072755,40853.1100879843,41207.800713586235,354.6906256019356,0.5446694797005175
cs-31060,"NREL ComStock MA (simulated, AMY2018)",LargeOffice · Suffolk County,LargeOffice,Eversource,2018,2018-01-01,35040,861.1848754882812,318.90924937017434,2793.641324134827,0.3703145032468861,"{""missing_intervals"": 0, ""filled_by_median"": 0, ""sqft"": 300000.0, ""weekday_hours"": 7.75, ""timezone"": ""EST -> America/New_York clock time"", ""tz_missing_filled"": 4}",668707.1215189222,82770.61297424315,17802.835939351615,18975.919639029093,1173.0836996774742,0.31947324082172834,773900.7404343642,264850.3591400147,59872.53935864422,60892.36989400039,1019.8305353561591,0.9283754812025088
cs-31061,"NREL ComStock MA (simulated, AMY2018)",LargeOffice · Suffolk County,LargeOffice,Eversource,2018,2018-01-01,35040,730.765625,302.3330068017794,2648.450095298767,0.4137208927989454,"{""missing_intervals"": 0, ""filled_by_median"": 0, ""sqft"": 300000.0, ""weekday_hours"": 11.5, ""timezone"": ""EST -> America/New_York clock time"", ""tz_missing_filled"": 4}",631075.1335667177,75458.10824035644,13666.710131440348,14385.115661381684,718.4055299413449,0.25987479596983026,724142.5163576665,241451.7224090576,45579.619192389335,46243.38384328991,663.7646509005572,0.755314621022088
cs-31062,"NREL ComStock MA (simulated, AMY2018)",LargeOffice · Suffolk County,LargeOffice,Eversource,2018,2018-01-01,35040,1325.1488037109375,575.3217335539865,5039.792391357422,0.4341563241372286,"{""missing_intervals"": 0, ""filled_by_median"": 0, ""sqft"": 300000.0, ""weekday_hours"": 10.25, ""timezone"": ""EST -> America/New_York clock time"", ""tz_missing_filled"": 4}",1182133.0843862623,129112.2455517578,14385.24828792653,14622.088117017116,236.83982909053884,0.14602668831042864,1332453.0795232083,413134.8479248047,47744.86159372283,47959.387615038395,214.52602131562162,0.4299876280294151
cs-31063,"NREL ComStock MA (simulated, AMY2018)",LargeOffice · Suffolk County,LargeOffice,Eversource,2018,2018-01-01,35040,1443.62353515625,578.9340591587433,5071.433845298767,0.4010284156915484,"{""missing_intervals"": 0, ""filled_by_median"": 0, ""sqft"": 500000.0, ""weekday_hours"": 12.25, ""timezone"": ""EST -> America/New_York clock time"", ""tz_missing_filled"": 4}",1206083.9659990878,146211.9759991455,18114.624269798893,18417.81505886137,303.19078906248615,0.18023246918593985,1392852.5106536376,467789.9487640381,60325.64989199408,60591.20504939509,265.55515740100236,0.51973040445195
cs-31064,"NREL ComStock MA (simulated, AMY2018)",LargeOffice · Suffolk County,LargeOffice,Eversource,2018,2018-01-01,35040,1706.5914306640625,640.5194083348802,5610.805990837097,0.3753208863152697,"{""missing_intervals"": 0, ""filled_by_median"": 0, ""sqft"": 800000.0, ""weekday_hours"": 12.5, ""timezone"": ""EST -> America/New_York clock time"", ""tz_missing_filled"": 4}",1348964.953724019,176759.65220214843,20139.06086116482,20508.15387206086,369.0930108960747,0.17915122973863426,1588593.324191009,565597.5676025392,67412.96486379356,67742.66842278626,329.70355899269634,0.50922760787597
cs-31065,"NREL ComStock MA (simulated, AMY2018)",LargeOffice · Suffolk County,LargeOffice,Eversource,2018,2018-01-01,35040,920.5564575195312,243.69841731895596,2134.7557206215856,0.2647294637154674,"{""missing_intervals"": 0, ""filled_by_median"": 0, ""sqft"": 300000.0, ""weekday_hours"": 10.25, ""timezone"": ""EST -> America/New_York clock time"", ""tz_missing_filled"": 4}",544571.7188756663,95165.66258361815,16308.023840706031,16810.89825559103,502.8744148849619,0.3593581511954217,693962.0869818119,304512.1814056396,54556.329393026754,55007.4341650632,451.10477203645496,0.9433886447077324
cs-31066,"NREL ComStock MA (simulated, AMY2018)",LargeOffice · Suffolk County,LargeOffice,Eversource,2018,2018-01-01,35040,1692.5147705078125,482.94406439016944,4230.591180167198,0.2853411224560656,"{""missing_intervals"": 0, ""filled_by_median"": 0, ""sqft"": 500000.0, ""weekday_hours"": 16.25, ""timezone"": ""EST -> America/New_York clock time"", ""tz_missing_filled"": 4}",1045833.6005317194,159165.55364868164,19081.676955665578,19718.14984763332,636.4728919677727,0.21894508203940818,1279253.3192020087,506834.31576538086,60383.674156217196,60935.102876571436,551.4287203542044,0.566427367432285
cs-31067,"NREL ComStock MA (simulated, AMY2018)",LargeOffice · Suffolk County,LargeOffice,Eversource,2018,2018-01-01,35040,816.2994384765625,324.70656233748343,2844.5638214492797,0.3977787402910315,"{""missing_intervals"": 0, ""filled_by_median"": 0, ""sqft"": 300000.0, ""weekday_hours"": 12.75, ""timezone"": ""EST -> America/New_York clock time"", ""tz_missing_filled"": 4}",678836.7094054077,82176.91923400879,14260.14074121313,14904.421165498463,644.2804242853163,0.25208078249693194,781219.935690815,262950.65108337405,48464.155695762776,49040.23169498521,576.0759992224339,0.744438079188141
cs-31068,"NREL ComStock MA (simulated, AMY2018)",LargeOffice · Suffolk County,LargeOffice,Eversource,2018,2018-01-01,35040,692.1744995117188,190.03792439881525,1664.726612047434,0.2745520450881589,"{""missing_intervals"": 0, ""filled_by_median"": 0, ""sqft"": 300000.0, ""weekday_hours"": 17.25, ""timezone"": ""EST -> America/New_York clock time"", ""tz_missing_filled"": 4}",416968.61873124074,65569.68861572265,12998.39428286006,13847.516553835932,849.1222709758695,0.3740826632683811,513929.483076493,209810.64359130862,44373.89574634848,45119.78002992597,745.8842835774922,1.0361085839415183
cs-31453,"NREL ComStock MA (simulated, AMY2018)",Grocery · Bristol County,Grocery,Municipal/other,2018,2018-01-01,35040,714.5360717773438,374.15575400095554,3277.559312160492,0.5236345214458901,"{""missing_intervals"": 0, ""filled_by_median"": 0, ""sqft"": 58000.0, ""weekday_hours"": 15.25, ""timezone"": ""EST -> America/New_York clock time"", ""tz_missing_filled"": 4}",756431.7972443553,70102.30826751709,8947.286248781595,9556.419085585378,609.132836803823,0.14193934651678253,821217.6997202692,224314.17207183837,30415.367644462167,31022.910151764198,607.5425073020306,0.4444429435189602
cs-31454,"NREL ComStock MA (simulated, AMY2018)",Grocery · Plymouth County,Grocery,Eversource,2018,2018-01-01,35040,433.6403503417969,214.2105942948224,1876.4648410491943,0.4939821539346622,"{""missing_intervals"": 0, ""filled_by_median"": 0, ""sqft"": 46000.0, ""weekday_hours"": 16.25, ""timezone"": ""EST -> America/New_York clock time"", ""tz_missing_filled"": 4}",438440.2914167491,43517.83003479004,7842.44159088008,9079.859238771562,1237.4176478914815,0.21464564487552443,481807.1397761334,139248.85293884276,28614.269704004877,29867.30792014834,1253.0382161434645,0.7126736158530201
cs-31455,"NREL ComStock MA (simulated, AMY2018)",Grocery · Norfolk County,Grocery,Eversource,2018,2018-01-01,35040,449.8138732910156,257.615106057903,2256.7081512298582,0.5727148968818799,"{""missing_intervals"": 0, ""filled_by_median"": 0, ""sqft"": 46000.0, ""weekday_hours"": 16.5, ""timezone"": ""EST -> America/New_York clock time"", ""tz_missing_filled"": 4}",519274.9165784801,45550.23627807617,7518.8661790903425,8577.46103223879,1058.5948531484464,0.17375457829465143,557332.4327814826,145752.16980590823,27954.84564883767,29044.43547736948,1089.5898285318217,0.6018995630881894
cs-31456,"NREL ComStock MA (simulated, AMY2018)",Grocery · Suffolk County,Grocery,National Grid,2018,2018-01-01,35040,341.93804931640625,217.44210378437825,1904.7881802749637,0.6359108154798301,"{""missing_intervals"": 0, ""filled_by_median"": 0, ""sqft"": 46000.0, ""weekday_hours"": 16.5, ""timezone"": ""EST -> America/New_York clock time"", ""tz_missing_filled"": 4}",435453.3936976715,35017.37814682006,5237.082417393631,6405.779769130104,1168.697351736464,0.14432081577105785,459746.0515203463,112049.00924453736,21059.34080773403,21665.5414885324,1206.2006807983635,0.5496775640750107
cs-31457,"NREL ComStock MA (simulated, AMY2018)",Grocery · Plymouth County,Grocery,Eversource,2018,2018-01-01,35040,794.8864135742188,414.8275801075104,3633.8664090309144,0.5218702609876447,"{""missing_intervals"": 0, ""filled_by_median"": 0, ""sqft"": 90000.0, ""weekday_hours"": 15.75, ""timezone"": ""EST -> America/New_York clock time"", ""tz_missing_filled"": 4}",839526.0288541703,79069.28785858153,9531.743681812812,10145.992789978005,614.2491081652115,0.13624464310876327,914586.7958791018,253006.81647491455,34293.23746754156,34928.4299872977,635.192519756114,0.4499505694426152
cs-31458,"NREL ComStock MA (simulated, AMY2018)",Grocery · Plymouth County,Grocery,Eversource,2018,2018-01-01,35040,887.6053466796875,565.7256380629866,4955.739063766479,0.6373616835221042,"{""missing_intervals"": 0, ""filled_by_median"": 0, ""sqft"": 90000.0, ""weekday_hours"": 14.5, ""timezone"": ""EST -> America/New_York clock time"", ""tz_missing_filled"": 4}",1129265.776969179,94145.43376220703,9642.160883919365,9943.302181757344,301.14129783801036,0.10246120352427039,1202786.1351712474,301247.6414916992,32547.863738585147,32859.54068225727,311.67694367214426,0.324724698300096
cs-31459,"NREL ComStock MA (simulated, AMY2018)",Grocery · Middlesex County,Grocery,National Grid,2018,2018-01-01,35040,818.2490844726562,459.9282512577701,4028.976533477783,0.5620883175863055,"{""missing_intervals"": 0, ""filled_by_median"": 0, ""sqft"": 90000.0, ""weekday_hours"": 13.75, ""timezone"": ""EST -> America/New_York clock time"", ""tz_missing_filled"": 4}",922141.3336537422,79798.5327026367,9662.10658193854,10394.85176769412,732.7451857555861,0.12573482475171116,988639.4554614166,255340.26251220706,34372.04056374145,35117.025808039085,744.9852442976262,0.4172041531281922
cs-31460,"NREL ComStock MA (simulated, AMY2018)",Grocery · Worcester County,Grocery,National Grid,2018,2018-01-01,35040,937.5354614257812,532.1645733563323,4661.732859752655,0.5676207410299225,"{""missing_intervals"": 0, ""filled_by_median"": 0, ""sqft"": 125000.0, ""weekday_hours"": 17.25, ""timezone"": ""EST -> America/New_York clock time"", ""tz_missing_filled"": 4}",1072406.1928166992,97978.79231079102,9970.502386417269,10552.635569530245,582.1331831130083,0.11156782704019474,1161683.2608657072,313513.66625366214,34318.57409488222,34911.07435348162,592.5002585994371,0.3545053139800679
cs-31461,"NREL ComStock MA (simulated, AMY2018)",Grocery · Worcester County,Grocery,National Grid,2018,2018-01-01,35040,1178.2989501953125,749.9085197701302,6569.13135332489,0.6364331561577194,"{""missing_intervals"": 0, ""filled_by_median"": 0, ""sqft"": 125000.0, ""weekday_hours"": 12.75, ""timezone"": ""EST -> America/New_York clock time"", ""tz_missing_filled"": 4}",1496888.5822133373,126136.28172485351,9987.586236210933,10384.921325428788,397.3350892179442,0.08006677067261507,1600558.9525344165,403612.3246520996,33915.176322151645,34317.602247433286,402.4259252816555,0.2542749926339052
cs-31462,"NREL ComStock MA (simulated, AMY2018)",Grocery · Plymouth County,Grocery,Eversource,2018,2018-01-01,35040,387.0398254394531,231.72865473712417,2029.9306833553312,0.5987204403939946,"{""missing_intervals"": 0, ""filled_by_median"": 0, ""sqft"": 58000.0, ""weekday_hours"": 15.25, ""timezone"": ""EST -> America/New_York clock time"", ""tz_missing_filled"": 4}",465812.8648693232,39249.31270401,5704.953777369672,6761.887348651351,1056.9335712816937,0.14696769988875538,496005.95770510635,125590.4021018982,21470.905617331875,22550.618125982477,1079.712508650602,0.5194511545790048
cs-31463,"NREL ComStock MA (simulated, AMY2018)",Grocery · Middlesex County,Grocery,Municipal/other,2018,2018-01-01,35040,398.5193481445313,250.13578988667493,2191.167965118408,0.6276628501258062,"{""missing_intervals"": 0, ""filled_by_median"": 0, ""sqft"": 46000.0, ""weekday_hours"": 13.75, ""timezone"": ""EST -> America/New_York clock time"", ""tz_missing_filled"": 4}",502428.93153382855,42253.38762359619,5514.443816638981,6405.2171011992405,890.7732845602659,0.13170683781615056,534889.5090302067,135202.8755722046,20671.873939748228,21600.09133397417,928.2173942259542,0.46376397945574577
cs-31464,"NREL ComStock MA (simulated, AMY2018)",Grocery · Hampden County,Grocery,Municipal/other,2018,2018-01-01,35040,661.2034912109375,323.2934578703963,2832.054528465271,0.4889469916111786,"{""missing_intervals"": 0, ""filled_by_median"": 0, ""sqft"": 58000.0, ""weekday_hours"": 16.0, ""timezone"": ""EST -> America/New_York clock time"", ""tz_missing_filled"": 4}",659891.0803454547,66088.9274710083,10051.723486819996,10928.514349271165,876.7908624511692,0.1827887744424348,727494.2719781506,211472.1100509644,35199.49933538332,36089.219914053014,889.7205786696868,0.5806148698271619
cs-31885,"NREL ComStock MA (simulated, AMY2018)",MediumOffice · Middlesex County,MediumOffice,Municipal/other,2018,2018-01-01,35040,435.2407531738281,115.68989968301229,1013.436708118558,0.2658066801865118,"{""missing_intervals"": 0, ""filled_by_median"": 0, ""sqft"": 75000.0, ""weekday_hours"": 10.0, ""timezone"": ""EST -> America/New_York clock time"", ""tz_missing_filled"": 4}",256414.9589090408,40851.77320831298,9544.894304309742,10783.873271646215,1238.9789673364758,0.4466928612084123,316608.3760572424,130717.97364959716,34175.13214020331,35267.333991149615,1092.201850946296,1.2952960714099804
cs-31886,"NREL ComStock MA (simulated, AMY2018)",MediumOffice · Middlesex County,MediumOffice,National Grid,2018,2018-01-01,35040,416.9460754394531,204.2437504842401,1789.1752401809692,0.4898565126652676,"{""missing_intervals"": 0, ""filled_by_median"": 0, ""sqft"": 125000.0, ""weekday_hours"": 9.25, ""timezone"": ""EST -> America/New_York clock time"", ""tz_missing_filled"": 4}",415388.2750274608,38832.24965759278,6621.802468196198,7774.911871194017,1153.1094029978194,0.19129483039236303,450964.8628728769,124255.87897033691,24288.750833388494,25447.606610467203,1158.855777078701,0.6463142342041477
cs-31887,"NREL ComStock MA (simulated, AMY2018)",MediumOffice · Middlesex County,MediumOffice,National Grid,2018,2018-01-01,35040,445.8299255371094,109.79807720881074,961.8280031661988,0.2462779434927625,"{""missing_intervals"": 0, ""filled_by_median"": 0, ""sqft"": 125000.0, ""weekday_hours"": 7.0, ""timezone"": ""EST -> America/New_York clock time"", ""tz_missing_filled"": 4}",246445.1773969607,41611.11350128173,12171.43871234924,13541.220151737261,1369.7814393880199,0.5926562089422819,309668.92926244554,133147.71945037844,42113.30921694897,43329.3519464166,1216.0427294676174,1.631935473174622
cs-31889,"NREL ComStock MA (simulated, AMY2018)",MediumOffice · Middlesex County,MediumOffice,National Grid,2018,2018-01-01,35040,422.8284606933594,191.11784985773096,1674.192056610107,0.451998546986013,"{""missing_intervals"": 0, ""filled_by_median"": 0, ""sqft"": 125000.0, ""weekday_hours"": 13.0, ""timezone"": ""EST -> America/New_York clock time"", ""tz_missing_filled"": 4}",394725.25054571027,41811.37514663696,7481.731995208265,8424.352657926293,942.62066271804,0.22745133182733218,439624.65893965523,133788.51896591188,26460.911805124117,27375.980111042147,915.0683059180301,0.7222773682153145
cs-31894,"NREL ComStock MA (simulated, AMY2018)",MediumOffice · Middlesex County,MediumOffice,Eversource,2018,2018-01-01,35040,342.51568603515625,104.62938303174494,916.55318206501,0.3054732594670296,"{""missing_intervals"": 0, ""filled_by_median"": 0, ""sqft"": 90000.0, ""weekday_hours"": 10.0, ""timezone"": ""EST -> America/New_York clock time"", ""tz_missing_filled"": 4}",225234.90776082588,30088.41632400512,9441.251714987551,10930.194633094517,1488.9429181069663,0.5030082668187347,264579.19838715484,96277.26052780153,34549.353907129465,35370.48009452605,1421.126187396596,1.5669873119763817
cs-33591,"NREL ComStock MA (simulated, AMY2018)",LargeOffice · Suffolk County,LargeOffice,Eversource,2018,2018-01-01,35040,367.2465515136719,161.66019203499573,1416.1372596702577,0.4401952621983366,"{""missing_intervals"": 0, ""filled_by_median"": 0, ""sqft"": 175000.0, ""weekday_hours"": 13.0, ""timezone"": ""EST -> America/New_York clock time"", ""tz_missing_filled"": 4}",339632.9877748051,40274.16866790771,8918.46515886571,10840.331877245037,1921.866718379326,0.31510950278289684,387862.23802216066,128869.74799957278,33534.99699247628,34717.40214005266,1782.4051475763808,1.037533238507026
cs-33598,"NREL ComStock MA (simulated, AMY2018)",LargeOffice · Suffolk County,LargeOffice,Eversource,2018,2018-01-01,35040,375.19818115234375,160.26021248194726,1403.8897105178833,0.4271348330893852,"{""missing_intervals"": 0, ""filled_by_median"": 0, ""sqft"": 175000.0, ""weekday_hours"": 18.5, ""timezone"": ""EST -> America/New_York clock time"", ""tz_missing_filled"": 4}",335722.9313325203,39233.218485412595,9717.029799503693,10796.704042095458,1079.6742425917655,0.34732318442243165,382305.1422535569,125538.90363616943,34367.698232812516,34727.071922780044,959.373689967535,1.078751848229719
cs-33777,"NREL ComStock MA (simulated, AMY2018)",PrimarySchool · Plymouth County,PrimarySchool,Eversource,2018,2018-01-01,35040,402.4640502929687,43.12486287603095,377.76874583411217,0.1071520868625129,"{""missing_intervals"": 0, ""filled_by_median"": 0, ""sqft"": 46000.0, ""weekday_hours"": 8.25, ""timezone"": ""EST -> America/New_York clock time"", ""tz_missing_filled"": 4}",107384.98863348855,24379.989230613708,10663.641661609841,11741.573712072912,1077.9320504630682,1.1916348976491113,147445.24421977685,76947.96652469636,35234.69278289359,35400.8538770132,766.1610941196091,2.867615809734002
cs-34201,"NREL ComStock MA (simulated, AMY2018)",PrimarySchool · Barnstable County,PrimarySchool,Eversource,2018,2018-01-01,35040,329.8038330078125,55.6600023970212,487.5745400078297,0.1687669967004377,"{""missing_intervals"": 0, ""filled_by_median"": 0, ""sqft"": 46000.0, ""weekday_hours"": 12.0, ""timezone"": ""EST -> America/New_York clock time"", ""tz_missing_filled"": 4}",130322.14168865196,24391.959762039187,8504.678471612584,8840.211925573265,335.5334539606838,0.7831066949710644,168480.36497937568,78049.67331962586,28936.886446340548,28664.93950383733,328.0530574967852,2.061027333354803
cs-34202,"NREL ComStock MA (simulated, AMY2018)",PrimarySchool · Middlesex County,PrimarySchool,Municipal/other,2018,2018-01-01,35040,318.9042663574219,59.44198789840147,520.6970660856962,0.1863944580527499,"{""missing_intervals"": 0, ""filled_by_median"": 0, ""sqft"": 58000.0, ""weekday_hours"": 9.25, ""timezone"": ""EST -> America/New_York clock time"", ""tz_missing_filled"": 4}",137935.01275346367,25161.81939338684,8392.824875427443,8733.997222974773,341.17234754733,0.7301547047024165,176957.89461391364,80513.07902030945,28221.945050544986,27947.14474269497,325.19969214998036,1.9138074701071393
cs-34206,"NREL ComStock MA (simulated, AMY2018)",PrimarySchool · Worcester County,PrimarySchool,Municipal/other,2018,2018-01-01,35040,392.65179443359375,62.569456187856794,548.0965977370739,0.1593510002370273,"{""missing_intervals"": 0, ""filled_by_median"": 0, ""sqft"": 75000.0, ""weekday_hours"": 9.75, ""timezone"": ""EST -> America/New_York clock time"", ""tz_missing_filled"": 4}",144655.3162053212,26083.031234893795,8697.232032868702,9197.966264498331,500.73423162962627,0.7214859925803767,184878.90768780446,83460.78326339721,29259.867129566177,29739.42990586217,479.56277629598844,1.899180441652705
cs-34212,"NREL ComStock MA (simulated, AMY2018)",PrimarySchool · Hampden County,PrimarySchool,National Grid,2018,2018-01-01,35040,350.96417236328125,57.96515819631755,507.7716011526585,0.1651597592027658,"{""missing_intervals"": 0, ""filled_by_median"": 0, ""sqft"": 75000.0, ""weekday_hours"": 10.0, ""timezone"": ""EST -> America/New_York clock time"", ""tz_missing_filled"": 4}",132763.4388868379,22824.653787002557,9659.901061955788,10127.86231216995,467.9612502141663,0.873123005214364,167130.94650512788,73034.58963890077,32698.944788373654,32520.54167874879,421.5968903751391,2.3477838525161747
cs-34309,"NREL ComStock MA (simulated, AMY2018)",Warehouse · Plymouth County,Warehouse,Municipal/other,2018,2018-01-01,35040,453.8951416015625,91.3091425892425,799.7628894071579,0.2011679223246574,"{""missing_intervals"": 0, ""filled_by_median"": 0, ""sqft"": 125000.0, ""weekday_hours"": 6.25, ""timezone"": ""EST -> America/New_York clock time"", ""tz_missing_filled"": 4}",197553.2816024894,26995.956442337032,10236.112182725123,11227.611810240376,991.4996275152535,0.6217732512278026,233502.026050536,86381.97183952332,34997.95008753372,35911.20972851161,913.2596409778826,1.7985942484263964
cs-34310,"NREL ComStock MA (simulated, AMY2018)",Warehouse · Bristol County,Warehouse,National Grid,2018,2018-01-01,35040,502.6710205078125,98.28969657089068,860.9635433220864,0.1955348380171103,"{""missing_intervals"": 0, ""filled_by_median"": 0, ""sqft"": 125000.0, ""weekday_hours"": 7.25, ""timezone"": ""EST -> America/New_York clock time"", ""tz_missing_filled"": 4}",213676.24667906004,30334.311039276115,11679.061240294743,12851.298497299002,1172.2372570042626,0.6558929083682341,255284.627963348,97064.07726516725,41578.42571940213,42651.381211024694,1072.955491622568,1.9544502644493738
cs-34311,"NREL ComStock MA (simulated, AMY2018)",Warehouse · Bristol County,Warehouse,National Grid,2018,2018-01-01,35040,354.1582946777344,106.50326485873356,932.9241170253754,0.3007222094166847,"{""missing_intervals"": 0, ""filled_by_median"": 0, ""sqft"": 125000.0, ""weekday_hours"": 9.0, ""timezone"": ""EST -> America/New_York clock time"", ""tz_missing_filled"": 4}",226007.20144428787,27533.29143814087,8448.923102005987,9725.843526626582,1276.9204246205954,0.44860109136418097,259383.13252518896,88101.34253768921,31068.016359190977,31660.470739411066,1192.4543802200951,1.4373185822871006
cs-34312,"NREL ComStock MA (simulated, AMY2018)",Warehouse · Plymouth County,Warehouse,National Grid,2018,2018-01-01,35040,384.8499145507813,86.81817339381126,760.4559331674576,0.2255896912310618,"{""missing_intervals"": 0, ""filled_by_median"": 0, ""sqft"": 90000.0, ""weekday_hours"": 9.75, ""timezone"": ""EST -> America/New_York clock time"", ""tz_missing_filled"": 4}",186819.6464162049,24337.629490432737,8704.041439141483,9867.900384925926,1163.8589457844446,0.5590873298036488,217854.32911354245,77875.82669181823,31027.24945547232,32142.915710184636,1115.666254712325,1.7090640107115638
cs-34314,"NREL ComStock MA (simulated, AMY2018)",Warehouse · Norfolk County,Warehouse,National Grid,2018,2018-01-01,35040,569.7879638671875,117.22073273794835,1026.7821149468425,0.205726937337117,"{""missing_intervals"": 0, ""filled_by_median"": 0, ""sqft"": 125000.0, ""weekday_hours"": 7.75, ""timezone"": ""EST -> America/New_York clock time"", ""tz_missing_filled"": 4}",254608.15052622854,36687.256575317384,11340.549201308218,12309.710298988573,969.1610976803495,0.534494241973136,305717.04285922134,117392.3054412842,39172.626181912245,40066.67498976007,894.0488078478274,1.5376032352877647
cs-34315,"NREL ComStock MA (simulated, AMY2018)",Warehouse · Bristol County,Warehouse,National Grid,2018,2018-01-01,35040,365.2019348144531,89.76533494670642,786.3083483982086,0.2457964385985884,"{""missing_intervals"": 0, ""filled_by_median"": 0, ""sqft"": 125000.0, ""weekday_hours"": 8.75, ""timezone"": ""EST -> America/New_York clock time"", ""tz_missing_filled"": 4}",192947.51678729494,24936.815301208495,7789.611808131858,9345.283994058631,1555.6721859267727,0.4844599363288483,224458.19531411864,79793.10833892823,29789.902932397512,30622.116094275247,1432.2131618777366,1.592629909050527
cs-34316,"NREL ComStock MA (simulated, AMY2018)",Warehouse · Middlesex County,Warehouse,National Grid,2018,2018-01-01,35040,746.4993286132812,145.46246707820458,1274.1119922790526,0.1948594747545451,"{""missing_intervals"": 0, ""filled_by_median"": 0, ""sqft"": 175000.0, ""weekday_hours"": 6.0, ""timezone"": ""EST -> America/New_York clock time"", ""tz_missing_filled"": 4}",315134.2394163399,45810.456824646,13026.11278674542,14007.24627899463,981.1334922492151,0.49602148509934363,379819.6489456594,146584.8265029907,45423.972689455695,46313.636110408064,889.6634209523672,1.4351223634337404
cs-34317,"NREL ComStock MA (simulated, AMY2018)",Warehouse · Plymouth County,Warehouse,National Grid,2018,2018-01-01,35040,418.0200500488281,110.0972314255967,964.4163782076836,0.2633778724554874,"{""missing_intervals"": 0, ""filled_by_median"": 0, ""sqft"": 125000.0, ""weekday_hours"": 10.75, ""timezone"": ""EST -> America/New_York clock time"", ""tz_missing_filled"": 4}",234844.0778136924,29815.212223815917,8952.678976552203,10026.273684743066,1073.594708190869,0.45746160055973395,272399.9845917871,95403.05890655519,32034.909938383877,32404.132447888464,969.2225095045815,1.411229592529855
cs-34318,"NREL ComStock MA (simulated, AMY2018)",Warehouse · Norfolk County,Warehouse,National Grid,2018,2018-01-01,35040,481.4728393554687,160.04420972686924,1401.9097834205627,0.3324054788658794,"{""missing_intervals"": 0, ""filled_by_median"": 0, ""sqft"": 175000.0, ""weekday_hours"": 9.5, ""timezone"": ""EST -> America/New_York clock time"", ""tz_missing_filled"": 4}",338585.9770566885,42352.25638793945,8630.651961653577,9982.19379590229,1351.5418342487137,0.30588338135014626,391941.98741265596,135519.2369812012,31313.11237627669,32507.529854545402,1194.4174782687223,0.9587065448022651
cs-34320,"NREL ComStock MA (simulated, AMY2018)",Warehouse · Middlesex County,Warehouse,Municipal/other,2018,2018-01-01,35040,560.5233764648438,125.67436048374871,1100.8469231996537,0.2242089549883939,"{""missing_intervals"": 0, ""filled_by_median"": 0, ""sqft"": 125000.0, ""weekday_hours"": 9.25, ""timezone"": ""EST -> America/New_York clock time"", ""tz_missing_filled"": 4}",268745.30731100496,35478.4433253479,10918.733218492327,11843.752664152635,925.0194456603112,0.4875426474713463,315292.05083385506,113524.33090438844,37603.001489210685,38472.00401006811,869.002520857437,1.4311683934851551
cs-34705,"NREL ComStock MA (simulated, AMY2018)",MediumOffice · Middlesex County,MediumOffice,Municipal/other,2018,2018-01-01,35040,363.3732299804687,90.221679876493,790.3392417173386,0.2482892861462095,"{""missing_intervals"": 0, ""filled_by_median"": 0, ""sqft"": 90000.0, ""weekday_hours"": 6.5, ""timezone"": ""EST -> America/New_York clock time"", ""tz_missing_filled"": 4}",201490.1766024747,32595.82373214721,11081.942593843094,12138.021879591492,1056.0792857484012,0.6599989804390485,249691.25954431773,104300.49158401489,38457.56165641146,38839.38198040823,981.8203239967734,1.8482454721048314
cs-34707,"NREL ComStock MA (simulated, AMY2018)",MediumOffice · Plymouth County,MediumOffice,National Grid,2018,2018-01-01,35040,489.4576110839844,162.82553759622792,1426.3421495876312,0.3326652480398128,"{""missing_intervals"": 0, ""filled_by_median"": 0, ""sqft"": 125000.0, ""weekday_hours"": 9.0, ""timezone"": ""EST -> America/New_York clock time"", ""tz_missing_filled"": 4}",345395.04664233024,44181.79025497437,10290.525282647432,10714.133159657238,423.6078770098138,0.35752192914232483,402219.0262830194,141373.40048599243,33957.78370185758,34331.635800673896,373.8520988163182,1.013113199015007
cs-34712,"NREL ComStock MA (simulated, AMY2018)",MediumOffice · Suffolk County,MediumOffice,Eversource,2018,2018-01-01,35040,430.4436340332031,101.47126696104328,888.8798231606484,0.2357364796181794,"{""missing_intervals"": 0, ""filled_by_median"": 0, ""sqft"": 125000.0, ""weekday_hours"": 6.75, ""timezone"": ""EST -> America/New_York clock time"", ""tz_missing_filled"": 4}",227377.22202351768,37937.42382858276,13265.096543683641,14076.88402660139,811.7874829177417,0.7000752190900615,284672.49783443724,121392.60499343873,44303.06333302155,45043.37537258409,740.3120395625228,1.8675381852498212
cs-35187,"NREL ComStock MA (simulated, AMY2018)",LargeHotel · Suffolk County,LargeHotel,Eversource,2018,2018-01-01,35040,464.7608642578125,103.2275987085142,904.2418807821274,0.2221090600503998,"{""missing_intervals"": 0, ""filled_by_median"": 0, ""sqft"": 67000.0, ""weekday_hours"": 12.5, ""timezone"": ""EST -> America/New_York clock time"", ""tz_missing_filled"": 4}",220855.06938986576,28519.699427490235,10044.803676296991,10573.276710369737,528.4730340727492,0.5457771218408579,257271.52877391095,91198.71227035523,34285.98633222567,34843.66895900248,557.6826267768265,1.5992124660955875
cs-35189,"NREL ComStock MA (simulated, AMY2018)",LargeHotel · Suffolk County,LargeHotel,Eversource,2018,2018-01-01,35040,777.9288940429688,177.84718939038717,1557.944639969826,0.2286162536862447,"{""missing_intervals"": 0, ""filled_by_median"": 0, ""sqft"": 125000.0, ""weekday_hours"": 15.75, ""timezone"": ""EST -> America/New_York clock time"", ""tz_missing_filled"": 4}",379789.24987896095,51510.3730178833,14676.92579019938,15264.383513795987,587.4577235966062,0.46373905932967585,449466.06082862685,164732.96228790283,51005.52545437912,51565.57115520542,560.0457008263111,1.3617631202768814
cs-35190,"NREL ComStock MA (simulated, AMY2018)",LargeHotel · Middlesex County,LargeHotel,Eversource,2018,2018-01-01,35040,578.9078369140625,133.83431978203936,1172.3581429309845,0.2311841561783983,"{""missing_intervals"": 0, ""filled_by_median"": 0, ""sqft"": 90000.0, ""weekday_hours"": 15.5, ""timezone"": ""EST -> America/New_York clock time"", ""tz_missing_filled"": 4}",284178.8795756774,36133.70326782226,11961.437943750185,12588.031441132996,626.5934973828171,0.5050947330756084,330364.74925637525,115621.03920288087,40215.81771812005,40839.03259048262,623.2148723625542,1.4607787716568184
cs-35191,"NREL ComStock MA (simulated, AMY2018)",LargeHotel · Worcester County,LargeHotel,National Grid,2018,2018-01-01,35040,403.0338439941406,121.84061561229566,1067.309155852318,0.3023086458567162,"{""missing_intervals"": 0, ""filled_by_median"": 0, ""sqft"": 90000.0, ""weekday_hours"": 15.0, ""timezone"": ""EST -> America/New_York clock time"", ""tz_missing_filled"": 4}",259002.2316119084,32683.563620605462,12419.464429496795,13579.381682939274,1159.9172534424742,0.5754142434466548,300252.53078838455,104581.24268798828,43915.41911094576,44422.96548813339,1107.5463771876293,1.7551393420319368
cs-35192,"NREL ComStock MA (simulated, AMY2018)",LargeHotel · Middlesex County,LargeHotel,Eversource,2018,2018-01-01,35040,584.481689453125,183.1702600461707,1604.555209838867,0.3133892187752801,"{""missing_intervals"": 0, ""filled_by_median"": 0, ""sqft"": 125000.0, ""weekday_hours"": 8.5, ""timezone"": ""EST -> America/New_York clock time"", ""tz_missing_filled"": 4}",383845.4869143785,45997.2434008789,14243.145843101342,14883.6416062653,640.495763163959,0.4452774773807395,440380.3687395512,147182.50833740234,48859.63812482777,49537.71198150545,678.0738566776672,1.3313846372763511
cs-35193,"NREL ComStock MA (simulated, AMY2018)",LargeHotel · Worcester County,LargeHotel,National Grid,2018,2018-01-01,35040,398.5496520996094,146.5748729391185,1283.999847949028,0.3677706708987042,"{""missing_intervals"": 0, ""filled_by_median"": 0, ""sqft"": 125000.0, ""weekday_hours"": 10.75, ""timezone"": ""EST -> America/New_York clock time"", ""tz_missing_filled"": 4}",308003.2353741979,36663.1080430603,12104.219833670366,12783.643272069887,679.4234383995245,0.4715880267542552,352318.80804752454,117315.03469009399,41656.63303827896,41749.9151366043,693.2820983253405,1.41882745127793
cs-35194,"NREL ComStock MA (simulated, AMY2018)",LargeHotel · Middlesex County,LargeHotel,Eversource,2018,2018-01-01,35040,309.4143981933594,133.89971785077222,1172.9555301675796,0.432752058833072,"{""missing_intervals"": 0, ""filled_by_median"": 0, ""sqft"": 125000.0, ""weekday_hours"": 18.5, ""timezone"": ""EST -> America/New_York clock time"", ""tz_missing_filled"": 4}",275073.2385611612,26876.871998291015,8224.17617200586,9193.513049020266,969.3368770144043,0.35877759167083445,300220.8448937319,85373.13864822389,30342.567705180765,30734.800901321632,992.2331961408672,1.2128098986299642
cs-36289,"NREL ComStock MA (simulated, AMY2018)",Warehouse · Worcester County,Warehouse,National Grid,2018,2018-01-01,35040,887.8531494140625,186.79550737550815,1636.1683568973542,0.2103900937883518,"{""missing_intervals"": 0, ""filled_by_median"": 0, ""sqft"": 300000.0, ""weekday_hours"": 6.0, ""timezone"": ""EST -> America/New_York clock time"", ""tz_missing_filled"": 4}",405736.80945862166,61185.32985565185,21494.157440358795,22859.24561535754,1365.0881749987457,0.6357073927516306,494744.2608728605,195781.52201690676,77213.84528591947,78460.79191623295,1246.9466303134686,1.8728183765008704
cs-36291,"NREL ComStock MA (simulated, AMY2018)",Warehouse · Middlesex County,Warehouse,Municipal/other,2018,2018-01-01,35040,688.4440307617188,118.86763518760192,1041.1652333040238,0.1726612910799482,"{""missing_intervals"": 0, ""filled_by_median"": 0, ""sqft"": 125000.0, ""weekday_hours"": 9.0, ""timezone"": ""EST -> America/New_York clock time"", ""tz_missing_filled"": 4}",263199.60916722886,42296.612979888916,15219.60950336289,16022.102056111094,802.4925527482083,0.693904199243373,326284.83486900374,135341.18856430054,51083.4230304718,51827.90822306332,744.4851925915282,1.8787299036186227
cs-36292,"NREL ComStock MA (simulated, AMY2018)",Warehouse · Middlesex County,Warehouse,National Grid,2018,2018-01-01,35040,490.34136962890625,163.97939814051537,1436.3973569364548,0.3344188524509284,"{""missing_intervals"": 0, ""filled_by_median"": 0, ""sqft"": 175000.0, ""weekday_hours"": 14.75, ""timezone"": ""EST -> America/New_York clock time"", ""tz_missing_filled"": 4}",341889.7149927221,38423.16515762329,7537.574544382162,8286.796161448674,749.2216170665197,0.26456161319304794,385509.6652734617,122829.16720809937,26957.999012305805,27745.09707287176,787.098060565957,0.8391384634110208
cs-36293,"NREL ComStock MA (simulated, AMY2018)",Warehouse · Bristol County,Warehouse,National Grid,2018,2018-01-01,35040,731.5819702148438,216.6251390659646,1897.5430737400056,0.296105081707178,"{""missing_intervals"": 0, ""filled_by_median"": 0, ""sqft"": 175000.0, ""weekday_hours"": 16.25, ""timezone"": ""EST -> America/New_York clock time"", ""tz_missing_filled"": 4}",452654.60300999065,53030.07969909668,10926.997769129423,11450.647751227782,523.6499820983263,0.2896777639233661,516084.1614852006,169686.25879211427,37344.99751931516,37898.91332340601,553.9158040908587,0.868346683886041
cs-36294,"NREL ComStock MA (simulated, AMY2018)",Warehouse · Bristol County,Warehouse,National Grid,2018,2018-01-01,35040,1618.6243896484375,392.3496477915272,3436.8449081115723,0.2423969701066625,"{""missing_intervals"": 0, ""filled_by_median"": 0, ""sqft"": 300000.0, ""weekday_hours"": 16.5, ""timezone"": ""EST -> America/New_York clock time"", ""tz_missing_filled"": 4}",825485.4191521476,105301.85200012207,16355.880287477907,16725.475726836135,369.59543935822876,0.23776381616930742,965301.5853495174,336946.076852417,54255.303386202424,54645.45520162949,390.1518154270743,0.6744665610371823
cs-36295,"NREL ComStock MA (simulated, AMY2018)",Warehouse · Bristol County,Warehouse,National Grid,2018,2018-01-01,35040,554.6436767578125,153.43862849326982,1344.0350729579925,0.2766436090828624,"{""missing_intervals"": 0, ""filled_by_median"": 0, ""sqft"": 175000.0, ""weekday_hours"": 8.5, ""timezone"": ""EST -> America/New_York clock time"", ""tz_missing_filled"": 4}",323984.5651505394,39796.68887908935,9362.54612489662,10248.5650563123,886.0189314156778,0.34677748752183846,373260.4393391268,127341.90268096924,32080.998576970313,32880.889680489476,799.8911035191686,1.0313763323143827
cs-36297,"NREL ComStock MA (simulated, AMY2018)",Warehouse · Plymouth County,Warehouse,National Grid,2018,2018-01-01,35040,404.1954345703125,93.07654126996864,815.2963831396103,0.2302760825809806,"{""missing_intervals"": 0, ""filled_by_median"": 0, ""sqft"": 125000.0, ""weekday_hours"": 10.0, ""timezone"": ""EST -> America/New_York clock time"", ""tz_missing_filled"": 4}",200931.58338613473,26899.998320770257,8372.849396398231,9512.827627790164,1139.9782313919368,0.5000418105684026,236005.50048057092,86074.92393875124,30511.598866133994,30968.010950842283,1056.4120847082904,1.5514010717887918
cs-36300,"NREL ComStock MA (simulated, AMY2018)",Warehouse · Suffolk County,Warehouse,National Grid,2018,2018-01-01,35040,315.3975830078125,75.15155004948785,658.293991923809,0.2382756054526464,"{""missing_intervals"": 0, ""filled_by_median"": 0, ""sqft"": 90000.0, ""weekday_hours"": 8.0, ""timezone"": ""EST -> America/New_York clock time"", ""tz_missing_filled"": 4}",162059.5119038118,20804.58731887817,8095.856066523798,9511.100898963601,1415.2448324398028,0.5994728211692245,187396.96303932357,66570.75772628785,29815.608837561183,31159.901359506835,1344.2925219456556,1.9092481556152847
cs-38053,"NREL ComStock MA (simulated, AMY2018)",PrimarySchool · Worcester County,PrimarySchool,National Grid,2018,2018-01-01,35040,360.8990173339844,83.9613448721361,735.4951092648506,0.2326449805609648,"{""missing_intervals"": 0, ""filled_by_median"": 0, ""sqft"": 67000.0, ""weekday_hours"": 14.0, ""timezone"": ""EST -> America/New_York clock time"", ""tz_missing_filled"": 4}",185610.04933325696,27919.83810668945,6971.200987401875,8067.303313779531,1096.1023263776606,0.45069979857945974,224773.78471988768,89338.21901245117,25594.116949294745,26037.920927860665,1043.803978565922,1.3663933441983929
cs-38056,"NREL ComStock MA (simulated, AMY2018)",PrimarySchool · Barnstable County,PrimarySchool,Eversource,2018,2018-01-01,35040,317.2275085449219,68.8464043084379,603.0912737996877,0.2170253286804372,"{""missing_intervals"": 0, ""filled_by_median"": 0, ""sqft"": 58000.0, ""weekday_hours"": 13.25, ""timezone"": ""EST -> America/New_York clock time"", ""tz_missing_filled"": 4}",155759.10779932173,25536.329760360717,6483.120040895781,7706.736348925218,1223.616308029439,0.49947281792974,193111.18650010222,81711.44159889221,24352.47350028588,24931.47298632179,1178.999486035912,1.513271640549295
cs-38545,"NREL ComStock MA (simulated, AMY2018)",LargeHotel · Suffolk County,LargeHotel,Eversource,2018,2018-01-01,35040,543.7386474609375,213.13479244186453,1867.083405392647,0.3919802159311772,"{""missing_intervals"": 0, ""filled_by_median"": 0, ""sqft"": 125000.0, ""weekday_hours"": 12.75, ""timezone"": ""EST -> America/New_York clock time"", ""tz_missing_filled"": 4}",437908.5382212589,45179.114227294915,8890.92556458039,9543.062631256224,652.1370666758376,0.24363787746257104,485412.19291891134,144564.64920043945,30569.43068368475,31221.39569751847,651.9650138337056,0.7557147792237203
cs-38546,"NREL ComStock MA (simulated, AMY2018)",LargeHotel · Suffolk County,LargeHotel,Eversource,2018,2018-01-01,35040,392.1463623046875,207.25661438208192,1815.5539687986377,0.5285185183511888,"{""missing_intervals"": 0, ""filled_by_median"": 0, ""sqft"": 125000.0, ""weekday_hours"": 16.0, ""timezone"": ""EST -> America/New_York clock time"", ""tz_missing_filled"": 4}",420636.38574983843,38701.993030548096,8366.813539734208,9154.902239809353,788.0887000751536,0.2386901511095657,455339.13082625926,123839.0823173523,29421.79938077935,29597.32298676112,775.5236059817835,0.775381619253074
cs-38547,"NREL ComStock MA (simulated, AMY2018)",LargeHotel · Worcester County,LargeHotel,Municipal/other,2018,2018-01-01,35040,455.8385314941406,175.87718617306453,1540.6864423875809,0.3858322059712173,"{""missing_intervals"": 0, ""filled_by_median"": 0, ""sqft"": 125000.0, ""weekday_hours"": 9.5, ""timezone"": ""EST -> America/New_York clock time"", ""tz_missing_filled"": 4}",366364.9448445041,41416.81140045166,10486.187344482863,11260.567184448899,774.3798399660373,0.3434669443802874,413632.0174696247,132031.6235610962,37196.983752261076,37957.97687691009,760.9931246490305,1.0791326255586873
cs-38552,"NREL ComStock MA (simulated, AMY2018)",LargeHotel · Middlesex County,LargeHotel,Eversource,2018,2018-01-01,35040,347.8558044433594,150.39378350151185,1317.4466362848282,0.432345188956018,"{""missing_intervals"": 0, ""filled_by_median"": 0, ""sqft"": 90000.0, ""weekday_hours"": 16.0, ""timezone"": ""EST -> America/New_York clock time"", ""tz_missing_filled"": 4}",308735.69259953994,30406.872229614255,7271.549182455052,8196.759352071009,925.210169615948,0.2826320126926285,338372.87502306025,97296.25939636231,27570.519583695663,27883.917919424424,913.3983357287616,0.977756373000645
cs-38556,"NREL ComStock MA (simulated, AMY2018)",LargeHotel · Middlesex County,LargeHotel,Eversource,2018,2018-01-01,35040,490.9070739746094,249.7409398949854,2187.7255381622313,0.5087336343983963,"{""missing_intervals"": 0, ""filled_by_median"": 0, ""sqft"": 125000.0, ""weekday_hours"": 16.75, ""timezone"": ""EST -> America/New_York clock time"", ""tz_missing_filled"": 4}",506748.7880016451,47540.62053619385,10776.653676099791,11323.049862083335,546.3961859835399,0.25519517199669683,551179.7661372757,152121.0242416382,37187.404822096716,37712.97146340523,525.5666413085164,0.8096248906096796
cs-41306,"NREL ComStock MA (simulated, AMY2018)",LargeOffice · Norfolk County,LargeOffice,Municipal/other,2018,2018-01-01,35040,332.8167419433594,145.51660072683742,1274.7190588474273,0.4372274059205899,"{""missing_intervals"": 0, ""filled_by_median"": 0, ""sqft"": 90000.0, ""weekday_hours"": 12.0, ""timezone"": ""EST -> America/New_York clock time"", ""tz_missing_filled"": 4}",300891.5487114331,31481.31750991821,9108.086255934075,9968.37963870522,860.2933827711386,0.36324395131492737,334055.18768117955,100734.2817588806,32512.83423757648,32714.02277777921,801.1885402027492,1.1679328004427778
cs-41310,"NREL ComStock MA (simulated, AMY2018)",LargeOffice · Suffolk County,LargeOffice,Eversource,2018,2018-01-01,35040,353.4090576171875,116.75849089165256,1022.802944644928,0.3303777545456271,"{""missing_intervals"": 0, ""filled_by_median"": 0, ""sqft"": 67000.0, ""weekday_hours"": 8.25, ""timezone"": ""EST -> America/New_York clock time"", ""tz_missing_filled"": 4}",245673.18886542373,28608.069252319336,8277.030893610243,8675.388199423329,398.3573058130878,0.40429471031017306,279130.1080856033,91540.42894592285,28642.85393032626,28426.84301859263,383.98908826637853,1.2313764699955092
cs-41311,"NREL ComStock MA (simulated, AMY2018)",LargeOffice · Middlesex County,LargeOffice,National Grid,2018,2018-01-01,35040,609.020751953125,237.76246466745525,2082.8008632068636,0.3904012530032069,"{""missing_intervals"": 0, ""filled_by_median"": 0, ""sqft"": 125000.0, ""weekday_hours"": 13.25, ""timezone"": ""EST -> America/New_York clock time"", ""tz_missing_filled"": 4}",491490.2829921463,53942.00511932373,10437.733759114206,10790.275092195337,352.5413330811243,0.2548428920035677,552614.7852866983,172604.2482376099,34320.57628209302,34647.05599771098,326.47971561793383,0.7452694469103804
cs-41587,"NREL ComStock MA (simulated, AMY2018)",FullServiceRestaurant · Berkshire County,FullServiceRestaurant,National Grid,2018,2018-01-01,35040,362.3970947265625,95.8929693238648,840.0197494590283,0.2646074450354476,"{""missing_intervals"": 0, ""filled_by_median"": 0, ""sqft"": 35000.0, ""weekday_hours"": 12.5, ""timezone"": ""EST -> America/New_York clock time"", ""tz_missing_filled"": 4}",209527.74680981433,30103.042310028075,7832.655365095068,9035.585959645829,1202.9305945507622,0.4485891048427874,250733.32924517983,96324.06092605591,28939.89514541669,29537.003421939055,1197.108276522371,1.3850521699307612
cs-42026,"NREL ComStock MA (simulated, AMY2018)",SecondarySchool · Norfolk County,SecondarySchool,National Grid,2018,2018-01-01,35040,845.6616821289062,266.5631348443902,2334.754740703106,0.3152125022069492,"{""missing_intervals"": 0, ""filled_by_median"": 0, ""sqft"": 90000.0, ""weekday_hours"": 8.25, ""timezone"": ""EST -> America/New_York clock time"", ""tz_missing_filled"": 4}",575027.3790842632,84960.80476013184,16519.281923268732,16830.781165530057,311.4992422613104,0.3447338166661042,696520.4399456336,270710.9965393067,52437.27739936788,52707.763642348174,270.4862429802906,0.9034154530217806
cs-42027,"NREL ComStock MA (simulated, AMY2018)",SecondarySchool · Norfolk County,SecondarySchool,National Grid,2018,2018-01-01,35040,603.2479858398438,149.9921268132996,1313.7503450877666,0.2486409077760617,"{""missing_intervals"": 0, ""filled_by_median"": 0, ""sqft"": 58000.0, ""weekday_hours"": 12.5, ""timezone"": ""EST -> America/New_York clock time"", ""tz_missing_filled"": 4}",333431.4624140239,55582.25176834106,15202.637985398576,15493.89264748223,291.2546620836438,0.5471338982350035,418290.6283621172,177852.7283256531,49682.4949092365,49960.69839859347,278.20348935697257,1.425300732281078
cs-42028,"NREL ComStock MA (simulated, AMY2018)",SecondarySchool · Barnstable County,SecondarySchool,Eversource,2018,2018-01-01,35040,711.6641845703125,147.81115702643783,1294.6904703786372,0.2076979005423506,"{""missing_intervals"": 0, ""filled_by_median"": 0, ""sqft"": 90000.0, ""weekday_hours"": 8.0, ""timezone"": ""EST -> America/New_York clock time"", ""tz_missing_filled"": 4}",346354.61756512726,72463.22527587891,22910.576993510284,23241.526148702575,330.94915519229835,0.7937729424682122,468838.3772370836,231868.66146240238,74081.90194492019,74368.50261531127,286.6006703910916,1.8961391952977833
cs-42029,"NREL ComStock MA (simulated, AMY2018)",SecondarySchool · Worcester County,SecondarySchool,National Grid,2018,2018-01-01,35040,426.3690490722656,81.91752448117352,717.5387846968174,0.1921282153557287,"{""missing_intervals"": 0, ""filled_by_median"": 0, ""sqft"": 21000.0, ""weekday_hours"": 10.5, ""timezone"": ""EST -> America/New_York clock time"", ""tz_missing_filled"": 4}",184509.09245834284,31088.22539611816,13938.498501404605,14548.106274463813,609.6077730592015,0.9065243332364148,231661.93789217033,99476.46109313965,46095.295292808245,46077.16421948557,581.8689266773281,2.3877187100591635
cs-42032,"NREL ComStock MA (simulated, AMY2018)",SecondarySchool · Worcester County,SecondarySchool,National Grid,2018,2018-01-01,35040,644.0318603515625,180.9524929604574,1585.0082300343513,0.2809682316984745,"{""missing_intervals"": 0, ""filled_by_median"": 0, ""sqft"": 58000.0, ""weekday_hours"": 14.25, ""timezone"": ""EST -> America/New_York clock time"", ""tz_missing_filled"": 4}",391489.42558664223,57783.99886352539,18070.07951683496,18324.177094282517,254.09757744754825,0.5538871295874364,474569.0649705024,184897.90399780273,58789.573490651266,59036.54014306428,246.96665241303162,1.4865589309570044
cs-42034,"NREL ComStock MA (simulated, AMY2018)",SecondarySchool · Suffolk County,SecondarySchool,Eversource,2018,2018-01-01,35040,775.8201904296875,242.57215392943385,2124.6684935889243,0.312665430626503,"{""missing_intervals"": 0, ""filled_by_median"": 0, ""sqft"": 90000.0, ""weekday_hours"": 9.25, ""timezone"": ""EST -> America/New_York clock time"", ""tz_missing_filled"": 4}",519923.4829302335,73755.46680664063,14313.67196487885,14648.837196874098,335.1652319952409,0.33036411937099314,623029.838137697,235370.91975708012,46136.439898190336,46444.78110649428,308.3412083039548,0.8886208089698645
cs-42035,"NREL ComStock MA (simulated, AMY2018)",SecondarySchool · Norfolk County,SecondarySchool,Eversource,2018,2018-01-01,35040,472.5465087890625,166.9228429364015,1462.0973600099087,0.3532410880870845,"{""missing_intervals"": 0, ""filled_by_median"": 0, ""sqft"": 46000.0, ""weekday_hours"": 9.5, ""timezone"": ""EST -> America/New_York clock time"", ""tz_missing_filled"": 4}",360131.1619663075,51416.19372589111,12032.504723611175,12572.685502285629,540.1807786744357,0.4009374137327297,431883.3001190699,164522.12789764407,39785.98408991203,40262.841615728175,476.85752581615816,1.105464853462305
cs-42036,"NREL ComStock MA (simulated, AMY2018)",SecondarySchool · Worcester County,SecondarySchool,National Grid,2018,2018-01-01,35040,378.23187255859375,100.04160013457413,876.2675757982731,0.2644980695514394,"{""missing_intervals"": 0, ""filled_by_median"": 0, ""sqft"": 67000.0, ""weekday_hours"": 6.0, ""timezone"": ""EST -> America/New_York clock time"", ""tz_missing_filled"": 4}",227517.16150208475,40878.2000994873,13004.917973965901,13477.767492747045,472.8495187811395,0.6859219526882188,291808.96737032884,130802.53471984863,42672.59966084227,43099.804505529915,427.2048446876306,1.7548165176166368
cs-42745,"NREL ComStock MA (simulated, AMY2018)",SecondarySchool · Middlesex County,SecondarySchool,Eversource,2018,2018-01-01,35040,1071.51220703125,142.31295854060073,1246.6625999817848,0.1328150604414442,"{""missing_intervals"": 0, ""filled_by_median"": 0, ""sqft"": 175000.0, ""weekday_hours"": 10.5, ""timezone"": ""EST -> America/New_York clock time"", ""tz_missing_filled"": 4}",341610.954097002,76908.27001098634,13294.616878672274,13639.256838055984,344.63995938370135,0.4670090365391693,476838.43186507653,246091.96671752926,45897.69542106479,43685.90136093235,308.2059398675592,1.1550502397605
cs-42746,"NREL ComStock MA (simulated, AMY2018)",SecondarySchool · Middlesex County,SecondarySchool,Eversource,2018,2018-01-01,35040,1236.7493896484375,224.84621314523423,1969.602213449478,0.1818041836342848,"{""missing_intervals"": 0, ""filled_by_median"": 0, ""sqft"": 300000.0, ""weekday_hours"": 9.25, ""timezone"": ""EST -> America/New_York clock time"", ""tz_missing_filled"": 4}",509740.65431134705,95044.3061755371,17679.181541253303,17938.585826614897,259.40428536159743,0.41619238469737474,666114.9414885832,304123.86377563473,57175.42059336031,57400.0931963785,224.67260301815986,1.0300099943518277
cs-42747,"NREL ComStock MA (simulated, AMY2018)",SecondarySchool · Hampden County,SecondarySchool,Eversource,2018,2018-01-01,35040,1111.1888427734375,166.266875979454,1456.4805082645416,0.1496297205112907,"{""missing_intervals"": 0, ""filled_by_median"": 0, ""sqft"": 175000.0, ""weekday_hours"": 8.5, ""timezone"": ""EST -> America/New_York clock time"", ""tz_missing_filled"": 4}",388802.957366582,81003.45770233154,17315.532719997147,17575.63405244573,260.10133244857934,0.5344259571669225,528033.847110945,259195.79538116456,58532.28397928689,56238.71593595972,226.43195667278997,1.330193910095813
cs-42748,"NREL ComStock MA (simulated, AMY2018)",SecondarySchool · Middlesex County,SecondarySchool,National Grid,2018,2018-01-01,35040,1490.33642578125,237.44692554452104,2080.0347546463013,0.1593243790039211,"{""missing_intervals"": 0, ""filled_by_median"": 0, ""sqft"": 300000.0, ""weekday_hours"": 8.0, ""timezone"": ""EST -> America/New_York clock time"", ""tz_missing_filled"": 4}",543615.6095757665,105747.04912841796,20060.404931828925,20265.403952627465,204.99902079852836,0.442821830244733,719489.3227950379,337460.55694274907,63870.95567955462,64046.70426143025,175.74858187560676,1.065271497257501
cs-42749,"NREL ComStock MA (simulated, AMY2018)",SecondarySchool · Middlesex County,SecondarySchool,Eversource,2018,2018-01-01,35040,500.0856018066406,57.99316704546752,508.0193042355776,0.1159664802105035,"{""missing_intervals"": 0, ""filled_by_median"": 0, ""sqft"": 125000.0, ""weekday_hours"": 8.25, ""timezone"": ""EST -> America/New_York clock time"", ""tz_missing_filled"": 4}",142730.61180651406,32505.869838333125,10996.49828091433,11835.488324502458,838.9900435881345,0.9245247231887053,198153.55269681622,104012.65608024597,37140.1038271633,37920.124829852124,780.0210026888235,2.2491711092754
cs-42750,"NREL ComStock MA (simulated, AMY2018)",SecondarySchool · Hampden County,SecondarySchool,Municipal/other,2018,2018-01-01,35040,1063.4140625,146.64042273961246,1284.5750250167846,0.137895884501351,"{""missing_intervals"": 0, ""filled_by_median"": 0, ""sqft"": 300000.0, ""weekday_hours"": 8.5, ""timezone"": ""EST -> America/New_York clock time"", ""tz_missing_filled"": 4}",344067.6603236699,72154.31134399414,18254.15366098031,19227.245545540845,973.0918845605374,0.6366475818323061,468508.20594479947,230880.19511108394,63225.42890822475,61548.02720454418,842.5982963194256,1.6194063140659036
cs-42751,"NREL ComStock MA (simulated, AMY2018)",SecondarySchool · Suffolk County,SecondarySchool,Eversource,2018,2018-01-01,35040,498.9849548339844,69.35374856547678,607.528683366537,0.1389896586933192,"{""missing_intervals"": 0, ""filled_by_median"": 0, ""sqft"": 125000.0, ""weekday_hours"": 10.25, ""timezone"": ""EST -> America/New_York clock time"", ""tz_missing_filled"": 4}",164701.12232119503,33945.13213935852,11161.178826118045,11974.918239297313,813.739413179268,0.813195101683778,220824.5492998659,108618.02414054872,37328.592580764605,38027.13566025708,698.5430794924805,2.028502321817927
cs-42752,"NREL ComStock MA (simulated, AMY2018)",SecondarySchool · Bristol County,SecondarySchool,Eversource,2018,2018-01-01,35040,1034.232666015625,104.5860852927922,916.1684279818536,0.1011243298818915,"{""missing_intervals"": 0, ""filled_by_median"": 0, ""sqft"": 175000.0, ""weekday_hours"": 8.0, ""timezone"": ""EST -> America/New_York clock time"", ""tz_missing_filled"": 4}",262530.2946027086,67180.68199752807,15483.811590247502,15756.702603699458,272.8910134519483,0.7077497069972549,385718.60441219294,214965.51873855587,52697.13546130102,50418.47817112126,241.34270982024464,1.6394480802897526
cs-42753,"NREL ComStock MA (simulated, AMY2018)",SecondarySchool · Barnstable County,SecondarySchool,Eversource,2018,2018-01-01,35040,507.5748901367187,65.26143057915174,571.6847672908306,0.1285749784855849,"{""missing_intervals"": 0, ""filled_by_median"": 0, ""sqft"": 125000.0, ""weekday_hours"": 10.0, ""timezone"": ""EST -> America/New_York clock time"", ""tz_missing_filled"": 4}",156799.3091234574,33397.45718566894,11085.096593429185,12079.030709688726,993.9341162595474,0.8483529670173149,212564.47716521786,106865.56752624513,37462.46072359751,38376.861931552456,914.4012079549448,2.1148854911150243
cs-42754,"NREL ComStock MA (simulated, AMY2018)",SecondarySchool · Plymouth County,SecondarySchool,National Grid,2018,2018-01-01,35040,551.9540405273438,81.74921530934229,716.1250570199489,0.1481087360665719,"{""missing_intervals"": 0, ""filled_by_median"": 0, ""sqft"": 125000.0, ""weekday_hours"": 10.25, ""timezone"": ""EST -> America/New_York clock time"", ""tz_missing_filled"": 4}",193570.60416944246,40042.70096878051,11279.893918962982,11693.105325081237,413.21140611826013,0.6992731546628289,260046.92607707327,128129.09499435427,37042.59544298659,37415.73287337493,373.1374303883422,1.7093497393777841
cs-42755,"NREL ComStock MA (simulated, AMY2018)",SecondarySchool · Bristol County,SecondarySchool,National Grid,2018,2018-01-01,35040,568.8811645507812,80.15715760343696,702.1681323812007,0.1409031667742652,"{""missing_intervals"": 0, ""filled_by_median"": 0, ""sqft"": 125000.0, ""weekday_hours"": 7.75, ""timezone"": ""EST -> America/New_York clock time"", ""tz_missing_filled"": 4}",192655.87234342363,41978.949230194085,12007.543533219283,12534.316686968239,526.7731537489544,0.747916586429191,263710.8609063698,134324.72444534302,39641.103389523734,40107.45066188235,466.34727235862374,1.8038439487829023
cs-42756,"NREL ComStock MA (simulated, AMY2018)",SecondarySchool · Essex County,SecondarySchool,National Grid,2018,2018-01-01,35040,726.4080200195312,106.76977567822422,935.299778390646,0.1469832005370115,"{""missing_intervals"": 0, ""filled_by_median"": 0, ""sqft"": 125000.0, ""weekday_hours"": 9.5, ""timezone"": ""EST -> America/New_York clock time"", ""tz_missing_filled"": 4}",251704.26208049315,52379.949261627204,11913.025380124862,12308.221723043003,395.1963429181469,0.567953452118272,339311.56018160254,167605.96394271852,39204.12805840992,39568.04857665388,363.9205182439582,1.386482489571326
cs-42769,"NREL ComStock MA (simulated, AMY2018)",MediumOffice · Worcester County,MediumOffice,National Grid,2018,2018-01-01,35040,490.81256103515625,167.15950863873033,1464.3020661506653,0.3405770795396512,"{""missing_intervals"": 0, ""filled_by_median"": 0, ""sqft"": 125000.0, ""weekday_hours"": 12.0, ""timezone"": ""EST -> America/New_York clock time"", ""tz_missing_filled"": 4}",354013.0337446697,44985.841783447264,10813.19549643882,11556.259138980477,743.0636425416596,0.3665355045962897,411619.53541672125,143882.0167327881,37157.07471251764,37800.70623079965,643.6315182819999,1.0832452257126242
cs-42770,"NREL ComStock MA (simulated, AMY2018)",MediumOffice · Middlesex County,MediumOffice,National Grid,2018,2018-01-01,35040,461.27099609375,200.9840839100755,1760.6207314338683,0.4357180174173078,"{""missing_intervals"": 0, ""filled_by_median"": 0, ""sqft"": 125000.0, ""weekday_hours"": 13.75, ""timezone"": ""EST -> America/New_York clock time"", ""tz_missing_filled"": 4}",414719.4424300384,43965.09910491942,8354.85999937605,8811.25667290498,456.3966735289323,0.24174974629848903,462205.48264164175,140680.0296524048,27834.676990733282,28274.77746705416,440.1004763208621,0.7226572086073014
cs-42772,"NREL ComStock MA (simulated, AMY2018)",MediumOffice · Middlesex County,MediumOffice,National Grid,2018,2018-01-01,35040,318.87994384765625,112.84809554036894,988.5488433485032,0.3538889720649277,"{""missing_intervals"": 0, ""filled_by_median"": 0, ""sqft"": 90000.0, ""weekday_hours"": 8.75, ""timezone"": ""EST -> America/New_York clock time"", ""tz_missing_filled"": 4}",240268.18046118558,30234.888753356936,9457.727596274308,10042.275337052264,584.5477407779563,0.4723585575811443,278117.30219442956,96745.94469146727,32200.608092520222,32144.546041450918,543.9379489306957,1.3893680618263313
cs-42773,"NREL ComStock MA (simulated, AMY2018)",MediumOffice · Franklin County,MediumOffice,National Grid,2018,2018-01-01,35040,405.77728271484375,143.68407272965942,1258.6729426403049,0.3540959014963686,"{""missing_intervals"": 0, ""filled_by_median"": 0, ""sqft"": 125000.0, ""weekday_hours"": 13.5, ""timezone"": ""EST -> America/New_York clock time"", ""tz_missing_filled"": 4}",301690.52872852853,35357.119944000246,7991.712110723165,8380.148104101549,388.43599337837077,0.3178772158769776,343542.9337238129,113136.11895370485,26725.535916744975,27106.67037928329,381.1344625383099,0.9335264955813868
cs-42778,"NREL ComStock MA (simulated, AMY2018)",MediumOffice · Berkshire County,MediumOffice,National Grid,2018,2018-01-01,35040,327.5750732421875,122.0778892832804,1069.4205533828735,0.3726714858826392,"{""missing_intervals"": 0, ""filled_by_median"": 0, ""sqft"": 90000.0, ""weekday_hours"": 8.5, ""timezone"": ""EST -> America/New_York clock time"", ""tz_missing_filled"": 4}",257238.96667024863,30369.477386932373,9397.25214939258,10479.627875712098,1082.375726319513,0.438374587071272,293225.2043051235,97176.60294876099,33112.62424330713,33537.42909606314,1024.8048527559913,1.3551068771912618
cs-42780,"NREL ComStock MA (simulated, AMY2018)",MediumOffice · Worcester County,MediumOffice,National Grid,2018,2018-01-01,35040,384.6402282714844,84.6371417085738,741.4205402554273,0.2200423551351361,"{""missing_intervals"": 0, ""filled_by_median"": 0, ""sqft"": 67000.0, ""weekday_hours"": 8.75, ""timezone"": ""EST -> America/New_York clock time"", ""tz_missing_filled"": 4}",191987.53005154346,33248.44671661377,10949.796946966795,11492.32081979739,542.5238728305922,0.6844067597948932,242898.9818429235,106388.76211395263,37629.06782101343,37512.31470178078,483.2468807673504,1.858998380422056
cs-43468,"NREL ComStock MA (simulated, AMY2018)",MediumOffice · Middlesex County,MediumOffice,Eversource,2018,2018-01-01,35040,395.8485107421875,139.89825339360868,1225.4780206918715,0.3534136155553788,"{""missing_intervals"": 0, ""filled_by_median"": 0, ""sqft"": 90000.0, ""weekday_hours"": 10.75, ""timezone"": ""EST -> America/New_York clock time"", ""tz_missing_filled"": 4}",297352.80761164037,37912.549679565425,9396.789557598953,9849.321692980495,452.53213538154887,0.3792177904654605,345699.6066670215,121313.01240539552,31491.464194565127,31912.085104129823,420.62090956468273,1.0931385603188526
cs-43469,"NREL ComStock MA (simulated, AMY2018)",MediumOffice · Middlesex County,MediumOffice,Eversource,2018,2018-01-01,35040,364.1033935546875,122.66824974044818,1074.5657403621674,0.3369049888353311,"{""missing_intervals"": 0, ""filled_by_median"": 0, ""sqft"": 125000.0, ""weekday_hours"": 10.0, ""timezone"": ""EST -> America/New_York clock time"", ""tz_missing_filled"": 4}",267698.1982556527,39653.63844024658,11717.014021524394,13113.176778812862,1396.1627572884645,0.525233898376915,323871.56245024235,126884.16824188233,43591.80493386424,44231.523092952346,1239.7181590881028,1.6151515596147377
cs-43470,"NREL ComStock MA (simulated, AMY2018)",MediumOffice · Norfolk County,MediumOffice,Municipal/other,2018,2018-01-01,35040,399.8181457519531,86.82627772567751,760.5938366242647,0.2171644249972198,"{""missing_intervals"": 0, ""filled_by_median"": 0, ""sqft"": 125000.0, ""weekday_hours"": 11.25, ""timezone"": ""EST -> America/New_York clock time"", ""tz_missing_filled"": 4}",198825.83076491446,35841.56238342285,11362.540996518323,12821.644429279195,1459.1034327608686,0.6857785602286077,254677.6333947225,114686.24344177246,40585.15717471074,41290.362445690946,1305.2052709802083,1.9123072552731717
cs-43473,"NREL ComStock MA (simulated, AMY2018)",MediumOffice · Suffolk County,MediumOffice,Eversource,2018,2018-01-01,35040,514.9059448242188,239.86746926155263,2101.2394592704773,0.4658471545583725,"{""missing_intervals"": 0, ""filled_by_median"": 0, ""sqft"": 125000.0, ""weekday_hours"": 10.25, ""timezone"": ""EST -> America/New_York clock time"", ""tz_missing_filled"": 4}",491234.8171509909,49705.26096313477,8393.820178182395,8735.2275017633,341.40732358091554,0.20504621948901608,542405.3868187033,159047.46557006834,27764.471349205116,28088.334527580268,323.8631783751589,0.6142521152759556
cs-43474,"NREL ComStock MA (simulated, AMY2018)",MediumOffice · Middlesex County,MediumOffice,Municipal/other,2018,2018-01-01,35040,401.1637878417969,157.25859320751607,1377.5909783992768,0.3920059536119761,"{""missing_intervals"": 0, ""filled_by_median"": 0, ""sqft"": 125000.0, ""weekday_hours"": 8.0, ""timezone"": ""EST -> America/New_York clock time"", ""tz_missing_filled"": 4}",332600.619318472,41628.44865081787,13156.05090575646,13881.160502620556,725.1095968640984,0.47466120535966655,385196.24390384695,133203.18866119385,44650.48733912266,44723.0785734212,672.591234298523,1.3909944776180638
cs-43475,"NREL ComStock MA (simulated, AMY2018)",MediumOffice · Middlesex County,MediumOffice,National Grid,2018,2018-01-01,35040,456.46929931640625,147.18314260238927,1289.3296964931487,0.3224382073949026,"{""missing_intervals"": 0, ""filled_by_median"": 0, ""sqft"": 125000.0, ""weekday_hours"": 7.75, ""timezone"": ""EST -> America/New_York clock time"", ""tz_missing_filled"": 4}",312663.7160309945,39986.62400390625,13140.59797408817,14072.063777623942,931.4658035357679,0.5043347456198801,363145.23196898686,127174.18648986817,45156.89143433118,45464.18427529652,907.2928409653305,1.4921927909499628
cs-43669,"NREL ComStock MA (simulated, AMY2018)",LargeOffice · Norfolk County,LargeOffice,Municipal/other,2018,2018-01-01,35040,1917.4876708984375,495.14501823769314,4337.123275449753,0.2582259201727713,"{""missing_intervals"": 0, ""filled_by_median"": 0, ""sqft"": 500000.0, ""weekday_hours"": 11.0, ""timezone"": ""EST -> America/New_York clock time"", ""tz_missing_filled"": 4}",1056070.1519196928,149059.10059631345,23968.10150385841,24386.191543280864,418.09003942243726,0.2723466973510036,1266935.5520644912,475114.55765686044,80333.83448959421,80701.05203146953,367.21754187529586,0.7608958579655198
cs-43670,"NREL ComStock MA (simulated, AMY2018)",LargeOffice · Middlesex County,LargeOffice,Eversource,2018,2018-01-01,35040,1401.8565673828125,401.3122150061882,3515.356774843216,0.286271951313404,"{""missing_intervals"": 0, ""filled_by_median"": 0, ""sqft"": 300000.0, ""weekday_hours"": 14.75, ""timezone"": ""EST -> America/New_York clock time"", ""tz_missing_filled"": 4}",846861.8497359324,110985.16286987305,19711.27521197422,20094.30205788878,383.0268459145591,0.2793080153716298,997682.2855191568,355074.47754211427,68187.14240858547,66011.60680383534,344.4643952498518,0.8201465744951468
cs-43674,"NREL ComStock MA (simulated, AMY2018)",LargeOffice · Suffolk County,LargeOffice,Eversource,2018,2018-01-01,35040,1489.5843505859375,479.151636449387,4197.146729888916,0.3216680117919537,"{""missing_intervals"": 0, ""filled_by_median"": 0, ""sqft"": 300000.0, ""weekday_hours"": 12.25, ""timezone"": ""EST -> America/New_York clock time"", ""tz_missing_filled"": 4}",967482.8640411934,90604.20573669435,14696.42873509026,14974.747581158914,278.3188460686506,0.1822845151845234,1056304.6532429452,289916.3793365479,50514.3469590592,48253.36277950113,259.01582044192764,0.5738611125566002
cs-43675,"NREL ComStock MA (simulated, AMY2018)",LargeOffice · Suffolk County,LargeOffice,Eversource,2018,2018-01-01,35040,1818.092041015625,454.2686632881426,3979.312701295853,0.2498601022610375,"{""missing_intervals"": 0, ""filled_by_median"": 0, ""sqft"": 300000.0, ""weekday_hours"": 12.5, ""timezone"": ""EST -> America/New_York clock time"", ""tz_missing_filled"": 4}",969740.4666237709,137089.17627990723,20550.884273326286,20763.478633156286,212.59435983002186,0.254305785689763,1165478.822905225,438659.5225921631,66264.12722540696,66448.33992774229,184.21270233531686,0.6822685329646231
cs-43677,"NREL ComStock MA (simulated, AMY2018)",LargeOffice · Suffolk County,LargeOffice,Eversource,2018,2018-01-01,35040,2137.0859375,756.2244675035346,6624.382127170563,0.3538577715729012,"{""missing_intervals"": 0, ""filled_by_median"": 0, ""sqft"": 500000.0, ""weekday_hours"": 10.5, ""timezone"": ""EST -> America/New_York clock time"", ""tz_missing_filled"": 4}",1550529.9927205844,169211.56842651364,20871.71427366555,21132.312110233957,260.59783656842774,0.161532232501046,1747993.3459016534,541003.0802490235,69322.72224052645,69549.64253966967,226.9202991432685,0.4759015066257127
cs-43679,"NREL ComStock MA (simulated, AMY2018)",LargeOffice · Suffolk County,LargeOffice,Eversource,2018,2018-01-01,35040,1178.468505859375,356.4341509607829,3122.2142568607333,0.3024553895064513,"{""missing_intervals"": 0, ""filled_by_median"": 0, ""sqft"": 300000.0, ""weekday_hours"": 13.25, ""timezone"": ""EST -> America/New_York clock time"", ""tz_missing_filled"": 4}",764406.9032144034,109329.76261657715,16163.030062441925,16495.441287504193,332.41122506225656,0.2537344442255796,921077.2164316874,349834.6315582276,55010.840326151316,52782.302706010116,291.46237985881453,0.7166935324610485
cs-43680,"NREL ComStock MA (simulated, AMY2018)",LargeOffice · Suffolk County,LargeOffice,Eversource,2018,2018-01-01,35040,1396.5648193359375,458.27696566080937,4014.383002368927,0.3281458614135208,"{""missing_intervals"": 0, ""filled_by_median"": 0, ""sqft"": 300000.0, ""weekday_hours"": 10.25, ""timezone"": ""EST -> America/New_York clock time"", ""tz_missing_filled"": 4}",969347.2550708407,129419.81963439942,22463.73056886156,22676.114566327313,212.38399746574578,0.2780889566831638,1147312.3409804313,414119.0270111084,72373.39804693451,72559.29213259304,185.89408565853955,0.7569697854213415
cs-43902,"NREL ComStock MA (simulated, AMY2018)",PrimarySchool · Worcester County,PrimarySchool,National Grid,2018,2018-01-01,35040,412.3898315429687,86.83278870412477,760.6522542203664,0.2105599655045744,"{""missing_intervals"": 0, ""filled_by_median"": 0, ""sqft"": 58000.0, ""weekday_hours"": 9.0, ""timezone"": ""EST -> America/New_York clock time"", ""tz_missing_filled"": 4}",192709.39154860185,29970.111003265378,9887.308264966,10442.370132004611,555.0618670386139,0.6156819770232563,235900.4495312621,95898.70580215455,33366.19122537135,33902.93759110361,536.7463657322642,1.6973019572452954
cs-43903,"NREL ComStock MA (simulated, AMY2018)",PrimarySchool · Hampden County,PrimarySchool,National Grid,2018,2018-01-01,35040,700.5025024414062,139.701523997849,1223.7600868315697,0.1994304424480401,"{""missing_intervals"": 0, ""filled_by_median"": 0, ""sqft"": 90000.0, ""weekday_hours"": 9.75, ""timezone"": ""EST -> America/New_York clock time"", ""tz_missing_filled"": 4}",313159.5234333902,53762.18232696533,11177.614630233387,11404.334135614703,226.71950538131387,0.4283164506454191,396102.60382456024,172028.84919891355,36435.9822164274,36647.542621867244,211.56040543985182,1.1038346690363725
cs-43908,"NREL ComStock MA (simulated, AMY2018)",PrimarySchool · Plymouth County,PrimarySchool,National Grid,2018,2018-01-01,35040,306.79449462890625,50.41598114589714,441.6426852248311,0.1643314401937998,"{""missing_intervals"": 0, ""filled_by_median"": 0, ""sqft"": 46000.0, ""weekday_hours"": 12.25, ""timezone"": ""EST -> America/New_York clock time"", ""tz_missing_filled"": 4}",118764.8910002042,22454.54763206482,8581.872706496652,8868.113625410095,286.2409189134387,0.867112086835349,153941.9540915863,71850.31970863344,28948.808849513476,28629.24172121065,280.4328716971713,2.2566019006585294
cs-45099,"NREL ComStock MA (simulated, AMY2018)",PrimarySchool · Plymouth County,PrimarySchool,National Grid,2018,2018-01-01,35040,309.0848693847656,38.675265689867814,338.7931020230055,0.1251283046201874,"{""missing_intervals"": 0, ""filled_by_median"": 0, ""sqft"": 58000.0, ""weekday_hours"": 9.5, ""timezone"": ""EST -> America/New_York clock time"", ""tz_missing_filled"": 4}",94862.0920096866,19887.021774444584,8088.152314487762,8789.252693836223,701.1003793484624,1.0231466091211896,127056.23673727443,63634.72094650269,28198.317252974797,28284.048225344734,685.7309723699314,2.6632286279295037
cs-45217,"NREL ComStock MA (simulated, AMY2018)",SecondarySchool · Hampden County,SecondarySchool,Municipal/other,2018,2018-01-01,35040,1306.7913818359375,200.75023200386735,1758.59359054327,0.1536207192626487,"{""missing_intervals"": 0, ""filled_by_median"": 0, ""sqft"": 125000.0, ""weekday_hours"": 10.25, ""timezone"": ""EST -> America/New_York clock time"", ""tz_missing_filled"": 4}",462584.6961638721,91988.90787414549,16056.09246949284,16253.855564163476,197.76309467063766,0.4165142323810449,618020.7461912805,294347.16515808104,51838.00378804095,52009.27393057023,171.27014252925255,1.0065293912705673
cs-45218,"NREL ComStock MA (simulated, AMY2018)",SecondarySchool · Norfolk County,SecondarySchool,National Grid,2018,2018-01-01,35040,985.2091064453124,138.33606958706358,1211.8335439807176,0.1404129018723624,"{""missing_intervals"": 0, ""filled_by_median"": 0, ""sqft"": 125000.0, ""weekday_hours"": 9.5, ""timezone"": ""EST -> America/New_York clock time"", ""tz_missing_filled"": 4}",332657.3512748483,75670.64304077148,14327.50396518222,14521.263618208268,193.759653026058,0.516838262925188,464034.19890561874,242131.7937072754,46297.50328530974,46465.30629954484,167.80301423511446,1.1972609793286288
cs-45219,"NREL ComStock MA (simulated, AMY2018)",SecondarySchool · Middlesex County,SecondarySchool,National Grid,2018,2018-01-01,35040,1156.9083251953125,174.7383405663107,1530.7010426955223,0.1510390553519535,"{""missing_intervals"": 0, ""filled_by_median"": 0, ""sqft"": 125000.0, ""weekday_hours"": 13.25, ""timezone"": ""EST -> America/New_York clock time"", ""tz_missing_filled"": 4}",409368.151328581,85775.79704162596,15121.811203713052,15313.794792407005,191.98358869395815,0.4432727212794472,556775.7801100953,274466.38167419436,48826.872588138336,49001.25666373403,174.38407559569168,1.052349064001673
cs-45220,"NREL ComStock MA (simulated, AMY2018)",SecondarySchool · Middlesex County,SecondarySchool,National Grid,2018,2018-01-01,35040,1844.259033203125,398.30013717603464,3489.095463644028,0.2159675674648932,"{""missing_intervals"": 0, ""filled_by_median"": 0, ""sqft"": 300000.0, ""weekday_hours"": 9.5, ""timezone"": ""EST -> America/New_York clock time"", ""tz_missing_filled"": 4}",868827.9389138119,137567.42215942382,21556.10511569032,21780.82001874462,224.71490305429325,0.2977266841944229,1078007.8126343063,440189.8192565918,69499.90694081195,69694.51834461643,194.61140380443248,0.7736482737093686
cs-45221,"NREL ComStock MA (simulated, AMY2018)",SecondarySchool · Essex County,SecondarySchool,National Grid,2018,2018-01-01,35040,1227.0089111328125,166.9019133593938,1462.0357413749696,0.1360233913911063,"{""missing_intervals"": 0, ""filled_by_median"": 0, ""sqft"": 175000.0, ""weekday_hours"": 7.25, ""timezone"": ""EST -> America/New_York clock time"", ""tz_missing_filled"": 4}",402589.2966851593,93308.9404296875,15023.069786576663,15216.893464244367,193.82367766769312,0.4477934185615063,568418.910457278,298571.0205078125,48523.072541157795,48691.19067965093,168.1181384931533,1.0243798363876866
cs-45222,"NREL ComStock MA (simulated, AMY2018)",SecondarySchool · Essex County,SecondarySchool,National Grid,2018,2018-01-01,35040,1776.8349609375,265.2990595968891,2324.005810734749,0.1493099052130936,"{""missing_intervals"": 0, ""filled_by_median"": 0, ""sqft"": 300000.0, ""weekday_hours"": 12.5, ""timezone"": ""EST -> America/New_York clock time"", ""tz_missing_filled"": 4}",618780.8832167652,129789.17540252683,14806.901437796856,14957.85176886796,150.9503310711225,0.2871498167976178,841620.2032533719,415300.8958450318,47725.66996170832,47862.306084172225,136.63612246387493,0.6804827609016946
cs-45223,"NREL ComStock MA (simulated, AMY2018)",SecondarySchool · Middlesex County,SecondarySchool,Municipal/other,2018,2018-01-01,35040,681.4381103515625,99.39977401663724,870.7399327516556,0.1458676474160737,"{""missing_intervals"": 0, ""filled_by_median"": 0, ""sqft"": 125000.0, ""weekday_hours"": 10.0, ""timezone"": ""EST -> America/New_York clock time"", ""tz_missing_filled"": 4}",232486.58175639377,46825.025608673095,14251.468321568507,14599.69346650154,348.22514493304334,0.7356021090198631,309817.05432485114,149831.25536422728,46407.46517693455,46716.26702994603,308.8018530114805,1.797478784170808
cs-45224,"NREL ComStock MA (simulated, AMY2018)",SecondarySchool · Middlesex County,SecondarySchool,Municipal/other,2018,2018-01-01,35040,572.2427368164062,136.16138521441042,1192.7647467615604,0.2379434048773175,"{""missing_intervals"": 0, ""filled_by_median"": 0, ""sqft"": 125000.0, ""weekday_hours"": 10.0, ""timezone"": ""EST -> America/New_York clock time"", ""tz_missing_filled"": 4}",299147.1474566487,46509.65106491088,11924.194394317728,12445.629058749953,521.4346644322231,0.4783275854320117,367266.33229256974,148822.1162727356,39424.456811318974,39905.48545477473,481.02864345576563,1.288148245940917
cs-45225,"NREL ComStock MA (simulated, AMY2018)",SecondarySchool · Bristol County,SecondarySchool,National Grid,2018,2018-01-01,35040,2315.268310546875,433.6716732352836,3798.9315607881545,0.1873094670106933,"{""missing_intervals"": 0, ""filled_by_median"": 0, ""sqft"": 300000.0, ""weekday_hours"": 12.5, ""timezone"": ""EST -> America/New_York clock time"", ""tz_missing_filled"": 4}",968065.9337936213,171348.30288269042,19576.924274687197,19737.596188275293,160.6719135880703,0.24267261463859016,1242348.1788867034,548282.2698272705,63017.43942760193,63156.58723769521,139.14781009323633,0.6086935095835047
cs-45226,"NREL ComStock MA (simulated, AMY2018)",SecondarySchool · Hampden County,SecondarySchool,Municipal/other,2018,2018-01-01,35040,1790.3343505859375,268.84765200674804,2355.102027595043,0.1501661697541356,"{""missing_intervals"": 0, ""filled_by_median"": 0, ""sqft"": 300000.0, ""weekday_hours"": 12.75, ""timezone"": ""EST -> America/New_York clock time"", ""tz_missing_filled"": 4}",619694.4627528948,124600.17791809082,18556.760868908856,18799.538945592358,242.7780766834985,0.359340197163745,830659.3710227548,398697.0820281983,59944.72610706324,60154.98088622624,210.25477916300224,0.8659827823275753
cs-45227,"NREL ComStock MA (simulated, AMY2018)",SecondarySchool · Hampden County,SecondarySchool,Municipal/other,2018,2018-01-01,35040,1179.3226318359375,165.78293331632875,1452.2287275633812,0.1405747069046257,"{""missing_intervals"": 0, ""filled_by_median"": 0, ""sqft"": 175000.0, ""weekday_hours"": 7.5, ""timezone"": ""EST -> America/New_York clock time"", ""tz_missing_filled"": 4}",378376.07605941093,71607.08314163207,16583.672438402664,17220.391235535757,636.7187971330895,0.5259425261061834,497197.6527686545,229129.16801681518,57021.12973185083,55102.00588562104,600.8761537702012,1.3762204084671983
cs-45228,"NREL ComStock MA (simulated, AMY2018)",SecondarySchool · Hampden County,SecondarySchool,Eversource,2018,2018-01-01,35040,763.2177124023438,120.97440267817616,1059.7379210529327,0.1585057588579683,"{""missing_intervals"": 0, ""filled_by_median"": 0, ""sqft"": 125000.0, ""weekday_hours"": 11.0, ""timezone"": ""EST -> America/New_York clock time"", ""tz_missing_filled"": 4}",278741.81439282215,53494.12926391601,12842.69867431288,13183.361459120519,340.66278480764595,0.5528857750583799,365464.9637927004,171171.12992553713,41869.62272392164,42191.239535111934,321.6168111902971,1.3747842405272312
cs-45254,"NREL ComStock MA (simulated, AMY2018)",RetailStripmall · Bristol County,RetailStripmall,National Grid,2018,2018-01-01,35040,439.3086853027344,120.2382568308888,1053.2862648655175,0.2736987927931149,"{""missing_intervals"": 0, ""filled_by_median"": 0, ""sqft"": 46000.0, ""weekday_hours"": 10.5, ""timezone"": ""EST -> America/New_York clock time"", ""tz_missing_filled"": 4}",268456.35316542996,44540.326044311514,10660.887693533765,11618.680541564936,957.7928480311675,0.47654172014908847,335643.8601069667,142520.64742736818,36356.48933194076,37186.461520208046,829.972188267293,1.299823782995021
cs-45255,"NREL ComStock MA (simulated, AMY2018)",RetailStripmall · Barnstable County,RetailStripmall,Eversource,2018,2018-01-01,35040,408.6442260742187,161.18323380465378,1411.9654855983258,0.3944341398216143,"{""missing_intervals"": 0, ""filled_by_median"": 0, ""sqft"": 58000.0, ""weekday_hours"": 11.75, ""timezone"": ""EST -> America/New_York clock time"", ""tz_missing_filled"": 4}",341262.2420078768,42628.5263079834,7468.639667592695,8290.723768515703,822.0841009230098,0.2626240614367285,394637.27835728636,136403.2486480713,26459.595314510458,27262.48593545681,802.8906209463566,0.8045746339418598
cs-45256,"NREL ComStock MA (simulated, AMY2018)",RetailStripmall · Barnstable County,RetailStripmall,Eversource,2018,2018-01-01,35040,351.24810791015625,151.14375087240515,1324.0207292366028,0.4303048115238968,"{""missing_intervals"": 0, ""filled_by_median"": 0, ""sqft"": 58000.0, ""weekday_hours"": 11.75, ""timezone"": ""EST -> America/New_York clock time"", ""tz_missing_filled"": 4}",319366.6626683533,39140.65815093994,8747.68732138861,10076.744649260972,1329.0573278723568,0.3286888085926235,367511.94385341206,125242.72801361085,32214.76777371245,32917.237836739114,1302.4700630266561,1.0518765981623222
cs-45261,"NREL ComStock MA (simulated, AMY2018)",RetailStripmall · Worcester County,RetailStripmall,National Grid,2018,2018-01-01,35040,363.4280700683594,151.5044808741846,1327.1792429635525,0.4168761120892154,"{""missing_intervals"": 0, ""filled_by_median"": 0, ""sqft"": 58000.0, ""weekday_hours"": 13.5, ""timezone"": ""EST -> America/New_York clock time"", ""tz_missing_filled"": 4}",321374.0715278643,40340.10783630371,7720.681201112315,8906.472786431157,1185.791585318846,0.2882876455243678,371923.59060748835,129080.74090881349,28507.61598276855,29027.75864021539,1120.142657446846,0.9197894417895387
cs-45264,"NREL ComStock MA (simulated, AMY2018)",RetailStripmall · Berkshire County,RetailStripmall,National Grid,2018,2018-01-01,35040,310.534423828125,117.44049104065655,1028.7799357070924,0.3781883167505374,"{""missing_intervals"": 0, ""filled_by_median"": 0, ""sqft"": 46000.0, ""weekday_hours"": 9.75, ""timezone"": ""EST -> America/New_York clock time"", ""tz_missing_filled"": 4}",252073.28743706323,33412.95141860961,8943.948076935503,10380.197445080248,1436.2493681447395,0.4257784631385155,295589.34383719746,106915.14615097047,32581.374119728403,33298.41258809858,1317.0384683701868,1.322701570906697
cs-46441,"NREL ComStock MA (simulated, AMY2018)",LargeOffice · Middlesex County,LargeOffice,National Grid,2018,2018-01-01,35040,550.2704467773438,221.75238910744724,1942.5582522735597,0.4029880041825597,"{""missing_intervals"": 0, ""filled_by_median"": 0, ""sqft"": 175000.0, ""weekday_hours"": 9.0, ""timezone"": ""EST -> America/New_York clock time"", ""tz_missing_filled"": 4}",460266.895013677,51758.99308624266,11292.279371262728,11747.55721284194,455.27784157921997,0.29441038215691373,520170.2912979572,165619.02123260498,37780.54765716491,38207.64439977468,427.09674260975953,0.871573366396443
cs-46444,"NREL ComStock MA (simulated, AMY2018)",LargeOffice · Essex County,LargeOffice,National Grid,2018,2018-01-01,35040,552.6031494140625,187.40268933424667,1641.6427441110611,0.3391270743443173,"{""missing_intervals"": 0, ""filled_by_median"": 0, ""sqft"": 175000.0, ""weekday_hours"": 12.0, ""timezone"": ""EST -> America/New_York clock time"", ""tz_missing_filled"": 4}",395161.41308167635,49467.37393554687,13031.963148903651,14222.272434199991,1190.3092852963491,0.3957460232953482,457060.6655872448,157132.38428039552,46212.03629393849,47270.91878401173,1058.8824900732398,1.2132840939501262
cs-46445,"NREL ComStock MA (simulated, AMY2018)",LargeOffice · Essex County,LargeOffice,National Grid,2018,2018-01-01,35040,545.5322265625,219.65370973375835,1924.154980164528,0.4026411255625304,"{""missing_intervals"": 0, ""filled_by_median"": 0, ""sqft"": 175000.0, ""weekday_hours"": 10.75, ""timezone"": ""EST -> America/New_York clock time"", ""tz_missing_filled"": 4}",461937.8508064138,57275.59374816894,12528.069000164647,13105.256862498847,577.1878623341909,0.3254481695741751,534485.0477127549,183271.10346374515,41909.0696638307,42423.79501210304,514.7253482723208,0.9409221794287567
cs-46449,"NREL ComStock MA (simulated, AMY2018)",LargeOffice · Suffolk County,LargeOffice,Eversource,2018,2018-01-01,35040,333.0194091796875,103.64218014500456,907.903383852005,0.3112196385198746,"{""missing_intervals"": 0, ""filled_by_median"": 0, ""sqft"": 90000.0, ""weekday_hours"": 15.75, ""timezone"": ""EST -> America/New_York clock time"", ""tz_missing_filled"": 4}",223984.53124845726,30481.405148315425,7575.792068388828,8119.423191080952,543.6311226921262,0.4058740320769008,264266.8357513362,97534.75068664551,26341.934326062623,26269.77216729766,527.8378412350303,1.1961516510917438
cs-46450,"NREL ComStock MA (simulated, AMY2018)",LargeOffice · Suffolk County,LargeOffice,Eversource,2018,2018-01-01,35040,738.1962890625,352.7262247656034,3089.8664471473694,0.4778217257276669,"{""missing_intervals"": 0, ""filled_by_median"": 0, ""sqft"": 175000.0, ""weekday_hours"": 15.25, ""timezone"": ""EST -> America/New_York clock time"", ""tz_missing_filled"": 4}",719724.8642941401,72553.70881164551,8948.771867847652,9231.783220654532,283.0113528068905,0.14920321325773342,794984.421976273,232158.1917205811,29492.887765301683,29759.628915257097,266.7411499554146,0.44518438776927766
cs-46861,"NREL ComStock MA (simulated, AMY2018)",SecondarySchool · Essex County,SecondarySchool,National Grid,2018,2018-01-01,35040,366.80810546875,58.176383845555726,509.6212372701168,0.1586016856721614,"{""missing_intervals"": 0, ""filled_by_median"": 0, ""sqft"": 58000.0, ""weekday_hours"": 7.75, ""timezone"": ""EST -> America/New_York clock time"", ""tz_missing_filled"": 4}",139062.47561923868,28594.810718765257,10729.426263270563,11760.540114531193,1031.1138512606312,0.9258652600992121,185930.25262287963,91498.00413780213,37385.00974094941,37733.61195784702,948.6022168976051,2.412840893629744
cs-46862,"NREL ComStock MA (simulated, AMY2018)",SecondarySchool · Franklin County,SecondarySchool,National Grid,2018,2018-01-01,35040,363.6963195800781,73.09167824297735,640.2819505627156,0.2009689796349015,"{""missing_intervals"": 0, ""filled_by_median"": 0, ""sqft"": 75000.0, ""weekday_hours"": 11.75, ""timezone"": ""EST -> America/New_York clock time"", ""tz_missing_filled"": 4}",168171.44079993613,30349.06241355896,8857.016233530556,9911.200469969535,1054.184236438974,0.6319990736643973,215261.8702808991,97111.27888221742,31432.246241791385,31808.622757521804,976.3765157304115,1.7522237189953733
cs-46866,"NREL ComStock MA (simulated, AMY2018)",SecondarySchool · Worcester County,SecondarySchool,National Grid,2018,2018-01-01,35040,545.2927856445312,87.96015095536568,770.5278105916977,0.1613081142296749,"{""missing_intervals"": 0, ""filled_by_median"": 0, ""sqft"": 90000.0, ""weekday_hours"": 8.5, ""timezone"": ""EST -> America/New_York clock time"", ""tz_missing_filled"": 4}",210597.88285963234,45537.7429447937,13102.544191127978,14158.397392457658,1055.8532013296808,0.7465912199997423,287506.6718320605,145712.19349441526,44517.237463543264,45457.21017395499,939.9727104117519,1.8580676620769419
cs-46982,"NREL ComStock MA (simulated, AMY2018)",SecondarySchool · Norfolk County,SecondarySchool,National Grid,2018,2018-01-01,35040,442.5568237304687,63.050581034643734,552.3148381115794,0.1424688936059509,"{""missing_intervals"": 0, ""filled_by_median"": 0, ""sqft"": 46000.0, ""weekday_hours"": 7.5, ""timezone"": ""EST -> America/New_York clock time"", ""tz_missing_filled"": 4}",153669.1746733679,34299.94715957642,11698.501626028261,12066.54227817668,368.0406521484174,0.9135340240534815,211936.5758250304,109753.36532211304,38498.12265353324,38827.679983300965,329.5573297677147,2.1797911476299214
cs-46984,"NREL ComStock MA (simulated, AMY2018)",SecondarySchool · Plymouth County,SecondarySchool,National Grid,2018,2018-01-01,35040,505.0462341308594,79.97291091891456,700.559244743228,0.1583477026742729,"{""missing_intervals"": 0, ""filled_by_median"": 0, ""sqft"": 90000.0, ""weekday_hours"": 7.25, ""timezone"": ""EST -> America/New_York clock time"", ""tz_missing_filled"": 4}",190581.21623488588,40450.855701446526,15850.025450226472,16278.89245054638,428.86700031990404,0.998001320173659,258528.2600685499,129435.11320114137,52684.20269428186,53067.77622037497,383.5735260931224,2.4454209847842128
cs-46986,"NREL ComStock MA (simulated, AMY2018)",SecondarySchool · Worcester County,SecondarySchool,National Grid,2018,2018-01-01,35040,440.572998046875,63.58861829439799,557.0356906690597,0.144331628529882,"{""missing_intervals"": 0, ""filled_by_median"": 0, ""sqft"": 75000.0, ""weekday_hours"": 9.5, ""timezone"": ""EST -> America/New_York clock time"", ""tz_missing_filled"": 4}",154173.3806462515,33821.723297882076,12682.473321631081,13196.28501659938,513.8116949683044,0.9871333120000132,211261.9379704481,108223.1391105652,41617.59106641366,42073.06959339291,455.47852697925737,2.3639425899180333
cs-46987,"NREL ComStock MA (simulated, AMY2018)",SecondarySchool · Bristol County,SecondarySchool,Eversource,2018,2018-01-01,35040,764.3487548828125,124.9355024564756,1094.429065917492,0.1634535304183629,"{""missing_intervals"": 0, ""filled_by_median"": 0, ""sqft"": 90000.0, ""weekday_hours"": 12.5, ""timezone"": ""EST -> America/New_York clock time"", ""tz_missing_filled"": 4}",290478.8961711818,58132.75388290405,12692.346505956946,12948.75309778324,256.4065918262859,0.5243346765602097,386606.6401446946,186013.85431900024,41210.47528581457,41433.56905464102,223.0937688264621,1.2791443603883514
cs-46988,"NREL ComStock MA (simulated, AMY2018)",SecondarySchool · Middlesex County,SecondarySchool,National Grid,2018,2018-01-01,35040,751.2144165039062,107.5557641328742,942.183601573944,0.1431758520202932,"{""missing_intervals"": 0, ""filled_by_median"": 0, ""sqft"": 90000.0, ""weekday_hours"": 7.5, ""timezone"": ""EST -> America/New_York clock time"", ""tz_missing_filled"": 4}",255655.21109683687,55055.71983322143,12168.091655695418,12373.096992788118,205.00533709269803,0.5711485372892977,349123.4026655206,176167.92538528444,39412.14180599866,39591.578030646255,179.43622464759392,1.3546662814955772
cs-47377,"NREL ComStock MA (simulated, AMY2018)",RetailStripmall · Suffolk County,RetailStripmall,Eversource,2018,2018-01-01,35040,1299.68310546875,292.17806464504434,2559.295420799255,0.224807157541427,"{""missing_intervals"": 0, ""filled_by_median"": 0, ""sqft"": 58000.0, ""weekday_hours"": 17.25, ""timezone"": ""EST -> America/New_York clock time"", ""tz_missing_filled"": 4}",607442.6819547508,70613.17355072021,16247.610145565064,16666.842620994816,419.23247542973695,0.3209707311303232,692491.2211763909,225948.84467926025,53320.38369532794,53722.9903402809,402.60664495296805,0.9239750408055418
cs-47378,"NREL ComStock MA (simulated, AMY2018)",RetailStripmall · Worcester County,RetailStripmall,National Grid,2018,2018-01-01,35040,706.2359619140625,97.31310592519638,852.4573712730407,0.1377912074336393,"{""missing_intervals"": 0, ""filled_by_median"": 0, ""sqft"": 46000.0, ""weekday_hours"": 6.5, ""timezone"": ""EST -> America/New_York clock time"", ""tz_missing_filled"": 4}",229817.276904946,48002.992861022954,13856.703734432553,14557.735402201175,701.0316677686205,0.7235332654383742,310268.1020421983,153600.52852325438,46124.164070293016,46742.14892628613,617.9848559931161,1.783908707341879
cs-47379,"NREL ComStock MA (simulated, AMY2018)",RetailStripmall · Hampden County,RetailStripmall,National Grid,2018,2018-01-01,35040,758.2273559570312,184.32284097610273,1614.6343491038083,0.2430970599094927,"{""missing_intervals"": 0, ""filled_by_median"": 0, ""sqft"": 58000.0, ""weekday_hours"": 12.75, ""timezone"": ""EST -> America/New_York clock time"", ""tz_missing_filled"": 4}",408732.2038230774,67732.63658447264,15767.252044925273,16168.038411273215,400.78636634794384,0.4629119574365686,511757.3650421709,216726.66721801762,51959.75814614446,52351.77979416447,392.02164802001425,1.218384219448123
cs-47380,"NREL ComStock MA (simulated, AMY2018)",RetailStripmall · Suffolk County,RetailStripmall,Eversource,2018,2018-01-01,35040,977.1810913085938,222.5341944541561,1949.396593533039,0.2277307619165543,"{""missing_intervals"": 0, ""filled_by_median"": 0, ""sqft"": 67000.0, ""weekday_hours"": 8.75, ""timezone"": ""EST -> America/New_York clock time"", ""tz_missing_filled"": 4}",479556.30237407447,69228.31146026611,14270.664725347713,14837.611006010637,566.9462806629126,0.3570967076366182,577312.0461550127,221517.54703826905,46983.07717284866,47477.55830858259,494.48113573392766,0.9765895754802942
cs-47381,"NREL ComStock MA (simulated, AMY2018)",RetailStripmall · Suffolk County,RetailStripmall,Eversource,2018,2018-01-01,35040,1119.0194091796875,177.06871926871608,1551.1017391691207,0.1582356104068996,"{""missing_intervals"": 0, ""filled_by_median"": 0, ""sqft"": 58000.0, ""weekday_hours"": 11.5, ""timezone"": ""EST -> America/New_York clock time"", ""tz_missing_filled"": 4}",393950.2159486849,66717.80633880614,19979.59040233478,20223.56781864199,243.9774163072143,0.6085923426914617,496979.5770568881,213484.4038833618,66144.88931658393,66408.61330678896,263.72399020503144,1.5971253315871161
cs-47382,"NREL ComStock MA (simulated, AMY2018)",RetailStripmall · Middlesex County,RetailStripmall,Eversource,2018,2018-01-01,35040,760.615478515625,137.5127271903432,1204.5967610604764,0.1807913868104622,"{""missing_intervals"": 0, ""filled_by_median"": 0, ""sqft"": 35000.0, ""weekday_hours"": 10.75, ""timezone"": ""EST -> America/New_York clock time"", ""tz_missing_filled"": 4}",311010.50290808646,55591.03574615478,14824.425179640992,15184.715246125406,360.29006648441464,0.5719842271959059,398473.9592125847,177880.83539886476,49065.1200934196,49424.776691073916,359.6565976542988,1.4775907622282591
cs-47383,"NREL ComStock MA (simulated, AMY2018)",RetailStripmall · Suffolk County,RetailStripmall,Eversource,2018,2018-01-01,35040,1011.884765625,238.8431762294682,2092.155243516922,0.2360379208614179,"{""missing_intervals"": 0, ""filled_by_median"": 0, ""sqft"": 46000.0, ""weekday_hours"": 11.25, ""timezone"": ""EST -> America/New_York clock time"", ""tz_missing_filled"": 4}",512350.03593885945,72625.97000915527,21265.857988893313,21676.995529993823,411.1375411005138,0.4980780286256729,616638.5015322682,232389.41393127444,72620.38286118081,70507.05931820873,406.67645702789014,1.4132179423904618
cs-47384,"NREL ComStock MA (simulated, AMY2018)",RetailStripmall · Suffolk County,RetailStripmall,Eversource,2018,2018-01-01,35040,633.3634643554688,100.72469487134452,882.3408017710448,0.1590314259346254,"{""missing_intervals"": 0, ""filled_by_median"": 0, ""sqft"": 35000.0, ""weekday_hours"": 8.25, ""timezone"": ""EST -> America/New_York clock time"", ""tz_missing_filled"": 4}",239689.83541229722,51522.95328918457,16504.03068701649,16991.10334563393,487.0726586174387,0.8262693655887798,326956.4301894122,164863.7383758545,53946.24959834713,54368.32785902657,422.07826067943824,1.9799426939092168
cs-47385,"NREL ComStock MA (simulated, AMY2018)",RetailStripmall · Suffolk County,RetailStripmall,Eversource,2018,2018-01-01,35040,1035.1575927734375,140.380920539218,1229.6752543091775,0.1356130907209052,"{""missing_intervals"": 0, ""filled_by_median"": 0, ""sqft"": 58000.0, ""weekday_hours"": 12.0, ""timezone"": ""EST -> America/New_York clock time"", ""tz_missing_filled"": 4}",330281.66670377896,69833.60859283447,23283.965286371764,23665.194024862885,381.22873849112875,0.845967583441604,451128.5166711646,223454.3837631226,78796.69537268882,76670.25935929865,393.56398660982995,2.09598885800762
cs-47386,"NREL ComStock MA (simulated, AMY2018)",RetailStripmall · Worcester County,RetailStripmall,National Grid,2018,2018-01-01,35040,455.85491943359375,88.05554753914815,771.3619229214191,0.1931657283605898,"{""missing_intervals"": 0, ""filled_by_median"": 0, ""sqft"": 35000.0, ""weekday_hours"": 12.75, ""timezone"": ""EST -> America/New_York clock time"", ""tz_missing_filled"": 4}",196423.29812804898,31367.206746215816,9417.5842107156,9984.048610856571,566.4644001409724,0.5753442265026777,242315.32707735978,100369.14882507324,32365.35662648449,32950.22654278524,584.8699163007568,1.602805254633444
cs-47387,"NREL ComStock MA (simulated, AMY2018)",RetailStripmall · Plymouth County,RetailStripmall,National Grid,2018,2018-01-01,35040,1117.9840087890625,183.90057047327903,1610.9373525381088,0.1644930240750668,"{""missing_intervals"": 0, ""filled_by_median"": 0, ""sqft"": 67000.0, ""weekday_hours"": 7.5, ""timezone"": ""EST -> America/New_York clock time"", ""tz_missing_filled"": 4}",418943.43945626175,79011.00053100586,16192.994811921355,16540.20576634554,347.2109544241903,0.46382379921083144,549699.5101021217,252820.30801391604,55144.84309258931,52925.54060013489,300.697507545563,1.2038179131506517
cs-47388,"NREL ComStock MA (simulated, AMY2018)",RetailStripmall · Norfolk County,RetailStripmall,Municipal/other,2018,2018-01-01,35040,553.0631103515625,98.73940583045623,864.9318232882023,0.1785318962381908,"{""missing_intervals"": 0, ""filled_by_median"": 0, ""sqft"": 35000.0, ""weekday_hours"": 10.75, ""timezone"": ""EST -> America/New_York clock time"", ""tz_missing_filled"": 4}",225099.44168380531,40531.83239486694,14811.294815239278,15579.568970933455,768.2741556941764,0.7895867553173876,288629.9029777933,129694.22335586548,49207.33039559505,49881.50635007798,674.1759544829347,2.0458308673324526
cs-47833,"NREL ComStock MA (simulated, AMY2018)",FullServiceRestaurant · Norfolk County,FullServiceRestaurant,Municipal/other,2018,2018-01-01,35040,851.9274291992188,312.03867166782624,2733.3320491189957,0.3662737704796421,"{""missing_intervals"": 0, ""filled_by_median"": 0, ""sqft"": 35000.0, ""weekday_hours"": 10.5, ""timezone"": ""EST -> America/New_York clock time"", ""tz_missing_filled"": 4}",636503.7614432334,63790.40735198974,14291.266639793685,14818.302699157155,527.0360593634687,0.26943312838979827,702242.0483388549,204117.278944397,47267.27070128573,47777.68409328361,510.41339199790673,0.8077090367304985
cs-47834,"NREL ComStock MA (simulated, AMY2018)",FullServiceRestaurant · Worcester County,FullServiceRestaurant,National Grid,2018,2018-01-01,35040,303.4317932128906,104.08199774217388,911.7115060663224,0.343016124447938,"{""missing_intervals"": 0, ""filled_by_median"": 0, ""sqft"": 10000.0, ""weekday_hours"": 15.25, ""timezone"": ""EST -> America/New_York clock time"", ""tz_missing_filled"": 4}",216417.07796235735,22569.212888717648,7245.596728399712,8058.801828323927,813.2050999242128,0.4017573916043713,239048.7111545581,72217.2269153595,26042.820023526707,26873.544773982612,830.7247504559036,1.3073228413277793
cs-47836,"NREL ComStock MA (simulated, AMY2018)",FullServiceRestaurant · Middlesex County,FullServiceRestaurant,National Grid,2018,2018-01-01,35040,675.5970458984375,221.78486156049928,1942.755611606598,0.3282797977092401,"{""missing_intervals"": 0, ""filled_by_median"": 0, ""sqft"": 21000.0, ""weekday_hours"": 14.25, ""timezone"": ""EST -> America/New_York clock time"", ""tz_missing_filled"": 4}",459851.75147307356,51257.57280120849,10482.613172942965,10936.097859664049,453.484686721069,0.27354763284549816,518617.4786900466,164014.57083892825,35758.21139251588,36240.82082489648,482.60943238061736,0.8273892692433581
cs-47837,"NREL ComStock MA (simulated, AMY2018)",FullServiceRestaurant · Norfolk County,FullServiceRestaurant,Municipal/other,2018,2018-01-01,35040,396.54345703125,111.01699759296086,972.4203887367248,0.2799617434721967,"{""missing_intervals"": 0, ""filled_by_median"": 0, ""sqft"": 10000.0, ""weekday_hours"": 16.25, ""timezone"": ""EST -> America/New_York clock time"", ""tz_missing_filled"": 4}",233577.02847876554,27146.323840637204,10728.724043644394,11365.425404470006,636.7013608256129,0.5511872865333454,265322.6595895364,86863.11916961671,37532.83315255705,37622.5515993431,689.7184467860734,1.6975331037592496
cs-47839,"NREL ComStock MA (simulated, AMY2018)",FullServiceRestaurant · Bristol County,FullServiceRestaurant,National Grid,2018,2018-01-01,35040,356.8464050292969,105.2505587327426,921.9240951061248,0.2949463893971457,"{""missing_intervals"": 0, ""filled_by_median"": 0, ""sqft"": 10000.0, ""weekday_hours"": 14.25, ""timezone"": ""EST -> America/New_York clock time"", ""tz_missing_filled"": 4}",219028.77668293833,23124.985463180543,8321.474675819445,9065.771335520696,744.2966597012492,0.45591130819483755,243285.3275880965,73995.59438972475,29973.583525564394,30112.384858572696,738.8013330083104,1.4784409971313508
cs-47840,"NREL ComStock MA (simulated, AMY2018)",FullServiceRestaurant · Middlesex County,FullServiceRestaurant,National Grid,2018,2018-01-01,35040,466.72412109375,140.80079922447464,1233.3663319272996,0.301678856654148,"{""missing_intervals"": 0, ""filled_by_median"": 0, ""sqft"": 21000.0, ""weekday_hours"": 14.25, ""timezone"": ""EST -> America/New_York clock time"", ""tz_missing_filled"": 4}",298446.87090357544,37552.972091064454,12607.876128452368,13278.057326058732,670.1811976063509,0.5069395202012684,345984.25707207364,120162.43190307618,42157.81029123526,42769.03184600003,611.2215547647593,1.4621871173445848
cs-47842,"NREL ComStock MA (simulated, AMY2018)",FullServiceRestaurant · Hampden County,FullServiceRestaurant,National Grid,2018,2018-01-01,35040,679.4537353515625,149.3446896935979,1308.0872938055993,0.2198011165783407,"{""missing_intervals"": 0, ""filled_by_median"": 0, ""sqft"": 21000.0, ""weekday_hours"": 10.0, ""timezone"": ""EST -> America/New_York clock time"", ""tz_missing_filled"": 4}",321991.91936885467,45669.739141693106,13833.139087111686,14592.885171904163,759.7460847924758,0.5155336487037218,385345.01873801573,145936.67502212524,47108.044670367555,47800.46023338688,692.4155630193109,1.4669880459223958
cs-47843,"NREL ComStock MA (simulated, AMY2018)",FullServiceRestaurant · Norfolk County,FullServiceRestaurant,Municipal/other,2018,2018-01-01,35040,348.6662902832031,95.4053709992535,835.693947170496,0.2736294665072462,"{""missing_intervals"": 0, ""filled_by_median"": 0, ""sqft"": 10000.0, ""weekday_hours"": 13.5, ""timezone"": ""EST -> America/New_York clock time"", ""tz_missing_filled"": 4}",202294.6541708875,24182.049534606937,8184.876427820656,9167.982616856252,983.1061890355959,0.4855220595739432,231011.888258269,77378.00016021729,29551.77013347392,29894.51218605916,942.7420525852413,1.5350778883086054
cs-47844,"NREL ComStock MA (simulated, AMY2018)",FullServiceRestaurant · Norfolk County,FullServiceRestaurant,Municipal/other,2018,2018-01-01,35040,408.4935302734375,124.24891933466746,1088.415940523863,0.3041637385333807,"{""missing_intervals"": 0, ""filled_by_median"": 0, ""sqft"": 21000.0, ""weekday_hours"": 11.0, ""timezone"": ""EST -> America/New_York clock time"", ""tz_missing_filled"": 4}",263312.2743346477,32649.672525787355,11885.40824592315,12577.338600650963,691.930354727805,0.5416568570966562,303973.77699605195,104472.7975730896,40363.14405317024,40409.32426984295,646.1802166727084,1.593419450271639
cs-48829,"NREL ComStock MA (simulated, AMY2018)",LargeOffice · Plymouth County,LargeOffice,Eversource,2018,2018-01-01,35040,987.0389404296876,375.7534800141914,3291.644383491516,0.3806875946055529,"{""missing_intervals"": 0, ""filled_by_median"": 0, ""sqft"": 500000.0, ""weekday_hours"": 6.25, ""timezone"": ""EST -> America/New_York clock time"", ""tz_missing_filled"": 4}",779735.0576402419,90830.8934637451,26902.515466482037,28046.609493692347,1144.0940272103253,0.4140254852395433,883418.0764915681,283973.84046325687,88103.60537730594,89012.13905643391,908.5336791279406,1.196764355022525
cs-48830,"NREL ComStock MA (simulated, AMY2018)",LargeOffice · Middlesex County,LargeOffice,National Grid,2018,2018-01-01,35040,1378.9967041015625,572.7778926396479,5017.560807342529,0.4153584203182135,"{""missing_intervals"": 0, ""filled_by_median"": 0, ""sqft"": 500000.0, ""weekday_hours"": 9.25, ""timezone"": ""EST -> America/New_York clock time"", ""tz_missing_filled"": 4}",1194121.8217881324,145334.62341674804,17171.020209075446,17435.754197467424,264.7339883919776,0.1725554618877606,1380316.407805279,465043.39915161143,56153.67546609028,56389.05958806205,235.38412197173602,0.48818089952614874
cs-48832,"NREL ComStock MA (simulated, AMY2018)",LargeOffice · Hampden County,LargeOffice,National Grid,2018,2018-01-01,35040,1441.593505859375,342.269509058347,2998.2690949993134,0.2374244248931396,"{""missing_intervals"": 0, ""filled_by_median"": 0, ""sqft"": 500000.0, ""weekday_hours"": 9.5, ""timezone"": ""EST -> America/New_York clock time"", ""tz_missing_filled"": 4}",761498.6144931489,132571.4455328369,23044.23186761795,23938.333544750945,894.1016771329887,0.36314023052487554,966534.7610079638,417816.8293487549,76508.8288424759,77327.84270221928,819.0138597433688,0.9498943888497623
cs-48833,"NREL ComStock MA (simulated, AMY2018)",LargeOffice · Suffolk County,LargeOffice,Eversource,2018,2018-01-01,35040,748.4736938476562,297.0674401440032,2602.321986701965,0.3968976365981249,"{""missing_intervals"": 0, ""filled_by_median"": 0, ""sqft"": 300000.0, ""weekday_hours"": 11.75, ""timezone"": ""EST -> America/New_York clock time"", ""tz_missing_filled"": 4}",611370.2138827022,66161.91072357178,16633.434765402737,17636.777605678406,1003.3428402756763,0.3264817497686082,685888.6709172887,211571.19581146238,58794.38357222225,59692.567319086746,898.1837468645062,1.0286401172410486
cs-48834,"NREL ComStock MA (simulated, AMY2018)",LargeOffice · Middlesex County,LargeOffice,Eversource,2018,2018-01-01,35040,1300.16064453125,560.70640526863,4911.786700965881,0.4312593275508526,"{""missing_intervals"": 0, ""filled_by_median"": 0, ""sqft"": 300000.0, ""weekday_hours"": 10.75, ""timezone"": ""EST -> America/New_York clock time"", ""tz_missing_filled"": 4}",1149390.8539118888,122794.51444641112,13855.90284962322,14259.381348572893,403.4784989496984,0.1446599593424508,1288996.1949250507,392919.29928894044,45269.44705412637,45627.33240188971,357.8853477633311,0.4214390754513461
cs-48835,"NREL ComStock MA (simulated, AMY2018)",LargeOffice · Worcester County,LargeOffice,National Grid,2018,2018-01-01,35040,1101.391357421875,637.0482603708903,5580.5357971954345,0.5784031771068968,"{""missing_intervals"": 0, ""filled_by_median"": 0, ""sqft"": 300000.0, ""weekday_hours"": 13.5, ""timezone"": ""EST -> America/New_York clock time"", ""tz_missing_filled"": 4}",1287155.9355855023,121656.75837524413,12875.5548555524,13418.57856605352,543.0237105011038,0.1200372495631982,1406754.6217067528,389278.694329834,42792.48616461466,43262.31631864677,469.8301540320681,0.3650315599122449
cs-48836,"NREL ComStock MA (simulated, AMY2018)",LargeOffice · Middlesex County,LargeOffice,National Grid,2018,2018-01-01,35040,2423.688232421875,1101.244802225888,9646.808109603882,0.4543673511693651,"{""missing_intervals"": 0, ""filled_by_median"": 0, ""sqft"": 800000.0, ""weekday_hours"": 12.5, ""timezone"": ""EST -> America/New_York clock time"", ""tz_missing_filled"": 4}",2269738.309080606,258078.6100793457,25754.94994883667,25992.141856001468,237.1919071647717,0.1361652125928251,2579374.1490702587,823731.5810852051,86520.22233533478,86738.32964258286,218.10730724810855,0.4025172805574772
cs-48837,"NREL ComStock MA (simulated, AMY2018)",LargeOffice · Suffolk County,LargeOffice,Eversource,2018,2018-01-01,35040,1541.8656005859375,414.20012933739787,3628.384364253998,0.2686356898941089,"{""missing_intervals"": 0, ""filled_by_median"": 0, ""sqft"": 300000.0, ""weekday_hours"": 14.0, ""timezone"": ""EST -> America/New_York clock time"", ""tz_missing_filled"": 4}",897994.0287143858,137311.94159667965,19192.536511479717,19538.102106507093,345.56559502735035,0.256472126510107,1102474.5350469502,439372.3296142578,62217.13782482987,62518.243780953446,301.1059561235743,0.6772089786782816
cs-48838,"NREL ComStock MA (simulated, AMY2018)",LargeOffice · Suffolk County,LargeOffice,Eversource,2018,2018-01-01,35040,1819.0811767578125,541.7518311108628,4745.755896835327,0.2978161931599109,"{""missing_intervals"": 0, ""filled_by_median"": 0, ""sqft"": 500000.0, ""weekday_hours"": 11.25, ""timezone"": ""EST -> America/New_York clock time"", ""tz_missing_filled"": 4}",1157450.2246985282,164851.11940246582,22500.662909917504,22810.120725970948,309.4578160534802,0.2332782431221497,1392513.5232658198,526578.2445281983,73262.95373682946,73525.0347893625,262.08105253300164,0.6313442779213352
cs-48839,"NREL ComStock MA (simulated, AMY2018)",LargeOffice · Suffolk County,LargeOffice,Eversource,2018,2018-01-01,35040,1689.1611328125,657.356327106528,5758.4369125213625,0.3891614093748484,"{""missing_intervals"": 0, ""filled_by_median"": 0, ""sqft"": 500000.0, ""weekday_hours"": 9.75, ""timezone"": ""EST -> America/New_York clock time"", ""tz_missing_filled"": 4}",1370706.919253314,167437.6701965332,17116.693901159117,17380.257474303973,263.5635731448565,0.14984992337078173,1585538.8543538745,535768.9823913574,55386.99735351496,55613.54771466728,226.55036115224357,0.4191912209638216
cs-48840,"NREL ComStock MA (simulated, AMY2018)",LargeOffice · Middlesex County,LargeOffice,Eversource,2018,2018-01-01,35040,1482.761474609375,754.914466266545,6613.035951454162,0.509127381034379,"{""missing_intervals"": 0, ""filled_by_median"": 0, ""sqft"": 300000.0, ""weekday_hours"": 7.75, ""timezone"": ""EST -> America/New_York clock time"", ""tz_missing_filled"": 4}",1535507.7048030565,155769.6205847168,17236.74218797496,17518.43412990179,281.69194192685245,0.1347052219983675,1703340.5210949578,498433.4230773926,57137.17133919176,57392.597885076924,255.4265458851587,0.4025302325512385
cs-48995,"NREL ComStock MA (simulated, AMY2018)",SecondarySchool · Plymouth County,SecondarySchool,National Grid,2018,2018-01-01,35040,338.9661865234375,54.042355234461695,473.400185036391,0.1594328796885024,"{""missing_intervals"": 0, ""filled_by_median"": 0, ""sqft"": 75000.0, ""weekday_hours"": 9.5, ""timezone"": ""EST -> America/New_York clock time"", ""tz_missing_filled"": 4}",128377.44077048215,25486.718830871585,9390.661745931411,10583.84860051383,1193.186854582421,0.8777861614537443,169411.00058869302,81552.69597625732,33090.557434766095,33585.64265300566,1095.085218239562,2.343925057034908
cs-48996,"NREL ComStock MA (simulated, AMY2018)",SecondarySchool · Worcester County,SecondarySchool,National Grid,2018,2018-01-01,35040,548.7752685546875,109.6490434665114,960.5078757419586,0.1998068239395967,"{""missing_intervals"": 0, ""filled_by_median"": 0, ""sqft"": 90000.0, ""weekday_hours"": 11.75, ""timezone"": ""EST -> America/New_York clock time"", ""tz_missing_filled"": 4}",251801.09768298356,46991.71266540528,9715.882542132427,10674.518849220689,958.6363070882653,0.463026537923898,326648.8384627925,150364.62252502443,33435.89701294644,34325.29227490748,889.3952619610318,1.2283244784936231
cs-48999,"NREL ComStock MA (simulated, AMY2018)",PrimarySchool · Suffolk County,PrimarySchool,Eversource,2018,2018-01-01,35040,385.7984619140625,59.349785632527855,519.8983720667958,0.1538362422132936,"{""missing_intervals"": 0, ""filled_by_median"": 0, ""sqft"": 90000.0, ""weekday_hours"": 7.5, ""timezone"": ""EST -> America/New_York clock time"", ""tz_missing_filled"": 4}",141787.43125353282,29157.120238952637,10923.156851285497,11333.708357922227,410.551506636727,0.9244675713254379,189595.48389850778,93297.28860626221,36970.56117575607,36753.256907576055,382.6957318199775,2.339964671028562
cs-49001,"NREL ComStock MA (simulated, AMY2018)",PrimarySchool · Plymouth County,PrimarySchool,National Grid,2018,2018-01-01,35040,317.6419372558594,80.86206441984329,708.3486324379444,0.2545698629041832,"{""missing_intervals"": 0, ""filled_by_median"": 0, ""sqft"": 90000.0, ""weekday_hours"": 16.5, ""timezone"": ""EST -> America/New_York clock time"", ""tz_missing_filled"": 4}",177289.35296151257,25494.294661636348,8609.933862019929,9083.99330438457,474.0594423646344,0.5827716364144468,212084.018460865,81576.93720664979,29516.514654408893,29388.889578526,472.37492411711446,1.6700842355939494
cs-49024,"NREL ComStock MA (simulated, AMY2018)",FullServiceRestaurant · Middlesex County,FullServiceRestaurant,Municipal/other,2018,2018-01-01,35040,327.81427001953125,118.44185687788,1037.550608915329,0.3613078127160944,"{""missing_intervals"": 0, ""filled_by_median"": 0, ""sqft"": 21000.0, ""weekday_hours"": 11.75, ""timezone"": ""EST -> America/New_York clock time"", ""tz_missing_filled"": 4}",251166.1322110841,30742.498960571287,7407.482070506787,8668.243979369809,1260.761908863018,0.35390832379971127,288636.7741137156,98370.20166931154,27365.20382197098,27999.244729583435,1234.0409076124633,1.1377013440923411
cs-49027,"NREL ComStock MA (simulated, AMY2018)",FullServiceRestaurant · Hampden County,FullServiceRestaurant,Eversource,2018,2018-01-01,35040,303.92266845703125,129.63052608966828,1135.565175895691,0.426524703628665,"{""missing_intervals"": 0, ""filled_by_median"": 0, ""sqft"": 21000.0, ""weekday_hours"": 17.25, ""timezone"": ""EST -> America/New_York clock time"", ""tz_missing_filled"": 4}",269566.5270052368,28818.910946960445,5868.3645741479595,6874.316224422601,1005.951650274641,0.2612356054444678,300273.9081780805,92215.08262481689,22838.59478790367,23286.47558357271,1047.8807956690398,0.9127104619836235
cs-49179,"NREL ComStock MA (simulated, AMY2018)",SecondarySchool · Middlesex County,SecondarySchool,Eversource,2018,2018-01-01,35040,430.1627807617187,70.43960552883748,617.0445817974805,0.1637510465319785,"{""missing_intervals"": 0, ""filled_by_median"": 0, ""sqft"": 75000.0, ""weekday_hours"": 8.75, ""timezone"": ""EST -> America/New_York clock time"", ""tz_missing_filled"": 4}",167154.39630053172,34081.87115325927,8447.304217607063,9557.308010909712,1110.0037933026533,0.6064312566989439,222988.82115238655,109055.5632095337,29795.91235582262,30808.86975699947,1012.95740117685,1.603447860848269
cs-49180,"NREL ComStock MA (simulated, AMY2018)",SecondarySchool · Norfolk County,SecondarySchool,National Grid,2018,2018-01-01,35040,514.4578857421875,106.11793951185328,929.58935542655,0.2062713828533529,"{""missing_intervals"": 0, ""filled_by_median"": 0, ""sqft"": 90000.0, ""weekday_hours"": 9.75, ""timezone"": ""EST -> America/New_York clock time"", ""tz_missing_filled"": 4}",242873.5283076226,44592.69899627686,9220.385400950632,9987.380528228738,766.9951272781072,0.45556477720069005,313357.2755432615,142688.23100128176,31281.141358518493,31980.473438669982,699.3320801514928,1.1979096245697303
cs-49183,"NREL ComStock MA (simulated, AMY2018)",SecondarySchool · Bristol County,SecondarySchool,Eversource,2018,2018-01-01,35040,339.43646240234375,57.853382683058854,506.7919256454706,0.1704395051539383,"{""missing_intervals"": 0, ""filled_by_median"": 0, ""sqft"": 46000.0, ""weekday_hours"": 13.0, ""timezone"": ""EST -> America/New_York clock time"", ""tz_missing_filled"": 4}",134597.55507328594,24739.43920478821,8436.183653174732,9447.99020176979,1011.8065485950619,0.7521251317156288,173080.15316812825,79161.54203605652,29136.926182727264,29388.856974896826,851.930792169559,2.0201225142959487
cs-49184,"NREL ComStock MA (simulated, AMY2018)",SecondarySchool · Dukes County,SecondarySchool,Eversource,2018,2018-01-01,35040,633.0950927734375,128.33801574875775,1124.234573981762,0.2027152274811351,"{""missing_intervals"": 0, ""filled_by_median"": 0, ""sqft"": 90000.0, ""weekday_hours"": 8.0, ""timezone"": ""EST -> America/New_York clock time"", ""tz_missing_filled"": 4}",293561.47266348545,54815.39336044311,12894.158365902185,13630.094660537672,735.936294635494,0.5270783627938662,381402.3979643924,175398.92597427365,43017.77519157734,43657.579991417915,639.8047998405764,1.3534610821904733
cs-49187,"NREL ComStock MA (simulated, AMY2018)",SecondarySchool · Middlesex County,SecondarySchool,National Grid,2018,2018-01-01,35040,344.8487854003906,47.21395551510597,413.5916662209034,0.1369120539609489,"{""missing_intervals"": 0, ""filled_by_median"": 0, ""sqft"": 46000.0, ""weekday_hours"": 7.5, ""timezone"": ""EST -> America/New_York clock time"", ""tz_missing_filled"": 4}",112752.32518666415,22228.240198135376,7742.078027914902,8914.527402571764,1172.4493746568633,0.8239735737704079,148125.9428385274,71126.17857933044,28184.134622195983,28664.062235457215,1079.9276132612385,2.28325713231095
cs-49321,"NREL ComStock MA (simulated, AMY2018)",RetailStripmall · Worcester County,RetailStripmall,National Grid,2018,2018-01-01,35040,1058.0277099609375,264.55313784107227,2317.434537733078,0.2500436759362754,"{""missing_intervals"": 0, ""filled_by_median"": 0, ""sqft"": 125000.0, ""weekday_hours"": 8.5, ""timezone"": ""EST -> America/New_York clock time"", ""tz_missing_filled"": 4}",589358.14129881,102488.14203857421,22906.902484870596,23196.117807252864,289.21532238224245,0.4664105075611046,753075.8759074287,327942.7353637696,76492.73333354195,74223.20448220876,250.47114866678749,1.2188848818141365
cs-49322,"NREL ComStock MA (simulated, AMY2018)",RetailStripmall · Middlesex County,RetailStripmall,National Grid,2018,2018-01-01,35040,500.3121643066406,170.1284166950069,1490.2957745952606,0.3400445338577365,"{""missing_intervals"": 0, ""filled_by_median"": 0, ""sqft"": 90000.0, ""weekday_hours"": 6.25, ""timezone"": ""EST -> America/New_York clock time"", ""tz_missing_filled"": 4}",369008.92384401173,54595.304342346186,21319.46629409228,22101.45182535431,781.9855312620493,0.6932992103932258,447153.3671914214,174694.6826034546,70064.22151120321,70753.89708448827,689.6755732850652,1.880273570151858
cs-49323,"NREL ComStock MA (simulated, AMY2018)",RetailStripmall · Norfolk County,RetailStripmall,Municipal/other,2018,2018-01-01,35040,1657.482421875,323.86782800046274,2837.0633203635216,0.1953974435723381,"{""missing_intervals"": 0, ""filled_by_median"": 0, ""sqft"": 75000.0, ""weekday_hours"": 10.0, ""timezone"": ""EST -> America/New_York clock time"", ""tz_missing_filled"": 4}",742093.5106843378,146906.32486145018,31548.67436021292,31704.040542166465,155.36618195351184,0.5101568560725391,989528.0744229683,470072.5475067139,101314.51989959509,101446.95347846857,132.4335788734861,1.228640470361698
cs-49324,"NREL ComStock MA (simulated, AMY2018)",RetailStripmall · Norfolk County,RetailStripmall,Municipal/other,2018,2018-01-01,35040,1365.691162109375,348.40512915136605,3051.9763014450073,0.2551126776080455,"{""missing_intervals"": 0, ""filled_by_median"": 0, ""sqft"": 175000.0, ""weekday_hours"": 8.0, ""timezone"": ""EST -> America/New_York clock time"", ""tz_missing_filled"": 4}",766486.4409278245,126951.57966552734,24451.18570273937,24705.725566778743,254.53986403937597,0.38280419948159466,964695.9362883053,406221.1243774414,78833.22382816912,79053.6647494947,220.44092132559308,0.9806185040830441
cs-49325,"NREL ComStock MA (simulated, AMY2018)",RetailStripmall · Worcester County,RetailStripmall,National Grid,2018,2018-01-01,35040,1666.4927978515625,455.6444825751052,3991.4398828120234,0.2734152125724879,"{""missing_intervals"": 0, ""filled_by_median"": 0, ""sqft"": 300000.0, ""weekday_hours"": 13.75, ""timezone"": ""EST -> America/New_York clock time"", ""tz_missing_filled"": 4}",990200.5476156241,154076.53941894532,26160.19654753137,26349.279992074833,189.08344454343023,0.31702906984478335,1222023.014490601,493015.88249511726,84317.25940175467,84485.79700305543,168.537601300799,0.8279771336735641
cs-49326,"NREL ComStock MA (simulated, AMY2018)",RetailStripmall · Suffolk County,RetailStripmall,Eversource,2018,2018-01-01,35040,795.6809692382812,280.1486095139425,2454.0824263911245,0.352086602978746,"{""missing_intervals"": 0, ""filled_by_median"": 0, ""sqft"": 125000.0, ""weekday_hours"": 15.5, ""timezone"": ""EST -> America/New_York clock time"", ""tz_missing_filled"": 4}",589738.6983873831,74348.32063171387,14017.248877428647,14520.020240999875,502.77136357121344,0.2852229080253662,685313.7145231126,237900.61125793456,46010.63992652147,46461.3277268565,450.68780033502844,0.8056568363037433
cs-49327,"NREL ComStock MA (simulated, AMY2018)",RetailStripmall · Suffolk County,RetailStripmall,Eversource,2018,2018-01-01,35040,797.0267944335938,206.930715399409,1812.677132496357,0.2596283046499887,"{""missing_intervals"": 0, ""filled_by_median"": 0, ""sqft"": 75000.0, ""weekday_hours"": 11.0, ""timezone"": ""EST -> America/New_York clock time"", ""tz_missing_filled"": 4}",460045.6594645459,77943.90904144286,21346.385077816016,21749.463269106134,403.0781912901184,0.5568069509272987,580387.6194297122,249405.8163955689,69375.12728566832,69735.92642177186,360.79913610354197,1.43438884558915
cs-49328,"NREL ComStock MA (simulated, AMY2018)",RetailStripmall · Middlesex County,RetailStripmall,Municipal/other,2018,2018-01-01,35040,788.45068359375,273.18593187484566,2392.97002693367,0.3464844885791296,"{""missing_intervals"": 0, ""filled_by_median"": 0, ""sqft"": 90000.0, ""weekday_hours"": 12.0, ""timezone"": ""EST -> America/New_York clock time"", ""tz_missing_filled"": 4}",584280.6287562185,81907.75588989256,16648.178320017832,16908.262784642007,260.08446462418215,0.3419215527742032,698430.4129078619,262089.37911987305,53875.89196133883,54103.25367941529,227.36171807647042,0.9256623016233898
cs-49329,"NREL ComStock MA (simulated, AMY2018)",RetailStripmall · Essex County,RetailStripmall,National Grid,2018,2018-01-01,35040,624.36328125,152.9390636607392,1339.6779460601806,0.2449520467548142,"{""missing_intervals"": 0, ""filled_by_median"": 0, ""sqft"": 75000.0, ""weekday_hours"": 7.75, ""timezone"": ""EST -> America/New_York clock time"", ""tz_missing_filled"": 4}",348989.90734184184,65661.8739996338,23198.02148402773,23644.964905935034,446.9434219072973,0.7976627746304945,455229.7467054348,210105.61944274904,75268.26287769292,75659.43058967905,391.1677119860906,1.9840951982357173
cs-49330,"NREL ComStock MA (simulated, AMY2018)",RetailStripmall · Norfolk County,RetailStripmall,National Grid,2018,2018-01-01,35040,494.1643981933594,141.33064552708848,1238.0289146351815,0.2859992464932446,"{""missing_intervals"": 0, ""filled_by_median"": 0, ""sqft"": 75000.0, ""weekday_hours"": 7.75, ""timezone"": ""EST -> America/New_York clock time"", ""tz_missing_filled"": 4}",317722.72319066944,55603.98967285156,17297.594219682993,17727.434320655368,429.8401009723766,0.6533090505825415,404586.6737654446,177922.28552246097,57941.29157258113,58354.66981855828,413.3782459771519,1.7185328730675513
cs-49331,"NREL ComStock MA (simulated, AMY2018)",RetailStripmall · Essex County,RetailStripmall,National Grid,2018,2018-01-01,35040,678.0247802734375,178.77733942357372,1566.0638916783332,0.2636737544481419,"{""missing_intervals"": 0, ""filled_by_median"": 0, ""sqft"": 75000.0, ""weekday_hours"": 10.0, ""timezone"": ""EST -> America/New_York clock time"", ""tz_missing_filled"": 4}",395226.3403166029,64732.97510498047,17008.999139770218,17318.11031294261,309.1111731724013,0.5164331646360877,493345.5438065307,207133.31807861332,55581.078783778,55880.53208417875,299.45330040074987,1.3519387248522399
cs-49332,"NREL ComStock MA (simulated, AMY2018)",RetailStripmall · Bristol County,RetailStripmall,National Grid,2018,2018-01-01,35040,794.2353515625,190.59297995265217,1669.538097821951,0.2399704062249286,"{""missing_intervals"": 0, ""filled_by_median"": 0, ""sqft"": 90000.0, ""weekday_hours"": 13.0, ""timezone"": ""EST -> America/New_York clock time"", ""tz_missing_filled"": 4}",430401.69986665423,77865.8626611328,19482.830816043963,19735.563175770163,252.73235972620023,0.5431994573092088,554157.5730714811,249156.0826904297,63572.695040478626,63806.349347565774,233.65430708715212,1.3766343321042014
cs-49577,"NREL ComStock MA (simulated, AMY2018)",PrimarySchool · Middlesex County,PrimarySchool,Municipal/other,2018,2018-01-01,35040,301.6240539550781,63.437139161359774,555.7052714749575,0.2103185681961813,"{""missing_intervals"": 0, ""filled_by_median"": 0, ""sqft"": 58000.0, ""weekday_hours"": 11.25, ""timezone"": ""EST -> America/New_York clock time"", ""tz_missing_filled"": 4}",144069.4596291508,23988.900212478635,7476.037178249961,8757.267821493875,1281.2306432439154,0.6227027322093686,179557.87505671103,76759.95873832704,27830.7958335499,28445.094237731293,1214.2984041813888,1.8599549025467073
cs-49582,"NREL ComStock MA (simulated, AMY2018)",PrimarySchool · Worcester County,PrimarySchool,National Grid,2018,2018-01-01,35040,425.59808349609375,114.1871266551758,1000.2746700015068,0.2682980283115486,"{""missing_intervals"": 0, ""filled_by_median"": 0, ""sqft"": 58000.0, ""weekday_hours"": 8.75, ""timezone"": ""EST -> America/New_York clock time"", ""tz_missing_filled"": 4}",248650.71523723638,35825.85655273437,8157.995719742794,9185.319390822735,1027.3236710799356,0.39370869512083045,298136.67627515586,114635.98774414063,28586.89918728022,29568.754342628417,981.8551553481866,1.1506225753008734
cs-51913,"NREL ComStock MA (simulated, AMY2018)",Grocery · Suffolk County,Grocery,National Grid,2018,2018-01-01,35040,1807.40234375,549.6746449104727,4814.917011898041,0.3041241186895925,"{""missing_intervals"": 0, ""filled_by_median"": 0, ""sqft"": 90000.0, ""weekday_hours"": 15.25, ""timezone"": ""EST -> America/New_York clock time"", ""tz_missing_filled"": 4}",1141076.0106233999,134831.96094787595,19383.69730052835,19639.995538116214,256.29823758784914,0.20384651455362937,1309971.0184435837,431436.8590179444,62853.36368394733,63087.899680167284,234.53599621998728,0.575768741131009
cs-51914,"NREL ComStock MA (simulated, AMY2018)",Grocery · Middlesex County,Grocery,Municipal/other,2018,2018-01-01,35040,747.2992553710938,308.5401205883723,2702.7162712783816,0.4128735822641192,"{""missing_intervals"": 0, ""filled_by_median"": 0, ""sqft"": 46000.0, ""weekday_hours"": 16.5, ""timezone"": ""EST -> America/New_York clock time"", ""tz_missing_filled"": 4}",630241.7850229831,63561.90218322753,11478.495243661251,12038.732890239706,560.2376465784546,0.218554126681575,695947.4691498725,203386.1054779053,39563.08821523049,40150.625077053926,587.5368618234279,0.6821736979124308
cs-51915,"NREL ComStock MA (simulated, AMY2018)",Grocery · Worcester County,Grocery,National Grid,2018,2018-01-01,35040,1462.2646484375,654.7012720569628,5735.051345352173,0.4477310401756225,"{""missing_intervals"": 0, ""filled_by_median"": 0, ""sqft"": 90000.0, ""weekday_hours"": 16.5, ""timezone"": ""EST -> America/New_York clock time"", ""tz_missing_filled"": 4}",1327294.002056227,129659.3476373291,14986.348481231747,15272.842581709594,286.4941004778666,0.1354908418904787,1460433.2674576605,414885.47146911616,49138.311475151495,49421.42478927723,283.1133141257451,0.40375671442236083
cs-51916,"NREL ComStock MA (simulated, AMY2018)",Grocery · Suffolk County,Grocery,Eversource,2018,2018-01-01,35040,808.139892578125,262.16141196821377,2296.473255241394,0.3244010280594704,"{""missing_intervals"": 0, ""filled_by_median"": 0, ""sqft"": 58000.0, ""weekday_hours"": 12.25, ""timezone"": ""EST -> America/New_York clock time"", ""tz_missing_filled"": 4}",531666.3289182861,49869.929017944334,10567.358611250871,11442.70619386111,875.3475826102294,0.2385110668810101,578384.1836691049,159574.37230529787,36177.03547661799,37005.80335818702,828.7678815690342,0.750581426631437
cs-51917,"NREL ComStock MA (simulated, AMY2018)",Grocery · Hampden County,Grocery,Municipal/other,2018,2018-01-01,35040,986.050048828125,485.9999888864282,4257.256876934051,0.4928755791493715,"{""missing_intervals"": 0, ""filled_by_median"": 0, ""sqft"": 67000.0, ""weekday_hours"": 14.5, ""timezone"": ""EST -> America/New_York clock time"", ""tz_missing_filled"": 4}",979923.0728684731,90137.06914367675,14085.818739005932,14488.070105108367,402.2513661024059,0.1724929533226315,1062660.9543393254,287902.4112121583,47822.043884951825,48240.303874883626,418.25998993181565,0.5400259831473749
cs-51918,"NREL ComStock MA (simulated, AMY2018)",Grocery · Suffolk County,Grocery,National Grid,2018,2018-01-01,35040,591.6387939453125,289.5333193182401,2536.2851395225525,0.4893751428764538,"{""missing_intervals"": 0, ""filled_by_median"": 0, ""sqft"": 46000.0, ""weekday_hours"": 13.75, ""timezone"": ""EST -> America/New_York clock time"", ""tz_missing_filled"": 4}",582330.0427967424,50505.50486541748,7758.548426858266,8418.440551909596,659.8921250513304,0.1598794056290788,623944.7902834257,161608.09521026612,27483.83276563757,28186.151075623042,702.318309985465,0.528582012901874
cs-51919,"NREL ComStock MA (simulated, AMY2018)",Grocery · Middlesex County,Grocery,National Grid,2018,2018-01-01,35040,2100.780517578125,587.476673431919,5146.107695999145,0.2796468591155771,"{""missing_intervals"": 0, ""filled_by_median"": 0, ""sqft"": 90000.0, ""weekday_hours"": 14.0, ""timezone"": ""EST -> America/New_York clock time"", ""tz_missing_filled"": 4}",1216305.847263786,141109.6753088379,20091.49493079778,20366.923946464245,275.4290156664647,0.1982214750606928,1390171.4126411136,451524.3616149903,65885.46546458581,66154.82867616095,269.3632115751316,0.5687252509911433
cs-51920,"NREL ComStock MA (simulated, AMY2018)",Grocery · Barnstable County,Grocery,Eversource,2018,2018-01-01,35040,1150.358642578125,481.3672537956064,4216.658815376281,0.4184497216596649,"{""missing_intervals"": 0, ""filled_by_median"": 0, ""sqft"": 75000.0, ""weekday_hours"": 17.0, ""timezone"": ""EST -> America/New_York clock time"", ""tz_missing_filled"": 4}",974082.5847029438,92578.58659973144,13382.240107321413,13793.689023230323,411.4489159089135,0.16485961643265548,1066145.5807387668,296234.0259246826,46797.70332878371,44686.82038239689,409.11705361321947,0.5267314802883419
cs-51921,"NREL ComStock MA (simulated, AMY2018)",Grocery · Suffolk County,Grocery,National Grid,2018,2018-01-01,35040,878.4722290039062,367.8224706384145,3222.02148091507,0.4187069989172974,"{""missing_intervals"": 0, ""filled_by_median"": 0, ""sqft"": 46000.0, ""weekday_hours"": 17.5, ""timezone"": ""EST -> America/New_York clock time"", ""tz_missing_filled"": 4}",744533.6918806522,70202.40646820069,11939.974070927878,12291.534100559005,351.56002963113133,0.19244218282347667,811466.7901574982,224634.46744537354,40667.87045194647,41048.60396479747,380.73351285098033,0.6013979269917362
cs-51922,"NREL ComStock MA (simulated, AMY2018)",Grocery · Bristol County,Grocery,Eversource,2018,2018-01-01,35040,1100.359619140625,483.58573889623494,4236.052268585205,0.4394797214331736,"{""missing_intervals"": 0, ""filled_by_median"": 0, ""sqft"": 67000.0, ""weekday_hours"": 13.0, ""timezone"": ""EST -> America/New_York clock time"", ""tz_missing_filled"": 4}",978669.877317216,93444.34906524657,13794.495473011033,14264.636232853076,470.14075984205556,0.16914176017136975,1072443.698649744,299004.3026168823,49877.92636188721,47852.43195550455,494.50559361732303,0.5581039984627908
cs-51923,"NREL ComStock MA (simulated, AMY2018)",Grocery · Worcester County,Grocery,National Grid,2018,2018-01-01,35040,999.5850219726562,394.4974643803078,3455.6932494430544,0.3946612401232032,"{""missing_intervals"": 0, ""filled_by_median"": 0, ""sqft"": 58000.0, ""weekday_hours"": 17.25, ""timezone"": ""EST -> America/New_York clock time"", ""tz_missing_filled"": 4}",799826.2258901106,76685.23303314208,12318.15666623562,12588.075080930363,269.91841469473,0.1848124945269504,874629.2628816792,245378.2904312134,41273.173447379835,41561.611856708856,288.4384093289991,0.5662720222014339
cs-51924,"NREL ComStock MA (simulated, AMY2018)",Grocery · Suffolk County,Grocery,Eversource,2018,2018-01-01,35040,824.0118408203125,278.2698810054831,2437.54819846344,0.3377013135253766,"{""missing_intervals"": 0, ""filled_by_median"": 0, ""sqft"": 35000.0, ""weekday_hours"": 15.5, ""timezone"": ""EST -> America/New_York clock time"", ""tz_missing_filled"": 4}",567684.749353558,56357.73776275635,9942.43259510702,10347.890420505675,405.45782539866195,0.21016804005593895,624759.6812581619,180334.1373275757,33901.59787446935,34345.28062728482,443.6827528154754,0.651161057119381
cs-53019,"NREL ComStock MA (simulated, AMY2018)",LargeOffice · Norfolk County,LargeOffice,Municipal/other,2018,2018-01-01,35040,334.67584228515625,104.77572204271952,917.8216540784836,0.3130662832647679,"{""missing_intervals"": 0, ""filled_by_median"": 0, ""sqft"": 90000.0, ""weekday_hours"": 9.5, ""timezone"": ""EST -> America/New_York clock time"", ""tz_missing_filled"": 4}",230648.64007621928,35109.832277679445,11237.216267055746,12242.29868640184,1005.0824193460958,0.5846407555670307,280879.4915999073,112344.84503555298,39847.4709829852,40162.71058163596,915.2395986507636,1.7024014429538374
cs-53022,"NREL ComStock MA (simulated, AMY2018)",LargeOffice · Worcester County,LargeOffice,National Grid,2018,2018-01-01,35040,642.9195556640625,275.0560932697226,2409.4771355075836,0.4278234980512003,"{""missing_intervals"": 0, ""filled_by_median"": 0, ""sqft"": 175000.0, ""weekday_hours"": 9.25, ""timezone"": ""EST -> America/New_York clock time"", ""tz_missing_filled"": 4}",566833.7829880471,61043.347928771975,9127.225242405766,9838.977629110352,711.7523867045966,0.1932254325624392,634642.1762892591,195327.20661468507,31475.282514706298,32119.166111856073,643.8835971497647,0.595143853162896
cs-53024,"NREL ComStock MA (simulated, AMY2018)",LargeOffice · Essex County,LargeOffice,Municipal/other,2018,2018-01-01,35040,343.0032043457031,101.4387704481273,888.5740702514648,0.2957370927237462,"{""missing_intervals"": 0, ""filled_by_median"": 0, ""sqft"": 75000.0, ""weekday_hours"": 13.5, ""timezone"": ""EST -> America/New_York clock time"", ""tz_missing_filled"": 4}",216789.9954754856,27506.778094635003,7899.529311127171,8340.68686667649,441.15755554932366,0.4372634979101022,250644.7216314425,88016.5048362732,26820.057932389762,27269.63590678619,449.5779743964158,1.2840513580091422
cs-53027,"NREL ComStock MA (simulated, AMY2018)",LargeOffice · Suffolk County,LargeOffice,Eversource,2018,2018-01-01,35040,879.9573974609375,290.4309407948359,2544.094296016693,0.3300511384219922,"{""missing_intervals"": 0, ""filled_by_median"": 0, ""sqft"": 175000.0, ""weekday_hours"": 12.5, ""timezone"": ""EST -> America/New_York clock time"", ""tz_missing_filled"": 4}",622355.4698622195,88112.34388244628,17010.12329392376,17305.869787719046,295.74649379529,0.32798214109417995,745706.9863810189,281942.89112243656,55277.52536032771,55536.36969286109,258.8443325333901,0.8895321036793988
cs-53028,"NREL ComStock MA (simulated, AMY2018)",LargeOffice · Suffolk County,LargeOffice,Eversource,2018,2018-01-01,35040,433.2979431152344,48.94614344542701,428.7429278823137,0.1129618642856329,"{""missing_intervals"": 0, ""filled_by_median"": 0, ""sqft"": 21000.0, ""weekday_hours"": 12.75, ""timezone"": ""EST -> America/New_York clock time"", ""tz_missing_filled"": 4}",117270.24862996546,23868.414155960083,11310.802626277025,11722.378782555114,411.57615627809264,1.1574089174450852,156128.72042537938,76374.42606925966,37923.217993681494,37739.91635551825,416.6983618367585,2.914765551682591
cs-53449,"NREL ComStock MA (simulated, AMY2018)",LargeOffice · Suffolk County,LargeOffice,Eversource,2018,2018-01-01,35040,878.07861328125,313.5231735233847,2746.4921793251037,0.3570559273181645,"{""missing_intervals"": 0, ""filled_by_median"": 0, ""sqft"": 300000.0, ""weekday_hours"": 8.5, ""timezone"": ""EST -> America/New_York clock time"", ""tz_missing_filled"": 4}",661209.9600217277,84974.65785583496,14449.950019648248,15281.466253695455,831.5162340471943,0.2622455962854537,772388.3156973044,271902.8872955323,48177.22405888042,48897.8114338323,720.5873749518723,0.7484922764330505
cs-53450,"NREL ComStock MA (simulated, AMY2018)",LargeOffice · Suffolk County,LargeOffice,Eversource,2018,2018-01-01,35040,716.65673828125,223.54810458111436,1958.2499090127944,0.3119319091553472,"{""missing_intervals"": 0, ""filled_by_median"": 0, ""sqft"": 300000.0, ""weekday_hours"": 13.75, ""timezone"": ""EST -> America/New_York clock time"", ""tz_missing_filled"": 4}",488872.864440771,76780.1269329834,17940.512066970776,18875.80296467952,935.2908977087391,0.4403724576734656,602421.9784374812,245015.15659790044,62994.05319953996,63799.68215434927,805.6289548092973,1.2548158358284882
cs-53451,"NREL ComStock MA (simulated, AMY2018)",LargeOffice · Suffolk County,LargeOffice,Eversource,2018,2018-01-01,35040,992.8309936523438,386.3694730684638,3384.5781001472474,0.3891593589832646,"{""missing_intervals"": 0, ""filled_by_median"": 0, ""sqft"": 300000.0, ""weekday_hours"": 14.0, ""timezone"": ""EST -> America/New_York clock time"", ""tz_missing_filled"": 4}",817870.8153382218,109173.003493042,19382.28900095157,20066.99874349581,684.7097425442626,0.28438166963475126,965483.4698061892,349157.6518981934,68216.15936143216,68830.58299062031,614.4236291881462,0.847859065367023
cs-53452,"NREL ComStock MA (simulated, AMY2018)",LargeOffice · Norfolk County,LargeOffice,Municipal/other,2018,2018-01-01,35040,1304.398681640625,554.0055968689592,4853.087209423065,0.4247210647071118,"{""missing_intervals"": 0, ""filled_by_median"": 0, ""sqft"": 300000.0, ""weekday_hours"": 12.0, ""timezone"": ""EST -> America/New_York clock time"", ""tz_missing_filled"": 4}",1154851.4797031933,139531.6068280029,16215.37420673194,16712.8239707081,497.4497639761248,0.1684930866874701,1331896.0913011485,446474.83994445804,53047.076451025874,53477.88631531951,430.80986429368204,0.47793887343752245
cs-53453,"NREL ComStock MA (simulated, AMY2018)",LargeOffice · Middlesex County,LargeOffice,Eversource,2018,2018-01-01,35040,1007.00732421875,464.0508965770947,4065.111614116669,0.4608217690344127,"{""missing_intervals"": 0, ""filled_by_median"": 0, ""sqft"": 300000.0, ""weekday_hours"": 11.0, ""timezone"": ""EST -> America/New_York clock time"", ""tz_missing_filled"": 4}",948118.5875419144,97959.33179382324,13086.794622745758,13392.154462109134,305.35983936338016,0.16563490847710716,1055826.4313471068,313451.39626770024,46441.48297645016,44210.26212214661,288.7791456964551,0.5278308812617595
cs-53454,"NREL ComStock MA (simulated, AMY2018)",LargeOffice · Suffolk County,LargeOffice,Eversource,2018,2018-01-01,35040,1594.27392578125,687.9457310715767,6026.442255325317,0.4315103696715476,"{""missing_intervals"": 0, ""filled_by_median"": 0, ""sqft"": 500000.0, ""weekday_hours"": 13.75, ""timezone"": ""EST -> America/New_York clock time"", ""tz_missing_filled"": 4}",1415554.3126007249,157191.3437475586,18739.03954804124,19101.576000639798,362.5364525985642,0.15885541979901546,1601395.8969997284,502982.6692016602,61898.09518195067,62217.176861361026,319.0816794103157,0.4638310511317203
cs-53455,"NREL ComStock MA (simulated, AMY2018)",LargeOffice · Bristol County,LargeOffice,Municipal/other,2018,2018-01-01,35040,982.8031005859376,327.03009298272326,2864.81732730484,0.3327524025796735,"{""missing_intervals"": 0, ""filled_by_median"": 0, ""sqft"": 300000.0, ""weekday_hours"": 7.25, ""timezone"": ""EST -> America/New_York clock time"", ""tz_missing_filled"": 4}",701483.6895345027,100674.61302368162,20173.54893481206,20628.395591973273,454.8466571612298,0.3451008068033459,844103.9539142835,322139.78436889645,65613.06341194024,66006.9774125818,393.9140006415437,0.93277226968568
cs-53456,"NREL ComStock MA (simulated, AMY2018)",LargeOffice · Suffolk County,LargeOffice,Eversource,2018,2018-01-01,35040,1156.3753662109375,461.34006329671433,4041.3423557624815,0.3989535550280479,"{""missing_intervals"": 0, ""filled_by_median"": 0, ""sqft"": 300000.0, ""weekday_hours"": 9.5, ""timezone"": ""EST -> America/New_York clock time"", ""tz_missing_filled"": 4}",957674.6802149663,112117.72338256837,12756.303024775909,12996.979723963963,240.67669918804313,0.15984095586922117,1096819.840881466,358755.5804748536,41378.960486165364,41587.88516763209,208.92468146669853,0.4527156669913365
cs-53457,"NREL ComStock MA (simulated, AMY2018)",LargeOffice · Suffolk County,LargeOffice,Eversource,2018,2018-01-01,35040,2612.476806640625,702.6251462169978,6154.937326156616,0.2689498120829257,"{""missing_intervals"": 0, ""filled_by_median"": 0, ""sqft"": 800000.0, ""weekday_hours"": 9.25, ""timezone"": ""EST -> America/New_York clock time"", ""tz_missing_filled"": 4}",1543573.7830110886,256519.37914062498,24275.326456802926,24515.042341876768,239.71588507386332,0.1887204360995178,1942570.1338490548,820813.6589843748,79091.31267944895,79301.60590758533,210.29322813628823,0.48857734174715556
cs-53458,"NREL ComStock MA (simulated, AMY2018)",LargeOffice · Suffolk County,LargeOffice,Eversource,2018,2018-01-01,35040,1034.08056640625,424.2605028200367,3716.515647609711,0.4102779963213826,"{""missing_intervals"": 0, ""filled_by_median"": 0, ""sqft"": 300000.0, ""weekday_hours"": 8.25, ""timezone"": ""EST -> America/New_York clock time"", ""tz_missing_filled"": 4}",879297.3563919354,101652.96135681152,12860.551681665376,13152.554109888115,292.00242822274595,0.17551129780856004,1004370.5541286984,325270.31461486814,44352.80899135712,42085.69387659771,252.88488524057902,0.5299176740182348
cs-53459,"NREL ComStock MA (simulated, AMY2018)",LargeOffice · Suffolk County,LargeOffice,Eversource,2018,2018-01-01,35040,1573.4168701171875,710.7559154745651,6226.495774513244,0.4517276565247634,"{""missing_intervals"": 0, ""filled_by_median"": 0, ""sqft"": 500000.0, ""weekday_hours"": 10.75, ""timezone"": ""EST -> America/New_York clock time"", ""tz_missing_filled"": 4}",1456719.2751189389,156605.00849304197,16126.66858026199,16453.71719173577,327.0486114737578,0.1328464765095823,1635792.5538164484,501106.50691223145,52748.10927843307,53030.836426698894,282.727148265898,0.386954513189588
cs-53460,"NREL ComStock MA (simulated, AMY2018)",LargeOffice · Norfolk County,LargeOffice,Municipal/other,2018,2018-01-01,35040,876.6307983398438,359.11663344526943,3145.8623415794373,0.4096555062009703,"{""missing_intervals"": 0, ""filled_by_median"": 0, ""sqft"": 300000.0, ""weekday_hours"": 10.5, ""timezone"": ""EST -> America/New_York clock time"", ""tz_missing_filled"": 4}",730181.4041920505,71608.4412850952,11580.6407016765,12436.660369802878,856.0196681263624,0.190319402305084,802121.7898511265,229133.5138198853,39344.23743486787,40101.08484933914,756.8474144712454,0.5886024481469849
cs-53509,"NREL ComStock MA (simulated, AMY2018)",LargeHotel · Suffolk County,LargeHotel,Eversource,2018,2018-01-01,35040,1543.447021484375,408.98969811609345,3582.5771295051572,0.2649846042158006,"{""missing_intervals"": 0, ""filled_by_median"": 0, ""sqft"": 300000.0, ""weekday_hours"": 5.75, ""timezone"": ""EST -> America/New_York clock time"", ""tz_missing_filled"": 4}",870532.2004126271,120897.44722351074,27985.58946086457,28313.429750438856,327.8402895743129,0.3857721441793822,1041665.6048908795,386849.0417755126,90687.5019090917,90984.01550227868,296.51359318698087,1.0447210868819086
cs-53510,"NREL ComStock MA (simulated, AMY2018)",LargeHotel · Suffolk County,LargeHotel,Eversource,2018,2018-01-01,35040,528.8323364257812,201.72034152980265,1767.0735196552278,0.3814447938134225,"{""missing_intervals"": 0, ""filled_by_median"": 0, ""sqft"": 175000.0, ""weekday_hours"": 11.0, ""timezone"": ""EST -> America/New_York clock time"", ""tz_missing_filled"": 4}",415178.4427962021,43255.58190582275,9776.714393254522,10229.624659088578,452.9102658340489,0.2825786713031322,461051.20906486525,138354.95714721683,33329.52715383055,33780.255004555256,450.7278507246665,0.8674835202301727
cs-53511,"NREL ComStock MA (simulated, AMY2018)",LargeHotel · Suffolk County,LargeHotel,Eversource,2018,2018-01-01,35040,788.334716796875,339.7221160355224,2975.984610174179,0.4309363888170059,"{""missing_intervals"": 0, ""filled_by_median"": 0, ""sqft"": 300000.0, ""weekday_hours"": 15.5, ""timezone"": ""EST -> America/New_York clock time"", ""tz_missing_filled"": 4}",697979.7312361533,74511.95417266845,15873.588099271183,16541.435588921748,667.8474896505722,0.27290628748473855,778983.8318624988,236836.77172088626,52927.847866410164,53519.26442779419,591.4165613840014,0.8153367867448008
cs-53512,"NREL ComStock MA (simulated, AMY2018)",LargeHotel · Suffolk County,LargeHotel,Eversource,2018,2018-01-01,35040,1722.796142578125,455.3902043625644,3989.048951072693,0.2643320315780852,"{""missing_intervals"": 0, ""filled_by_median"": 0, ""sqft"": 300000.0, ""weekday_hours"": 12.5, ""timezone"": ""EST -> America/New_York clock time"", ""tz_missing_filled"": 4}",969361.2632318407,135219.98944824218,25849.37026748022,26064.34844424403,214.97817676382692,0.3199967390646333,1161281.2551451176,432678.4770751954,83212.13115797318,83401.0018550504,188.87069707723276,0.8598654025211977
cs-53513,"NREL ComStock MA (simulated, AMY2018)",LargeHotel · Suffolk County,LargeHotel,Eversource,2018,2018-01-01,35040,1478.8779296875,692.5855158326833,6067.01478068161,0.4683182444808225,"{""missing_intervals"": 0, ""filled_by_median"": 0, ""sqft"": 500000.0, ""weekday_hours"": 15.75, ""timezone"": ""EST -> America/New_York clock time"", ""tz_missing_filled"": 4}",1413112.14972366,147083.80793640137,25510.618121564097,26326.638247071147,816.0201255070424,0.21663349049729258,1574205.8115965335,468414.38507995603,88311.03097221062,89026.19872332961,715.1677511190355,0.6731854017180665
cs-53514,"NREL ComStock MA (simulated, AMY2018)",LargeHotel · Suffolk County,LargeHotel,Eversource,2018,2018-01-01,35040,1868.2587890625,517.0633565310474,4529.276543395996,0.2767621699724543,"{""missing_intervals"": 0, ""filled_by_median"": 0, ""sqft"": 300000.0, ""weekday_hours"": 14.25, ""timezone"": ""EST -> America/New_York clock time"", ""tz_missing_filled"": 4}",1064500.9781023245,118321.05247375488,22630.38757246929,23016.408888903497,386.02131643415487,0.2551098180799675,1205280.6615634167,378605.0642303467,73304.5011071797,73648.16981887595,343.66871169625665,0.7298333420077634
cs-53515,"NREL ComStock MA (simulated, AMY2018)",LargeHotel · Suffolk County,LargeHotel,Eversource,2018,2018-01-01,35040,1267.0924072265625,417.2050052943295,3654.679859897614,0.3292617041305742,"{""missing_intervals"": 0, ""filled_by_median"": 0, ""sqft"": 300000.0, ""weekday_hours"": 15.0, ""timezone"": ""EST -> America/New_York clock time"", ""tz_missing_filled"": 4}",868103.8535266183,103730.47823242187,24277.65459734473,24696.706826771482,419.0522294267503,0.33559562486057287,996340.3877316078,328459.8201385498,81360.48459076042,79193.31337549188,352.82878473144956,0.9799119127469574
cs-53516,"NREL ComStock MA (simulated, AMY2018)",LargeHotel · Suffolk County,LargeHotel,Eversource,2018,2018-01-01,35040,811.3147583007812,309.92979452011247,2714.9266437339784,0.3820093143248495,"{""missing_intervals"": 0, ""filled_by_median"": 0, ""sqft"": 300000.0, ""weekday_hours"": 15.75, ""timezone"": ""EST -> America/New_York clock time"", ""tz_missing_filled"": 4}",642985.3506361899,73625.49463043213,13137.05425965041,13502.520311712291,365.4660520618636,0.2451761163140441,730358.9313568638,235587.7043075562,42871.68006772119,43205.519753311244,333.8396855900537,0.7043936052878659
cs-53517,"NREL ComStock MA (simulated, AMY2018)",LargeHotel · Suffolk County,LargeHotel,Eversource,2018,2018-01-01,35040,978.9645385742188,383.0268527636245,3355.239076057434,0.3912571269654686,"{""missing_intervals"": 0, ""filled_by_median"": 0, ""sqft"": 300000.0, ""weekday_hours"": 18.0, ""timezone"": ""EST -> America/New_York clock time"", ""tz_missing_filled"": 4}",779327.2210752855,77255.38097900392,15599.160567794439,16135.820353542807,536.6597857483503,0.24019426211656753,856881.3318423205,245870.958102417,51259.02697390249,51717.82535931431,458.79838541177014,0.7178454014913928
cs-53518,"NREL ComStock MA (simulated, AMY2018)",LargeHotel · Middlesex County,LargeHotel,Municipal/other,2018,2018-01-01,35040,1165.3541259765625,519.9951714498268,4555.0926588554385,0.4462121511897276,"{""missing_intervals"": 0, ""filled_by_median"": 0, ""sqft"": 300000.0, ""weekday_hours"": 13.25, ""timezone"": ""EST -> America/New_York clock time"", ""tz_missing_filled"": 4}",1061711.7678224263,110471.17494140625,25910.7455690121,26643.768474703225,733.0229056911776,0.2928562687647904,1184824.7134658385,353486.93583984376,87134.20601779662,85255.03673102496,640.8307132283371,0.8825022472353309
cs-53519,"NREL ComStock MA (simulated, AMY2018)",LargeHotel · Suffolk County,LargeHotel,Eversource,2018,2018-01-01,35040,1646.125244140625,463.5785971948545,4060.925371320725,0.2816180596494467,"{""missing_intervals"": 0, ""filled_by_median"": 0, ""sqft"": 300000.0, ""weekday_hours"": 17.0, ""timezone"": ""EST -> America/New_York clock time"", ""tz_missing_filled"": 4}",965174.0206259777,116663.53721435546,22529.65349372223,22904.52068111271,374.8671873904823,0.28011098117759486,1112949.4331420008,371325.44986267097,73073.17168252009,73381.79677066808,308.6250881480155,0.787886703634594
cs-53520,"NREL ComStock MA (simulated, AMY2018)",LargeHotel · Suffolk County,LargeHotel,Eversource,2018,2018-01-01,35040,823.196044921875,315.5575897576058,2764.2646774806976,0.3833322471654412,"{""missing_intervals"": 0, ""filled_by_median"": 0, ""sqft"": 175000.0, ""weekday_hours"": 17.5, ""timezone"": ""EST -> America/New_York clock time"", ""tz_missing_filled"": 4}",644778.8233756645,65520.0164086914,13367.67870329311,13893.27296978124,525.5942664881441,0.24878631031909237,712829.7505654026,209109.18777160643,45676.88795266208,46199.39625674144,522.5083040793761,0.7689390839778851
cs-53977,"NREL ComStock MA (simulated, AMY2018)",LargeOffice · Suffolk County,LargeOffice,Eversource,2018,2018-01-01,35040,785.6407470703125,438.6082396276465,3842.1900831756593,0.558280920717561,"{""missing_intervals"": 0, ""filled_by_median"": 0, ""sqft"": 300000.0, ""weekday_hours"": 12.25, ""timezone"": ""EST -> America/New_York clock time"", ""tz_missing_filled"": 4}",891656.9616583685,88080.03208068847,15191.391593951019,17052.36968072515,1860.9780867741647,0.2044471214449597,980939.1963796822,281543.14562072756,56605.684150996414,58249.59450156416,1643.9103505677776,0.6924671909522102
cs-53978,"NREL ComStock MA (simulated, AMY2018)",LargeOffice · Suffolk County,LargeOffice,Eversource,2018,2018-01-01,35040,492.54827880859375,186.43268132754113,1633.1451270828247,0.3785064111451085,"{""missing_intervals"": 0, ""filled_by_median"": 0, ""sqft"": 300000.0, ""weekday_hours"": 10.25, ""timezone"": ""EST -> America/New_York clock time"", ""tz_missing_filled"": 4}",404779.2046107359,60181.66847412109,14197.974309996403,16658.110326184953,2460.1360161885423,0.42091018950393483,490955.7666461613,192569.99478759768,52576.25652362403,54711.14414576328,2134.8876221392566,1.2850751964752818
cs-53979,"NREL ComStock MA (simulated, AMY2018)",LargeOffice · Suffolk County,LargeOffice,Eversource,2018,2018-01-01,35040,509.9216918945313,201.0950289462799,1761.6028743686677,0.3943645311481926,"{""missing_intervals"": 0, ""filled_by_median"": 0, ""sqft"": 300000.0, ""weekday_hours"": 8.75, ""timezone"": ""EST -> America/New_York clock time"", ""tz_missing_filled"": 4}",434222.83180255786,63126.69175628662,18017.76154562974,20441.82454202305,2424.062996393295,0.49793129866065977,523695.39224593056,201993.5141494751,66458.06502410074,68557.13685013342,2099.0718260326903,1.522825658001397
cs-53980,"NREL ComStock MA (simulated, AMY2018)",LargeOffice · Norfolk County,LargeOffice,National Grid,2018,2018-01-01,35040,482.4363403320313,204.51346596550175,1791.5667479143142,0.4239180361594397,"{""missing_intervals"": 0, ""filled_by_median"": 0, ""sqft"": 300000.0, ""weekday_hours"": 13.0, ""timezone"": ""EST -> America/New_York clock time"", ""tz_missing_filled"": 4}",436166.3222607138,59078.89127532958,17929.86023231842,20294.07436061045,2364.2141282920165,0.4932942132547603,513390.08004081383,186252.1938247681,64959.59969908609,67007.29438450375,2047.694685417664,1.5183682480328848
cs-53981,"NREL ComStock MA (simulated, AMY2018)",LargeOffice · Suffolk County,LargeOffice,Eversource,2018,2018-01-01,35040,692.1792602539062,310.5570284836913,2720.4657551555633,0.4486656077643416,"{""missing_intervals"": 0, ""filled_by_median"": 0, ""sqft"": 300000.0, ""weekday_hours"": 13.5, ""timezone"": ""EST -> America/New_York clock time"", ""tz_missing_filled"": 4}",651207.424103048,80171.61174926758,12395.205431998278,14347.561872882376,1952.3564408840975,0.2284102724855331,752302.7013899437,256534.04513549808,46249.57650720462,47957.238467041614,1707.6619598369944,0.7377282004451862
cs-53982,"NREL ComStock MA (simulated, AMY2018)",LargeOffice · Suffolk County,LargeOffice,Eversource,2018,2018-01-01,35040,1662.864013671875,792.1153144688367,6938.936500213623,0.4763560387116183,"{""missing_intervals"": 0, ""filled_by_median"": 0, ""sqft"": 800000.0, ""weekday_hours"": 6.5, ""timezone"": ""EST -> America/New_York clock time"", ""tz_missing_filled"": 4}",1626770.7578771347,177665.0729748535,17936.66713405549,19019.171441261526,1082.5043072060798,0.1323112089189166,1832558.7343933247,568494.7434020997,60596.925859317416,61540.98062180452,944.054762487096,0.39680207606144696
cs-53983,"NREL ComStock MA (simulated, AMY2018)",LargeOffice · Middlesex County,LargeOffice,Municipal/other,2018,2018-01-01,35040,504.6110229492187,301.7134624407172,2643.0129322395323,0.5979129442661422,"{""missing_intervals"": 0, ""filled_by_median"": 0, ""sqft"": 300000.0, ""weekday_hours"": 11.25, ""timezone"": ""EST -> America/New_York clock time"", ""tz_missing_filled"": 4}",606883.9417806362,52844.93474578856,8492.275943206645,10545.740936063465,2053.464992856825,0.16791894512726302,650799.4226125372,169093.8298416138,33035.30915182879,34877.71144523766,1842.402293408857,0.6091334688506048
cs-53984,"NREL ComStock MA (simulated, AMY2018)",LargeOffice · Suffolk County,LargeOffice,Eversource,2018,2018-01-01,35040,611.5243530273438,372.8801925463219,3266.429825748444,0.609755262730557,"{""missing_intervals"": 0, ""filled_by_median"": 0, ""sqft"": 300000.0, ""weekday_hours"": 13.0, ""timezone"": ""EST -> America/New_York clock time"", ""tz_missing_filled"": 4}",757453.319365168,73259.90002441405,9503.237785740108,11594.948199862545,2091.710414122448,0.1505556190901095,829292.9967350988,234417.8704833985,36759.76005370702,38587.915814008535,1828.1557603014953,0.5319195053872985
cs-53985,"NREL ComStock MA (simulated, AMY2018)",LargeOffice · Middlesex County,LargeOffice,National Grid,2018,2018-01-01,35040,2494.30322265625,1217.8785490375676,10668.620356765749,0.4882640322056018,"{""missing_intervals"": 0, ""filled_by_median"": 0, ""sqft"": 1100000.0, ""weekday_hours"": 9.75, ""timezone"": ""EST -> America/New_York clock time"", ""tz_missing_filled"": 4}",2523169.7342280285,297804.5210498047,20379.92875495978,21577.2528409768,1197.3240860170336,0.0969253640537746,2889443.679703833,948329.8009643555,69647.2089742815,70720.12172632462,1072.912752043194,0.2892482430310058
cs-53986,"NREL ComStock MA (simulated, AMY2018)",LargeOffice · Suffolk County,LargeOffice,Eversource,2018,2018-01-01,35040,492.5537109375,210.8335334603645,1846.9383708229063,0.4280417115507574,"{""missing_intervals"": 0, ""filled_by_median"": 0, ""sqft"": 300000.0, ""weekday_hours"": 13.25, ""timezone"": ""EST -> America/New_York clock time"", ""tz_missing_filled"": 4}",440796.643304365,52472.86851898193,16303.451073344055,18786.976049034667,2483.524975690598,0.4438359861670737,504458.06545557803,167269.9902130127,62456.723359293836,64001.49596837747,2144.7726090836186,1.4857145353294472
cs-53987,"NREL ComStock MA (simulated, AMY2018)",LargeOffice · Suffolk County,LargeOffice,Eversource,2018,2018-01-01,35040,1011.0745849609376,680.2176941902126,5958.6646964035035,0.6727670780256954,"{""missing_intervals"": 0, ""filled_by_median"": 0, ""sqft"": 500000.0, ""weekday_hours"": 8.0, ""timezone"": ""EST -> America/New_York clock time"", ""tz_missing_filled"": 4}",1360411.623976626,116478.74875549316,13128.060272489587,14633.239161087084,1505.178888597482,0.11580077712757164,1458834.1215195847,372710.0396087647,48738.16305213973,47560.03058155137,1341.8675294116547,0.4009077851952513
cs-53988,"NREL ComStock MA (simulated, AMY2018)",LargeOffice · Suffolk County,LargeOffice,Eversource,2018,2018-01-01,35040,842.1082763671875,272.6809979068634,2388.665932670593,0.3238075263708314,"{""missing_intervals"": 0, ""filled_by_median"": 0, ""sqft"": 500000.0, ""weekday_hours"": 7.75, ""timezone"": ""EST -> America/New_York clock time"", ""tz_missing_filled"": 4}",584902.8789425382,82859.7462994385,19599.673443000574,21457.360721524474,1857.6872785238738,0.402111341529425,700673.6553571704,265135.56897888187,67050.6974288114,68659.50956604673,1608.8121372353453,1.14833540977873
cs-55249,"NREL ComStock MA (simulated, AMY2018)",SecondarySchool · Middlesex County,SecondarySchool,Eversource,2018,2018-01-01,35040,569.1185913085938,137.24722706716355,1202.2189441127778,0.2411575182451628,"{""missing_intervals"": 0, ""filled_by_median"": 0, ""sqft"": 175000.0, ""weekday_hours"": 9.0, ""timezone"": ""EST -> America/New_York clock time"", ""tz_missing_filled"": 4}",309651.54942711594,55176.85590118408,15707.632580661797,15958.875136318438,251.24255565664316,0.6087216140744927,396726.46274288406,176555.53796844484,51164.300369591096,51385.036355947406,220.73598635631788,1.5475942799233038
cs-55250,"NREL ComStock MA (simulated, AMY2018)",SecondarySchool · Middlesex County,SecondarySchool,Eversource,2018,2018-01-01,35040,665.1425170898438,159.2379428306671,1394.823888340473,0.2394042460664984,"{""missing_intervals"": 0, ""filled_by_median"": 0, ""sqft"": 125000.0, ""weekday_hours"": 13.0, ""timezone"": ""EST -> America/New_York clock time"", ""tz_missing_filled"": 4}",351648.0262728413,56848.85726867676,11597.634393028355,11956.121090384893,358.4866973565331,0.39576963986244,437046.24972536665,181905.62716979982,38101.31430801198,38419.08434188827,317.770033876297,1.0461496282909448
cs-55251,"NREL ComStock MA (simulated, AMY2018)",SecondarySchool · Essex County,SecondarySchool,National Grid,2018,2018-01-01,35040,470.2188720703125,66.52865588790206,582.7869290671349,0.1414844444566528,"{""missing_intervals"": 0, ""filled_by_median"": 0, ""sqft"": 125000.0, ""weekday_hours"": 6.0, ""timezone"": ""EST -> America/New_York clock time"", ""tz_missing_filled"": 4}",161938.1689854022,36274.00941177368,13844.395862154219,14278.440148255766,434.04428610154537,1.0259023637646942,223784.04728879724,116069.99241561891,45292.86009806843,45688.31696826422,395.4568701957869,2.4287447106334903
cs-55252,"NREL ComStock MA (simulated, AMY2018)",SecondarySchool · Middlesex County,SecondarySchool,National Grid,2018,2018-01-01,35040,1398.5992431640625,264.56583767710214,2317.5790821943283,0.1891648654682328,"{""missing_intervals"": 0, ""filled_by_median"": 0, ""sqft"": 300000.0, ""weekday_hours"": 9.5, ""timezone"": ""EST -> America/New_York clock time"", ""tz_missing_filled"": 4}",599364.6185245911,112258.43960845948,13977.049345400737,14165.582548014918,188.53320261419503,0.2798373259964583,784359.1817309709,359205.8458724976,45177.266849104664,45340.639408337454,163.37255923278644,0.6911721247309902
cs-55253,"NREL ComStock MA (simulated, AMY2018)",SecondarySchool · Hampden County,SecondarySchool,Municipal/other,2018,2018-01-01,35040,689.6823120117188,101.34578617070908,887.7855676522255,0.1469456072827152,"{""missing_intervals"": 0, ""filled_by_median"": 0, ""sqft"": 125000.0, ""weekday_hours"": 7.5, ""timezone"": ""EST -> America/New_York clock time"", ""tz_missing_filled"": 4}",237127.3927353043,47739.52808547973,12685.335218093294,13265.016113228745,579.6808951354524,0.6419503915645925,315837.84384186164,152757.4909049988,41906.793044520855,42445.55108804109,538.7580435202381,1.592214252786124
cs-55254,"NREL ComStock MA (simulated, AMY2018)",SecondarySchool · Bristol County,SecondarySchool,National Grid,2018,2018-01-01,35040,742.3677978515625,116.61311549914484,1021.5285981543065,0.1570826695832269,"{""missing_intervals"": 0, ""filled_by_median"": 0, ""sqft"": 175000.0, ""weekday_hours"": 10.75, ""timezone"": ""EST -> America/New_York clock time"", ""tz_missing_filled"": 4}",265817.82282331336,48812.949375152595,12722.712362198767,12964.050694082494,241.33833188371864,0.5743503077589542,343550.73947398475,156192.23669052124,41269.590895732545,41483.48675864259,213.8958629100216,1.4415195016231133
cs-55255,"NREL ComStock MA (simulated, AMY2018)",SecondarySchool · Middlesex County,SecondarySchool,Municipal/other,2018,2018-01-01,35040,840.7393188476562,127.6092287318075,1117.8432520825863,0.1517821587156322,"{""missing_intervals"": 0, ""filled_by_median"": 0, ""sqft"": 125000.0, ""weekday_hours"": 6.0, ""timezone"": ""EST -> America/New_York clock time"", ""tz_missing_filled"": 4}",306486.2649608509,69199.14464538574,16218.926410779684,16702.14586401054,483.2194532308513,0.6350272073504403,426268.7715637984,221424.21872863767,53165.88373699326,53584.934669347625,419.0509323543647,1.4966862397716905
cs-55256,"NREL ComStock MA (simulated, AMY2018)",SecondarySchool · Suffolk County,SecondarySchool,Eversource,2018,2018-01-01,35040,608.7876586914062,101.950720132622,893.0889358375073,0.1674651558340815,"{""missing_intervals"": 0, ""filled_by_median"": 0, ""sqft"": 125000.0, ""weekday_hours"": 8.0, ""timezone"": ""EST -> America/New_York clock time"", ""tz_missing_filled"": 4}",232510.2934663597,42200.03293579101,13278.742849230573,13655.147299790151,376.4044505595775,0.6853241283006741,299074.47124557395,135032.15062866214,43359.704961498974,43693.89734475739,334.1923832584125,1.7397555109635185
cs-55257,"NREL ComStock MA (simulated, AMY2018)",SecondarySchool · Worcester County,SecondarySchool,National Grid,2018,2018-01-01,35040,536.2424926757812,76.45166712909528,669.7136177380085,0.1425692073517174,"{""missing_intervals"": 0, ""filled_by_median"": 0, ""sqft"": 125000.0, ""weekday_hours"": 9.5, ""timezone"": ""EST -> America/New_York clock time"", ""tz_missing_filled"": 4}",180257.46302650758,36514.3069052124,12105.385232194083,12518.904207237949,413.51897504386216,0.8058730015797861,240332.55423156088,116838.89909820557,39685.00296458197,40058.13363201964,373.13066743767195,1.9815044911316704
cs-55258,"NREL ComStock MA (simulated, AMY2018)",SecondarySchool · Middlesex County,SecondarySchool,Municipal/other,2018,2018-01-01,35040,763.4495849609375,153.38926940954985,1343.6560521526335,0.2009160426976957,"{""missing_intervals"": 0, ""filled_by_median"": 0, ""sqft"": 175000.0, ""weekday_hours"": 10.25, ""timezone"": ""EST -> America/New_York clock time"", ""tz_missing_filled"": 4}",343774.07662789273,59644.913307952884,12843.495777790351,13115.735127696329,272.23934990597627,0.4483233606363769,436692.5251399875,190852.479434967,42192.92867688171,42436.52779567607,243.59911879434912,1.1594316709686627
cs-55259,"NREL ComStock MA (simulated, AMY2018)",SecondarySchool · Norfolk County,SecondarySchool,National Grid,2018,2018-01-01,35040,705.9300537109375,141.03870348790193,1235.4945498543975,0.1997913288242777,"{""missing_intervals"": 0, ""filled_by_median"": 0, ""sqft"": 125000.0, ""weekday_hours"": 11.25, ""timezone"": ""EST -> America/New_York clock time"", ""tz_missing_filled"": 4}",323426.5979426904,61326.39156707763,11129.00793513509,11417.146836346812,288.13890121172517,0.4129162414937968,422433.03409796866,196232.89290313725,36666.47738532632,36941.05429545268,274.57691012636496,1.0415798318506353
cs-55260,"NREL ComStock MA (simulated, AMY2018)",SecondarySchool · Worcester County,SecondarySchool,Municipal/other,2018,2018-01-01,35040,926.7355346679688,161.32096749545505,1413.1674257255793,0.1740744381332622,"{""missing_intervals"": 0, ""filled_by_median"": 0, ""sqft"": 175000.0, ""weekday_hours"": 6.0, ""timezone"": ""EST -> America/New_York clock time"", ""tz_missing_filled"": 4}",370617.68302013824,71870.88401275635,17634.684041106157,17892.08649576704,257.4024546608889,0.5709824927100828,488426.3352875573,229973.2810775757,57122.109189603354,57345.338919400725,223.22972979738734,1.403415951909468
cs-58093,"NREL ComStock MA (simulated, AMY2018)",LargeOffice · Norfolk County,LargeOffice,National Grid,2018,2018-01-01,35040,676.7162475585938,265.88187330487654,2329.0086247873305,0.392900088130151,"{""missing_intervals"": 0, ""filled_by_median"": 0, ""sqft"": 175000.0, ""weekday_hours"": 8.5, ""timezone"": ""EST -> America/New_York clock time"", ""tz_missing_filled"": 4}",562328.2614510276,73309.81604644774,16513.958276017394,16907.793337075214,393.83506105782,0.35240537048744236,659303.6917433256,234577.59234466558,53859.2547835738,54206.928532267855,347.673748694051,0.980293399683407
cs-58094,"NREL ComStock MA (simulated, AMY2018)",LargeOffice · Essex County,LargeOffice,Municipal/other,2018,2018-01-01,35040,917.1951293945312,450.5827958664393,3946.9634108161927,0.4912616535195546,"{""missing_intervals"": 0, ""filled_by_median"": 0, ""sqft"": 125000.0, ""weekday_hours"": 11.5, ""timezone"": ""EST -> America/New_York clock time"", ""tz_missing_filled"": 4}",908293.4163773784,83485.31990356445,13624.33253513639,13934.0372864499,309.7047513135258,0.17999909222474084,985575.3102092165,267137.28659057623,44915.397674682405,45213.731772638115,298.33409795572516,0.5468732490688855
cs-58096,"NREL ComStock MA (simulated, AMY2018)",LargeOffice · Suffolk County,LargeOffice,Eversource,2018,2018-01-01,35040,1035.3017578125,380.9835104602657,3337.320830875397,0.3679927205622154,"{""missing_intervals"": 0, ""filled_by_median"": 0, ""sqft"": 175000.0, ""weekday_hours"": 17.25, ""timezone"": ""EST -> America/New_York clock time"", ""tz_missing_filled"": 4}",776029.1422952994,77677.19712280274,15404.76806074167,15827.756549628903,422.98848888721113,0.2382091169696782,856313.4336192379,248552.3885314942,50266.079295564254,50645.83740432622,379.7581087619765,0.7044067369086522
cs-58098,"NREL ComStock MA (simulated, AMY2018)",LargeOffice · Middlesex County,LargeOffice,Municipal/other,2018,2018-01-01,35040,496.1965942382813,203.20117318945933,1779.9927385501862,0.4095174685779463,"{""missing_intervals"": 0, ""filled_by_median"": 0, ""sqft"": 125000.0, ""weekday_hours"": 10.75, ""timezone"": ""EST -> America/New_York clock time"", ""tz_missing_filled"": 4}",420432.0349996688,45932.91671417236,11061.357293928548,11408.594994799414,347.2377008708645,0.315714019097634,472027.74963477603,146976.6750656128,36183.01461361686,36505.353447072644,322.3388334557785,0.9198530715606332
cs-58099,"NREL ComStock MA (simulated, AMY2018)",LargeOffice · Middlesex County,LargeOffice,National Grid,2018,2018-01-01,35040,789.19482421875,173.76560648843034,1522.132551621914,0.2201808744253317,"{""missing_intervals"": 0, ""filled_by_median"": 0, ""sqft"": 90000.0, ""weekday_hours"": 12.0, ""timezone"": ""EST -> America/New_York clock time"", ""tz_missing_filled"": 4}",396807.8494205395,75134.90118011474,24314.660814803057,24720.42479894721,405.7639841441596,0.7353078579562338,518660.07472287206,240417.520741272,78745.56597525324,79108.04315326965,362.4771780164374,1.8219000030182355
cs-58100,"NREL ComStock MA (simulated, AMY2018)",LargeOffice · Barnstable County,LargeOffice,Eversource,2018,2018-01-01,35040,326.39227294921875,77.79592614315416,681.4903974189758,0.2383510045755829,"{""missing_intervals"": 0, ""filled_by_median"": 0, ""sqft"": 58000.0, ""weekday_hours"": 9.75, ""timezone"": ""EST -> America/New_York clock time"", ""tz_missing_filled"": 4}",176482.05152557284,30198.547042541504,11799.026502644123,12620.558973379313,821.5324707351883,0.8022816870485714,222260.95764875875,96629.65806732178,41180.02679507075,41326.41814112487,746.3913460541253,2.22333389889274
cs-58102,"NREL ComStock MA (simulated, AMY2018)",LargeOffice · Suffolk County,LargeOffice,Eversource,2018,2018-01-01,35040,378.1907958984375,127.3825228565904,1115.813521712303,0.3368207905588447,"{""missing_intervals"": 0, ""filled_by_median"": 0, ""sqft"": 58000.0, ""weekday_hours"": 12.75, ""timezone"": ""EST -> America/New_York clock time"", ""tz_missing_filled"": 4}",270213.0401754382,33858.99979476928,10183.36820816828,10805.142381698759,621.7741735304735,0.45223731030404624,312826.461391546,108342.41687393188,35604.66381107348,35594.6323764338,589.9685653603246,1.365792279311408
cs-59749,"NREL ComStock MA (simulated, AMY2018)",MediumOffice · Middlesex County,MediumOffice,Municipal/other,2018,2018-01-01,35040,734.02099609375,224.90376799057609,1970.080712973118,0.3063996386853369,"{""missing_intervals"": 0, ""filled_by_median"": 0, ""sqft"": 125000.0, ""weekday_hours"": 9.5, ""timezone"": ""EST -> America/New_York clock time"", ""tz_missing_filled"": 4}",476927.30679011135,62776.55269012451,17183.1652352816,17682.117518364194,498.9522830825772,0.4323467746293753,560435.7367286298,200873.13513946533,56863.22474364531,57306.50149199566,443.2767483503558,1.217550295608916
cs-59751,"NREL ComStock MA (simulated, AMY2018)",MediumOffice · Middlesex County,MediumOffice,Eversource,2018,2018-01-01,35040,611.6917114257812,121.92889598559027,1068.0810569877624,0.1993306329121059,"{""missing_intervals"": 0, ""filled_by_median"": 0, ""sqft"": 90000.0, ""weekday_hours"": 8.25, ""timezone"": ""EST -> America/New_York clock time"", ""tz_missing_filled"": 4}",273715.1601542025,47136.01002532958,19096.833895278432,19588.917651168238,492.08375588978924,0.8372280388643382,346638.0186737203,150826.34687652587,62579.592627907354,63023.21471179065,443.6220838833033,2.1663956954523766
cs-59752,"NREL ComStock MA (simulated, AMY2018)",MediumOffice · Norfolk County,MediumOffice,Municipal/other,2018,2018-01-01,35040,503.4438781738281,121.0727800924484,1060.5221347827912,0.2404891296555693,"{""missing_intervals"": 0, ""filled_by_median"": 0, ""sqft"": 67000.0, ""weekday_hours"": 11.0, ""timezone"": ""EST -> America/New_York clock time"", ""tz_missing_filled"": 4}",256520.6543974372,31823.02148361206,10836.665534335703,11276.92866478106,440.26313044536255,0.5069376838971904,296277.9439698145,101827.67006301881,36573.33185771884,36997.62390081833,424.29204309949637,1.481311691353374
cs-59753,"NREL ComStock MA (simulated, AMY2018)",MediumOffice · Worcester County,MediumOffice,National Grid,2018,2018-01-01,35040,535.14794921875,114.2265980336492,1000.595447351694,0.2134486326639314,"{""missing_intervals"": 0, ""filled_by_median"": 0, ""sqft"": 46000.0, ""weekday_hours"": 9.25, ""timezone"": ""EST -> America/New_York clock time"", ""tz_missing_filled"": 4}",261605.62504268202,48757.8492892456,14702.439811464068,15094.955589412164,392.5157779481069,0.6744093431048498,339579.38282964646,156015.92680206298,48161.91291090288,48513.593664897184,351.6807539943129,1.701937703387504
cs-59757,"NREL ComStock MA (simulated, AMY2018)",MediumOffice · Worcester County,MediumOffice,National Grid,2018,2018-01-01,35040,317.48675537109375,55.45811185190394,485.79648023045064,0.1746785052090813,"{""missing_intervals"": 0, ""filled_by_median"": 0, ""sqft"": 58000.0, ""weekday_hours"": 8.5, ""timezone"": ""EST -> America/New_York clock time"", ""tz_missing_filled"": 4}",130923.54801482712,25522.971094284054,12126.937195274508,13241.795397016649,1114.858201742145,1.111513158250291,171178.34113518518,81668.69638557434,42114.64107019971,43097.933619485164,983.2925492854447,2.9523343285777295
cs-59759,"NREL ComStock MA (simulated, AMY2018)",MediumOffice · Middlesex County,MediumOffice,National Grid,2018,2018-01-01,35040,603.910400390625,262.9938397461965,2303.7868004245756,0.435484865927272,"{""missing_intervals"": 0, ""filled_by_median"": 0, ""sqft"": 125000.0, ""weekday_hours"": 9.0, ""timezone"": ""EST -> America/New_York clock time"", ""tz_missing_filled"": 4}",540346.2429272875,56880.41334106445,13373.468499247865,13951.616751762642,578.1482525147658,0.29699775670054923,602140.1410002292,182006.60065307617,44402.00205926499,44923.77429801582,521.7722387508547,0.8848837478698784
cs-59760,"NREL ComStock MA (simulated, AMY2018)",MediumOffice · Middlesex County,MediumOffice,National Grid,2018,2018-01-01,35040,329.3273010253906,105.58534920520434,924.9033234996796,0.3206091595699922,"{""missing_intervals"": 0, ""filled_by_median"": 0, ""sqft"": 67000.0, ""weekday_hours"": 6.75, ""timezone"": ""EST -> America/New_York clock time"", ""tz_missing_filled"": 4}",227688.91949677927,30922.1943409729,10447.338285011187,11263.308467662408,815.9701826512173,0.5506111570875438,268767.3109588572,98945.19301376342,36132.31176845697,36280.011210084114,747.6994416271464,1.6132458209840004
cs-60049,"NREL ComStock MA (simulated, AMY2018)",LargeOffice · Middlesex County,LargeOffice,Eversource,2018,2018-01-01,35040,450.9203186035156,168.71936520985815,1477.9815386791229,0.3741666947552421,"{""missing_intervals"": 0, ""filled_by_median"": 0, ""sqft"": 90000.0, ""weekday_hours"": 11.75, ""timezone"": ""EST -> America/New_York clock time"", ""tz_missing_filled"": 4}",350593.71295697626,38866.09477401732,9343.025282971375,9645.336360785408,302.31107781403625,0.31978982865963446,394582.1839339823,124364.17696304322,30883.88821169309,31175.629723692102,291.74151199901644,0.9392381958186016
cs-60050,"NREL ComStock MA (simulated, AMY2018)",LargeOffice · Middlesex County,LargeOffice,National Grid,2018,2018-01-01,35040,839.1507568359375,340.49745452523774,2982.75484375,0.405764341808022,"{""missing_intervals"": 0, ""filled_by_median"": 0, ""sqft"": 175000.0, ""weekday_hours"": 16.0, ""timezone"": ""EST -> America/New_York clock time"", ""tz_missing_filled"": 4}",700968.4108476071,75997.31110839844,12521.146448895037,12936.533202722212,415.3867538271588,0.21435168127627097,786557.075525195,243177.06994628906,41062.76503323841,41442.062965354475,379.2979321160383,0.6264684353259969
cs-60052,"NREL ComStock MA (simulated, AMY2018)",LargeOffice · Middlesex County,LargeOffice,National Grid,2018,2018-01-01,35040,723.5505981445312,229.2946772758275,2008.6221274223328,0.3169020630538201,"{""missing_intervals"": 0, ""filled_by_median"": 0, ""sqft"": 175000.0, ""weekday_hours"": 12.5, ""timezone"": ""EST -> America/New_York clock time"", ""tz_missing_filled"": 4}",479305.4982619952,56959.84878692626,11491.260009812315,12322.32203713855,831.062027326243,0.2876977639892884,548805.8169352574,182260.77910614014,38779.916433598424,39576.060121407216,796.143687808777,0.8479483686997427
cs-60056,"NREL ComStock MA (simulated, AMY2018)",LargeOffice · Middlesex County,LargeOffice,Municipal/other,2018,2018-01-01,35040,543.1204223632812,170.97401861404174,1497.7173392410275,0.3147994654115234,"{""missing_intervals"": 0, ""filled_by_median"": 0, ""sqft"": 175000.0, ""weekday_hours"": 8.75, ""timezone"": ""EST -> America/New_York clock time"", ""tz_missing_filled"": 4}",371616.874602528,55405.71626922607,14150.314338140597,15131.470732024896,981.1563938842883,0.4569323506616996,451091.2111329776,177287.8480056763,48727.49030651341,49603.6740313275,876.1837248140837,1.2962564316195198
cs-60057,"NREL ComStock MA (simulated, AMY2018)",LargeOffice · Middlesex County,LargeOffice,Eversource,2018,2018-01-01,35040,571.7931518554688,162.975474249609,1427.663992389679,0.2850252293521767,"{""missing_intervals"": 0, ""filled_by_median"": 0, ""sqft"": 125000.0, ""weekday_hours"": 8.75, ""timezone"": ""EST -> America/New_York clock time"", ""tz_missing_filled"": 4}",349784.85315868474,48228.23340194702,12121.077123065763,12945.110619856225,824.0334967904673,0.4158354032866095,415405.3112791071,154321.25579605106,40894.188077862615,41649.75450724632,755.5664293837053,1.1813287977067635
cs-60058,"NREL ComStock MA (simulated, AMY2018)",LargeOffice · Middlesex County,LargeOffice,National Grid,2018,2018-01-01,35040,633.8883666992188,174.69712292179125,1530.3451383304596,0.2755960388285298,"{""missing_intervals"": 0, ""filled_by_median"": 0, ""sqft"": 175000.0, ""weekday_hours"": 9.0, ""timezone"": ""EST -> America/New_York clock time"", ""tz_missing_filled"": 4}",378138.567693505,55148.14271820069,13691.64439109348,14406.45529375718,714.8109026636957,0.4344960993936292,456187.5152175503,176463.66119537354,46239.048596346554,46874.17177711353,635.1231807669828,1.2163168974309797
cs-60060,"NREL ComStock MA (simulated, AMY2018)",LargeOffice · Middlesex County,LargeOffice,Eversource,2018,2018-01-01,35040,757.2371826171875,176.03655561551656,1542.0468519687652,0.2324721496204047,"{""missing_intervals"": 0, ""filled_by_median"": 0, ""sqft"": 175000.0, ""weekday_hours"": 9.25, ""timezone"": ""EST -> America/New_York clock time"", ""tz_missing_filled"": 4}",389946.2155246905,64424.45522735595,13486.920137396293,14131.260756761912,644.3406193656156,0.4150393957048366,487999.9362687982,206146.11262664798,46225.93875871881,46805.740042413345,579.8012836945127,1.1367035605494054
cs-61141,"NREL ComStock MA (simulated, AMY2018)",RetailStripmall · Middlesex County,RetailStripmall,National Grid,2018,2018-01-01,35040,2537.52099609375,501.3872806709107,4392.077254402161,0.1975894116512708,"{""missing_intervals"": 0, ""filled_by_median"": 0, ""sqft"": 125000.0, ""weekday_hours"": 11.25, ""timezone"": ""EST -> America/New_York clock time"", ""tz_missing_filled"": 4}",1083398.8437504044,164802.4554821777,27017.706094584675,27266.957485640523,249.25139105584822,0.29925495583204514,1329084.2496543874,527336.7920471192,88898.8568128568,89113.57392322303,214.71711036621855,0.8026475989251146
cs-61142,"NREL ComStock MA (simulated, AMY2018)",RetailStripmall · Bristol County,RetailStripmall,National Grid,2018,2018-01-01,35040,1570.9268798828125,228.1464550718325,1998.543952548027,0.1452304738008249,"{""missing_intervals"": 0, ""filled_by_median"": 0, ""sqft"": 90000.0, ""weekday_hours"": 8.75, ""timezone"": ""EST -> America/New_York clock time"", ""tz_missing_filled"": 4}",535795.3778798061,115008.76252624512,25408.22459432282,25623.67039671979,215.44580239697098,0.5690580914273418,735245.4924349556,368006.3607696534,81804.33115104085,81990.91517140782,186.58402036697953,1.3351349772461656
cs-61144,"NREL ComStock MA (simulated, AMY2018)",RetailStripmall · Suffolk County,RetailStripmall,Eversource,2018,2018-01-01,35040,1357.0567626953125,253.11001412939265,2217.1277839598656,0.1865139477487141,"{""missing_intervals"": 0, ""filled_by_median"": 0, ""sqft"": 75000.0, ""weekday_hours"": 9.5, ""timezone"": ""EST -> America/New_York clock time"", ""tz_missing_filled"": 4}",548516.7620255388,83108.48519927978,21193.588908930462,21629.18741259103,435.598503660578,0.46365596188530755,672867.7397473396,265931.48657073977,71368.95253311387,69226.6081679519,377.6556348380436,1.2728020379145435
cs-61145,"NREL ComStock MA (simulated, AMY2018)",RetailStripmall · Worcester County,RetailStripmall,Municipal/other,2018,2018-01-01,35040,2068.458251953125,267.78032842607803,2345.68129438591,0.1294588992420942,"{""missing_intervals"": 0, ""filled_by_median"": 0, ""sqft"": 125000.0, ""weekday_hours"": 8.75, ""timezone"": ""EST -> America/New_York clock time"", ""tz_missing_filled"": 4}",630951.9307375287,137669.92483581541,25625.306229541387,25806.46752999757,181.16130045617683,0.48736466246335314,870782.8365472143,440517.80849914555,82418.42385381402,82575.83154037867,157.40768656462024,1.1357838541781398
cs-61147,"NREL ComStock MA (simulated, AMY2018)",RetailStripmall · Suffolk County,RetailStripmall,Eversource,2018,2018-01-01,35040,1574.50048828125,286.80659676327554,2512.20571870327,0.1821571977258376,"{""missing_intervals"": 0, ""filled_by_median"": 0, ""sqft"": 90000.0, ""weekday_hours"": 7.5, ""timezone"": ""EST -> America/New_York clock time"", ""tz_missing_filled"": 4}",644650.7862350356,117468.50685363768,26827.433513185,27032.131714309067,204.6982011240725,0.49938541770558953,836397.7321834582,375877.0789520264,86320.83909174825,86497.7258907439,176.8867989956634,1.238465898749917
cs-61149,"NREL ComStock MA (simulated, AMY2018)",RetailStripmall · Bristol County,RetailStripmall,National Grid,2018,2018-01-01,35040,1819.544921875,340.278873420306,2980.758669099808,0.1870131752887179,"{""missing_intervals"": 0, ""filled_by_median"": 0, ""sqft"": 90000.0, ""weekday_hours"": 10.75, ""timezone"": ""EST -> America/New_York clock time"", ""tz_missing_filled"": 4}",764996.7432833484,139724.19866210935,24458.473938777366,24606.986005144267,148.5120663669004,0.38366396960806126,992643.5148035819,447091.09750976565,78633.27098345674,78762.21413147918,128.94314802244844,0.9505922697618131
cs-61150,"NREL ComStock MA (simulated, AMY2018)",RetailStripmall · Worcester County,RetailStripmall,Municipal/other,2018,2018-01-01,35040,2603.153076171875,539.144187530535,4722.402557542801,0.2071119798776434,"{""missing_intervals"": 0, ""filled_by_median"": 0, ""sqft"": 125000.0, ""weekday_hours"": 10.75, ""timezone"": ""EST -> America/New_York clock time"", ""tz_missing_filled"": 4}",1154011.8348872906,167065.2905395508,25793.069543654332,26016.16453794432,223.09499428999698,0.26820941100147533,1396366.0342978875,534577.4376831055,83053.61393462749,83246.8224376258,193.2085029982627,0.7137407690646501
cs-61151,"NREL ComStock MA (simulated, AMY2018)",RetailStripmall · Middlesex County,RetailStripmall,Municipal/other,2018,2018-01-01,35040,1952.75146484375,376.366109184288,3296.621793002367,0.1927363087213984,"{""missing_intervals"": 0, ""filled_by_median"": 0, ""sqft"": 125000.0, ""weekday_hours"": 11.0, ""timezone"": ""EST -> America/New_York clock time"", ""tz_missing_filled"": 4}",826926.5896706772,136053.13704315183,25611.47763222301,25800.642732658234,189.1651004352061,0.3716626547334426,1038282.8329793673,435344.39232940675,82427.66815451304,82593.34597171472,165.67781720166022,0.9526614390953841
cs-61152,"NREL ComStock MA (simulated, AMY2018)",RetailStripmall · Worcester County,RetailStripmall,National Grid,2018,2018-01-01,35040,1064.5369873046875,303.1131873016488,2655.120543398857,0.2847371119242219,"{""missing_intervals"": 0, ""filled_by_median"": 0, ""sqft"": 75000.0, ""weekday_hours"": 13.0, ""timezone"": ""EST -> America/New_York clock time"", ""tz_missing_filled"": 4}",638836.3505048995,82445.7357974243,21748.79566441385,22098.840210529703,350.04454611587425,0.40853271384243905,750262.2525780079,263810.8134140015,72946.19697193737,70748.52341515155,322.3264432141805,1.1667311805377472
cs-62198,"NREL ComStock MA (simulated, AMY2018)",MediumOffice · Norfolk County,MediumOffice,Municipal/other,2018,2018-01-01,35040,384.0456848144531,144.03238007510635,1261.72352337265,0.3750397043119851,"{""missing_intervals"": 0, ""filled_by_median"": 0, ""sqft"": 125000.0, ""weekday_hours"": 8.5, ""timezone"": ""EST -> America/New_York clock time"", ""tz_missing_filled"": 4}",299594.7285190649,32800.52342575073,9207.693175102228,9996.601868216403,788.9086931141646,0.36880594878088946,335916.1861034628,104955.4920173645,31844.712226733638,31993.262131715914,748.5499049822702,1.1375949195943327
cs-62200,"NREL ComStock MA (simulated, AMY2018)",MediumOffice · Berkshire County,MediumOffice,National Grid,2018,2018-01-01,35040,428.8230590820313,104.54760655856025,915.8296213722228,0.2438012703476398,"{""missing_intervals"": 0, ""filled_by_median"": 0, ""sqft"": 125000.0, ""weekday_hours"": 9.5, ""timezone"": ""EST -> America/New_York clock time"", ""tz_missing_filled"": 4}",235099.69284645232,39946.0916215515,12666.135803248932,13669.18432202643,1003.0485187774975,0.6465071383068834,295991.85997694085,127819.96329421997,42840.32859302017,43738.81316991492,898.4845768947507,1.7368178407213346
cs-62201,"NREL ComStock MA (simulated, AMY2018)",MediumOffice · Middlesex County,MediumOffice,National Grid,2018,2018-01-01,35040,354.8236083984375,100.4002048807057,879.5014505815506,0.2829580741086557,"{""missing_intervals"": 0, ""filled_by_median"": 0, ""sqft"": 75000.0, ""weekday_hours"": 8.25, ""timezone"": ""EST -> America/New_York clock time"", ""tz_missing_filled"": 4}",216868.15140994627,29491.548293762207,9929.938916583322,10918.223947967319,988.2850313840045,0.5494548933271114,255944.08226336358,94367.3953414917,35037.91009819743,35350.167135358046,912.2570371606125,1.6427608619046945
cs-62203,"NREL ComStock MA (simulated, AMY2018)",MediumOffice · Middlesex County,MediumOffice,National Grid,2018,2018-01-01,35040,396.4993286132813,160.14811168783876,1402.896720014572,0.4039051270223876,"{""missing_intervals"": 0, ""filled_by_median"": 0, ""sqft"": 90000.0, ""weekday_hours"": 6.5, ""timezone"": ""EST -> America/New_York clock time"", ""tz_missing_filled"": 4}",331594.19748260203,35383.89879653931,8268.735817436613,8620.477230525528,351.74141308890466,0.2992357241548096,369809.7818546922,113221.80623397829,27445.288445119084,27790.979807852702,345.6913627336289,0.8905753106088377
cs-62207,"NREL ComStock MA (simulated, AMY2018)",MediumOffice · Middlesex County,MediumOffice,National Grid,2018,2018-01-01,35040,304.6316833496094,76.21995669995269,667.6876141762733,0.250203642188062,"{""missing_intervals"": 0, ""filled_by_median"": 0, ""sqft"": 90000.0, ""weekday_hours"": 7.75, ""timezone"": ""EST -> America/New_York clock time"", ""tz_missing_filled"": 4}",166473.08715560858,23234.59601066589,9323.810469729515,10768.121642773838,1444.311173044327,0.6720949767223962,196838.59377826797,73713.40521812439,34280.707836193396,34948.2608465573,1267.5530103638994,2.089877224472115
cs-62247,"NREL ComStock MA (simulated, AMY2018)",PrimarySchool · Essex County,PrimarySchool,National Grid,2018,2018-01-01,35040,338.1805725097656,66.30436001479218,580.8232030407786,0.1960620017960301,"{""missing_intervals"": 0, ""filled_by_median"": 0, ""sqft"": 46000.0, ""weekday_hours"": 7.75, ""timezone"": ""EST -> America/New_York clock time"", ""tz_missing_filled"": 4}",152831.0231199769,27493.84796661377,8369.664859683242,8677.799962105637,308.1351024223886,0.6571700971821256,195332.5098116832,87975.13086395263,28092.63777490186,27779.674141292428,287.03636639056003,1.7258348527023282
cs-62255,"NREL ComStock MA (simulated, AMY2018)",PrimarySchool · Middlesex County,PrimarySchool,Municipal/other,2018,2018-01-01,35040,318.4909973144531,71.67802753189928,627.8831860387326,0.2250551134452632,"{""missing_intervals"": 0, ""filled_by_median"": 0, ""sqft"": 58000.0, ""weekday_hours"": 8.0, ""timezone"": ""EST -> America/New_York clock time"", ""tz_missing_filled"": 4}",160430.50492051462,25365.77137145996,8544.371719282346,8884.652368294632,340.2806490122821,0.6391082586331566,197068.28698461058,81165.68690490723,29234.73961977952,28985.311559703387,350.5719399238724,1.7801792505800296
cs-62256,"NREL ComStock MA (simulated, AMY2018)",PrimarySchool · Middlesex County,PrimarySchool,Municipal/other,2018,2018-01-01,35040,318.3233642578125,76.03145339494426,666.0315185484886,0.2388497419038516,"{""missing_intervals"": 0, ""filled_by_median"": 0, ""sqft"": 46000.0, ""weekday_hours"": 8.5, ""timezone"": ""EST -> America/New_York clock time"", ""tz_missing_filled"": 4}",168744.18574456847,25693.308009796136,7412.328966302915,7898.844302793651,486.5153364907437,0.5271171104542666,205039.17248317352,82213.74240646363,25467.53392337005,25336.32771431593,468.7937909458733,1.490497661394534
cs-62401,"NREL ComStock MA (simulated, AMY2018)",LargeHotel · Worcester County,LargeHotel,National Grid,2018,2018-01-01,35040,665.2701416015625,170.88910233027315,1496.972009557724,0.25687174524153,"{""missing_intervals"": 0, ""filled_by_median"": 0, ""sqft"": 90000.0, ""weekday_hours"": 11.0, ""timezone"": ""EST -> America/New_York clock time"", ""tz_missing_filled"": 4}",362501.80673829303,46940.87432327271,11545.445535999468,12004.537422642852,459.09188664338217,0.3821921542366711,423870.27842838655,150201.94941329956,39891.83095086373,40409.68488968855,517.8539388248064,1.1293596078151116
cs-62402,"NREL ComStock MA (simulated, AMY2018)",LargeHotel · Norfolk County,LargeHotel,Municipal/other,2018,2018-01-01,35040,372.6502990722656,120.7711620886032,1057.9479752292632,0.3240871197185939,"{""missing_intervals"": 0, ""filled_by_median"": 0, ""sqft"": 46000.0, ""weekday_hours"": 18.5, ""timezone"": ""EST -> America/New_York clock time"", ""tz_missing_filled"": 4}",251340.05228558974,27194.898556365963,9895.987414013192,10616.516412354134,720.5289983409475,0.472474831958833,280667.77281289856,86697.13270034791,35604.313706420995,35801.45781532661,797.1441089056098,1.5222686958145015
cs-62403,"NREL ComStock MA (simulated, AMY2018)",LargeHotel · Berkshire County,LargeHotel,National Grid,2018,2018-01-01,35040,577.7113037109375,225.712670299996,1977.2558122739792,0.3907014954530526,"{""missing_intervals"": 0, ""filled_by_median"": 0, ""sqft"": 125000.0, ""weekday_hours"": 18.5, ""timezone"": ""EST -> America/New_York clock time"", ""tz_missing_filled"": 4}",460802.0482403625,45366.75787963867,11062.869571581185,11781.004314668226,718.1347430870592,0.2880942811906234,505888.42192396213,145039.50161743164,38708.393525076244,39431.10741997725,722.7138949009823,0.9181880868796242
cs-62404,"NREL ComStock MA (simulated, AMY2018)",LargeHotel · Norfolk County,LargeHotel,Municipal/other,2018,2018-01-01,35040,661.8677978515625,206.50168879021248,1808.9405515537264,0.3119983922174814,"{""missing_intervals"": 0, ""filled_by_median"": 0, ""sqft"": 90000.0, ""weekday_hours"": 17.5, ""timezone"": ""EST -> America/New_York clock time"", ""tz_missing_filled"": 4}",430374.6726921177,49900.06510269165,13956.633622377558,14456.40641600525,499.7727936276933,0.38914837255849066,489970.36581471923,159670.80209579467,47475.343982011924,47982.50684884255,507.1628668306439,1.1627318048854713
cs-62406,"NREL ComStock MA (simulated, AMY2018)",LargeHotel · Essex County,LargeHotel,National Grid,2018,2018-01-01,35040,379.2032775878906,118.39912266007298,1037.166587269306,0.3122312745111513,"{""missing_intervals"": 0, ""filled_by_median"": 0, ""sqft"": 46000.0, ""weekday_hours"": 15.5, ""timezone"": ""EST -> America/New_York clock time"", ""tz_missing_filled"": 4}",249535.94044516244,29571.64751220703,10298.523618179928,11017.94434528048,719.4207271005562,0.49524843274156477,283768.6783291415,93570.06195755006,36563.73915697263,36760.75735989723,797.0182029245934,1.5462061298208218
cs-62407,"NREL ComStock MA (simulated, AMY2018)",LargeHotel · Middlesex County,LargeHotel,National Grid,2018,2018-01-01,35040,494.1754150390625,127.19842289512016,1114.2479817681312,0.257395287228252,"{""missing_intervals"": 0, ""filled_by_median"": 0, ""sqft"": 67000.0, ""weekday_hours"": 10.75, ""timezone"": ""EST -> America/New_York clock time"", ""tz_missing_filled"": 4}",276346.63201349764,40096.31695632934,11940.684322161473,12483.016665229963,542.3323430684886,0.5185089856964098,331896.6733958395,127705.38515243532,42478.13940505403,43022.64195450951,544.5025494554775,1.535832425330474
cs-62409,"NREL ComStock MA (simulated, AMY2018)",LargeHotel · Norfolk County,LargeHotel,Municipal/other,2018,2018-01-01,35040,686.9181518554688,183.51845725192328,1607.589693263054,0.2671620436237016,"{""missing_intervals"": 0, ""filled_by_median"": 0, ""sqft"": 90000.0, ""weekday_hours"": 15.25, ""timezone"": ""EST -> America/New_York clock time"", ""tz_missing_filled"": 4}",389794.4048084266,50933.17240737915,13131.179550548237,13656.563102129716,525.3835515814826,0.40424940087075456,456728.11530229595,162976.55072860717,44988.04391579649,45541.095189349864,553.0512735533739,1.1820085273976215
cs-62410,"NREL ComStock MA (simulated, AMY2018)",LargeHotel · Middlesex County,LargeHotel,Eversource,2018,2018-01-01,35040,627.2955932617188,175.4776377551632,1537.1399373207091,0.2797367614886955,"{""missing_intervals"": 0, ""filled_by_median"": 0, ""sqft"": 125000.0, ""weekday_hours"": 8.5, ""timezone"": ""EST -> America/New_York clock time"", ""tz_missing_filled"": 4}",373257.110394968,48848.52062408448,12690.528700209765,13370.682093201409,680.1533929916441,0.4079931504623527,436974.69671595877,156009.6658203125,43724.644383397914,44361.335817628256,636.6914342303389,1.2007462595524987
cs-62411,"NREL ComStock MA (simulated, AMY2018)",LargeHotel · Middlesex County,LargeHotel,Eversource,2018,2018-01-01,35040,364.7281494140625,119.3867392003264,1045.820799071312,0.3273307513887309,"{""missing_intervals"": 0, ""filled_by_median"": 0, ""sqft"": 67000.0, ""weekday_hours"": 17.0, ""timezone"": ""EST -> America/New_York clock time"", ""tz_missing_filled"": 4}",248891.0096237859,27143.92681213379,8541.766088411681,9168.637477728846,626.871389317168,0.4118316415521679,278624.57608947787,86855.44913024904,30856.761900772603,30935.682098209116,678.9201974365114,1.3289608117352816
cs-62412,"NREL ComStock MA (simulated, AMY2018)",LargeHotel · Middlesex County,LargeHotel,Eversource,2018,2018-01-01,35040,606.1024780273438,183.60388291949008,1608.35571665287,0.3029254780760143,"{""missing_intervals"": 0, ""filled_by_median"": 0, ""sqft"": 90000.0, ""weekday_hours"": 12.75, ""timezone"": ""EST -> America/New_York clock time"", ""tz_missing_filled"": 4}",383296.0211871688,44442.17642089844,11835.963033652111,12311.371413283403,475.4083796313025,0.3705531718380905,436093.9958432344,142206.58713378906,40368.183935001776,40848.46491592239,480.2809809206083,1.1108114577072927
cs-63666,"NREL ComStock MA (simulated, AMY2018)",Outpatient · Middlesex County,Outpatient,Municipal/other,2018,2018-01-01,35040,383.2908935546875,122.87136163297852,1076.3519716205597,0.3205694779060734,"{""missing_intervals"": 0, ""filled_by_median"": 0, ""sqft"": 46000.0, ""weekday_hours"": 11.5, ""timezone"": ""EST -> America/New_York clock time"", ""tz_missing_filled"": 4}",269550.11177593976,40594.61378662109,7772.811013575767,8481.686130247159,708.8751166713955,0.3460348487647516,327205.4952836727,129895.11197509766,26777.828125473407,27412.03872910072,634.2106036273308,0.9820554426419353
cs-63669,"NREL ComStock MA (simulated, AMY2018)",Outpatient · Suffolk County,Outpatient,Eversource,2018,2018-01-01,35040,416.0670776367187,103.77683258775164,909.0807918367386,0.2494233217807308,"{""missing_intervals"": 0, ""filled_by_median"": 0, ""sqft"": 46000.0, ""weekday_hours"": 10.0, ""timezone"": ""EST -> America/New_York clock time"", ""tz_missing_filled"": 4}",232913.86439283108,38984.627558288565,9592.293916608463,10670.688345582625,1078.3944289741576,0.49420641961082196,291689.6692852876,124743.45952911378,33510.71828382886,34454.57753559407,943.859251765225,1.3786179688545763
cs-63818,"NREL ComStock MA (simulated, AMY2018)",LargeOffice · Suffolk County,LargeOffice,Eversource,2018,2018-01-01,35040,1072.8328857421875,364.94182078653273,3196.8894782485963,0.3401665120789668,"{""missing_intervals"": 0, ""filled_by_median"": 0, ""sqft"": 175000.0, ""weekday_hours"": 12.0, ""timezone"": ""EST -> America/New_York clock time"", ""tz_missing_filled"": 4}",760529.0809109169,90810.84688415527,13109.63083936771,13357.49458822509,247.86374885736586,0.2068501705207501,875349.0973081171,290577.5920562744,45040.21094356018,42741.46477570612,221.25383214592148,0.6174479793088493
cs-63819,"NREL ComStock MA (simulated, AMY2018)",LargeOffice · Middlesex County,LargeOffice,Eversource,2018,2018-01-01,35040,361.5004577636719,129.0614242911883,1130.5740183134078,0.3570159359951937,"{""missing_intervals"": 0, ""filled_by_median"": 0, ""sqft"": 90000.0, ""weekday_hours"": 15.0, ""timezone"": ""EST -> America/New_York clock time"", ""tz_missing_filled"": 4}",272428.6476793249,32819.38994720459,8397.182209855973,8828.396377109066,431.2141672530888,0.36988102160564007,312169.6996094866,105015.86132965088,28574.57330053745,28387.655613639945,413.0823131024954,1.0984246069858763
cs-63822,"NREL ComStock MA (simulated, AMY2018)",LargeOffice · Middlesex County,LargeOffice,National Grid,2018,2018-01-01,35040,655.0430297851562,199.54820860444684,1748.0279111385346,0.3046337408855346,"{""missing_intervals"": 0, ""filled_by_median"": 0, ""sqft"": 175000.0, ""weekday_hours"": 9.75, ""timezone"": ""EST -> America/New_York clock time"", ""tz_missing_filled"": 4}",426946.4131216147,58595.43785705567,12579.177085186668,13140.545348342997,561.3682631563279,0.35355754348319635,506736.4758774777,187494.35581970215,42000.85144018951,42503.073937797184,502.2224976076868,0.9946199677248757
cs-63823,"NREL ComStock MA (simulated, AMY2018)",LargeOffice · Suffolk County,LargeOffice,Eversource,2018,2018-01-01,35040,569.9995727539062,253.32222454841823,2219.102981365204,0.4444252884690994,"{""missing_intervals"": 0, ""filled_by_median"": 0, ""sqft"": 175000.0, ""weekday_hours"": 18.0, ""timezone"": ""EST -> America/New_York clock time"", ""tz_missing_filled"": 4}",517999.1608493024,51842.94542358398,7545.48736333548,7983.7695522808335,438.282188945348,0.1747992182295592,570641.3636660863,165887.65288696287,25800.692768765766,26244.62297712476,443.9302083589755,0.5425619889103553
cs-63824,"NREL ComStock MA (simulated, AMY2018)",LargeOffice · Middlesex County,LargeOffice,National Grid,2018,2018-01-01,35040,798.6825561523438,263.0847108604701,2304.6240849714277,0.3293983433516837,"{""missing_intervals"": 0, ""filled_by_median"": 0, ""sqft"": 175000.0, ""weekday_hours"": 11.75, ""timezone"": ""EST -> America/New_York clock time"", ""tz_missing_filled"": 4}",556621.075710766,72694.78120819092,12505.613402976101,12813.802286160262,308.188883184157,0.2696041658934451,652887.6406446903,232609.5967971802,41651.316738917674,41928.10008277945,276.78334386178904,0.7655464275192463
cs-63825,"NREL ComStock MA (simulated, AMY2018)",LargeOffice · Suffolk County,LargeOffice,Eversource,2018,2018-01-01,35040,555.6995849609375,187.94097625969752,1646.3613308286667,0.3382060763513233,"{""missing_intervals"": 0, ""filled_by_median"": 0, ""sqft"": 175000.0, ""weekday_hours"": 10.75, ""timezone"": ""EST -> America/New_York clock time"", ""tz_missing_filled"": 4}",401421.1225792428,54477.865487670904,13585.374831622627,14379.952645572866,794.5778139502509,0.40611838493199764,474854.74919480644,174070.48251190185,47640.97586215238,48354.744746082004,713.7688839296061,1.2039296465186986
cs-63827,"NREL ComStock MA (simulated, AMY2018)",LargeOffice · Middlesex County,LargeOffice,Eversource,2018,2018-01-01,35040,339.67034912109375,141.6305113516986,1240.6812564306258,0.4169646002901678,"{""missing_intervals"": 0, ""filled_by_median"": 0, ""sqft"": 125000.0, ""weekday_hours"": 11.25, ""timezone"": ""EST -> America/New_York clock time"", ""tz_missing_filled"": 4}",293974.8481201984,31742.102101287845,9739.280679703257,10411.169610586732,671.8889308834932,0.3975556715268836,328709.9790099022,101568.74329299926,34211.68256505372,34226.4584860943,614.7759210405711,1.2489434972957647
cs-64837,"NREL ComStock MA (simulated, AMY2018)",Grocery · Barnstable County,Grocery,Eversource,2018,2018-01-01,35040,461.9451293945313,265.5645352733734,2326.342830265045,0.5748832888907115,"{""missing_intervals"": 0, ""filled_by_median"": 0, ""sqft"": 58000.0, ""weekday_hours"": 18.5, ""timezone"": ""EST -> America/New_York clock time"", ""tz_missing_filled"": 4}",535021.2188712262,46845.93978759765,7648.006673714794,8463.357931188672,815.3512574738998,0.17153727150897735,574119.6443668508,149898.1767944336,27813.738326521256,28658.803482763484,845.0651562422245,0.581350704845393
cs-64838,"NREL ComStock MA (simulated, AMY2018)",Grocery · Bristol County,Grocery,National Grid,2018,2018-01-01,35040,570.60302734375,316.2825236816929,2770.632654647827,0.5542952079207143,"{""missing_intervals"": 0, ""filled_by_median"": 0, ""sqft"": 58000.0, ""weekday_hours"": 15.75, ""timezone"": ""EST -> America/New_York clock time"", ""tz_missing_filled"": 4}",638648.6257756463,57917.39675384521,8624.059067119146,9475.158461477533,851.0993943583671,0.1620432654650145,690198.1068508298,185324.75210113527,31480.34434942864,32371.24765370237,890.9033042737428,0.5473271057157342
cs-64839,"NREL ComStock MA (simulated, AMY2018)",Grocery · Norfolk County,Grocery,Municipal/other,2018,2018-01-01,35040,381.5500183105469,211.4916494556758,1852.662184867859,0.5542960013267275,"{""missing_intervals"": 0, ""filled_by_median"": 0, ""sqft"": 58000.0, ""weekday_hours"": 16.0, ""timezone"": ""EST -> America/New_York clock time"", ""tz_missing_filled"": 4}",426155.2387843886,36522.56909301758,5955.876535345709,7010.590758245067,1054.714222899358,0.1677100547397206,455099.9496827822,116865.33654174805,22229.649200546883,23299.86476189344,1070.2155613465438,0.5861477035813761
cs-64840,"NREL ComStock MA (simulated, AMY2018)",Grocery · Worcester County,Grocery,Municipal/other,2018,2018-01-01,35040,330.2370300292969,204.2840290931806,1789.520417087555,0.618598190139542,"{""missing_intervals"": 0, ""filled_by_median"": 0, ""sqft"": 35000.0, ""weekday_hours"": 15.25, ""timezone"": ""EST -> America/New_York clock time"", ""tz_missing_filled"": 4}",410620.57722306345,34099.65070663452,5331.233223432377,6319.252492167918,988.0192687355484,0.155800274583987,435885.4894881209,109112.45442886352,20790.546892825467,21222.277009670193,1031.7301168447411,0.5723672127899656
cs-64841,"NREL ComStock MA (simulated, AMY2018)",Grocery · Norfolk County,Grocery,Municipal/other,2018,2018-01-01,35040,343.6685791015625,227.08378378637303,1989.249194934845,0.6607638800731452,"{""missing_intervals"": 0, ""filled_by_median"": 0, ""sqft"": 46000.0, ""weekday_hours"": 18.75, ""timezone"": ""EST -> America/New_York clock time"", ""tz_missing_filled"": 4}",453924.8331905183,35937.302836151124,5282.480435101286,6419.724024300068,1137.2435891987625,0.13964815446571946,478021.8636549773,114992.59484329225,21444.17203494,22033.354387581112,1189.18235264111,0.5383227922918052
cs-64842,"NREL ComStock MA (simulated, AMY2018)",Grocery · Norfolk County,Grocery,Municipal/other,2018,2018-01-01,35040,450.7086181640625,234.63368895739725,2055.392509016037,0.5205884234323388,"{""missing_intervals"": 0, ""filled_by_median"": 0, ""sqft"": 46000.0, ""weekday_hours"": 13.5, ""timezone"": ""EST -> America/New_York clock time"", ""tz_missing_filled"": 4}",477432.7256123502,45360.34551269531,7745.479065738044,9098.4631980215,1352.9841322834473,0.19467821077753997,520179.70430574944,145144.55515136718,28236.903376877737,29574.170070761094,1337.2666938833609,0.6513957344313629
cs-64843,"NREL ComStock MA (simulated, AMY2018)",Grocery · Norfolk County,Grocery,National Grid,2018,2018-01-01,35040,571.459716796875,279.4116673621957,2447.648264728546,0.4889437682997914,"{""missing_intervals"": 0, ""filled_by_median"": 0, ""sqft"": 58000.0, ""weekday_hours"": 14.5, ""timezone"": ""EST -> America/New_York clock time"", ""tz_missing_filled"": 4}",572122.7084377886,58346.428591308584,9450.223012946786,10321.234872718836,871.011859772043,0.19821390495932847,632938.7888999425,186697.57310791017,35471.50024570364,36397.57170272829,926.0714570246419,0.672510534056925
cs-64844,"NREL ComStock MA (simulated, AMY2018)",Grocery · Suffolk County,Grocery,National Grid,2018,2018-01-01,35040,314.361572265625,203.3160964334392,1781.0205505504607,0.6467587465227586,"{""missing_intervals"": 0, ""filled_by_median"": 0, ""sqft"": 58000.0, ""weekday_hours"": 18.5, ""timezone"": ""EST -> America/New_York clock time"", ""tz_missing_filled"": 4}",408148.76547637134,33461.287014312744,5962.369862270243,7016.422706912053,1054.0528446418139,0.1752999014066233,432303.63677941734,107069.81094589236,23620.2761388592,24140.381972633786,1120.1058337745962,0.65565794398102
cs-64845,"NREL ComStock MA (simulated, AMY2018)",Grocery · Norfolk County,Grocery,Municipal/other,2018,2018-01-01,35040,653.6537475585938,331.6745221185902,2905.464362483978,0.5074162327645169,"{""missing_intervals"": 0, ""filled_by_median"": 0, ""sqft"": 67000.0, ""weekday_hours"": 14.5, ""timezone"": ""EST -> America/New_York clock time"", ""tz_missing_filled"": 4}",672815.0726651584,63854.75411376953,8872.259298072524,9635.106924473408,762.8476264008641,0.15824127000474622,733672.9302142808,204323.17645263672,30774.40652227596,31539.00127096246,764.5947486864898,0.5033481038471103
cs-64846,"NREL ComStock MA (simulated, AMY2018)",Grocery · Bristol County,Grocery,Municipal/other,2018,2018-01-01,35040,564.4932861328125,343.40488194722565,3008.1989383850096,0.6083418357369625,"{""missing_intervals"": 0, ""filled_by_median"": 0, ""sqft"": 58000.0, ""weekday_hours"": 15.5, ""timezone"": ""EST -> America/New_York clock time"", ""tz_missing_filled"": 4}",689489.9852423763,59369.48573150636,7781.920322599777,8424.460200442692,642.539877842908,0.13543785387741403,737974.5679149735,189971.16310882574,27301.0415125852,27965.116356529757,664.0748439445379,0.44393467254113916
cs-64847,"NREL ComStock MA (simulated, AMY2018)",Grocery · Hampden County,Grocery,Municipal/other,2018,2018-01-01,35040,518.50439453125,303.1138058562257,2655.245837429047,0.5845925493654754,"{""missing_intervals"": 0, ""filled_by_median"": 0, ""sqft"": 75000.0, ""weekday_hours"": 16.0, ""timezone"": ""EST -> America/New_York clock time"", ""tz_missing_filled"": 4}",610971.7435065536,54227.5523135376,7941.82289620395,8686.527385209645,744.7044890056932,0.1559840954468382,657450.368224271,173517.94543304446,28071.856218241577,28838.002530485173,766.1463122435671,0.512376737317436
cs-64848,"NREL ComStock MA (simulated, AMY2018)",Grocery · Plymouth County,Grocery,Eversource,2018,2018-01-01,35040,827.455810546875,466.7308798350156,4088.505151763916,0.564055353634592,"{""missing_intervals"": 0, ""filled_by_median"": 0, ""sqft"": 90000.0, ""weekday_hours"": 16.0, ""timezone"": ""EST -> America/New_York clock time"", ""tz_missing_filled"": 4}",941211.8535375611,85968.92701721191,9546.56597947824,10461.271162370576,914.7051828923504,0.12171414047025404,1019201.1131509013,275084.3611907959,33637.95536393314,34558.520352773136,920.5649888399857,0.3960508472359107
cs-65052,"NREL ComStock MA (simulated, AMY2018)",FullServiceRestaurant · Norfolk County,FullServiceRestaurant,Municipal/other,2018,2018-01-01,35040,645.2073974609375,160.84077555305882,1408.962964709282,0.2492853866617307,"{""missing_intervals"": 0, ""filled_by_median"": 0, ""sqft"": 46000.0, ""weekday_hours"": 10.25, ""timezone"": ""EST -> America/New_York clock time"", ""tz_missing_filled"": 4}",350306.44608354726,52482.0833013916,13950.2100362926,14578.981088755923,628.771052463333,0.4778745076120754,423432.9651838728,165743.51354522706,47641.81661580853,48258.61480848204,616.798192673512,1.3501589304494628
cs-65221,"NREL ComStock MA (simulated, AMY2018)",LargeHotel · Suffolk County,LargeHotel,Eversource,2018,2018-01-01,35040,1254.6964111328125,551.1817997736474,4828.356841445923,0.4392949520561779,"{""missing_intervals"": 0, ""filled_by_median"": 0, ""sqft"": 300000.0, ""weekday_hours"": 15.75, ""timezone"": ""EST -> America/New_York clock time"", ""tz_missing_filled"": 4}",1123939.2790563863,115072.35193969728,19205.670285559943,19875.327208202598,669.6569226426654,0.20505382071904354,1249140.6762150994,368209.8349060059,65640.71058128256,63708.30179354336,587.5912122608352,0.6305843224656567
cs-65222,"NREL ComStock MA (simulated, AMY2018)",LargeHotel · Berkshire County,LargeHotel,National Grid,2018,2018-01-01,35040,630.7031860351562,313.5838269035566,2747.0675704860687,0.4971971504930324,"{""missing_intervals"": 0, ""filled_by_median"": 0, ""sqft"": 175000.0, ""weekday_hours"": 17.5, ""timezone"": ""EST -> America/New_York clock time"", ""tz_missing_filled"": 4}",637385.3450787647,61601.62956359864,10825.45329402727,11503.799101952744,678.3458079254924,0.20380989385985052,697679.0355826103,197097.15600585938,37372.09293474678,38029.99979961338,657.9068648665925,0.6427957446685523
cs-65223,"NREL ComStock MA (simulated, AMY2018)",LargeHotel · Suffolk County,LargeHotel,Eversource,2018,2018-01-01,35040,879.2950439453125,390.29098091669823,3419.0107846546175,0.4438680549881187,"{""missing_intervals"": 0, ""filled_by_median"": 0, ""sqft"": 300000.0, ""weekday_hours"": 8.75, ""timezone"": ""EST -> America/New_York clock time"", ""tz_missing_filled"": 4}",806856.4616401449,90705.9928338623,18724.724169768895,20127.37663288733,1402.652463118422,0.2784840931687806,908818.1296900867,286256.31902160647,67280.4494656441,68604.5008793187,1324.0514136745987,0.8883684944346855
cs-65224,"NREL ComStock MA (simulated, AMY2018)",LargeHotel · Suffolk County,LargeHotel,Eversource,2018,2018-01-01,35040,572.5958251953125,248.31290801801637,2175.227663417816,0.433661750735463,"{""missing_intervals"": 0, ""filled_by_median"": 0, ""sqft"": 175000.0, ""weekday_hours"": 10.5, ""timezone"": ""EST -> America/New_York clock time"", ""tz_missing_filled"": 4}",510930.5575180383,54367.814259948726,14605.280140583229,15717.937837337526,1112.6576967542896,0.3430277541793164,570754.638828377,173966.75722198488,50370.390988839266,51494.88646597969,1124.4954771404336,1.0590272084460879
cs-65225,"NREL ComStock MA (simulated, AMY2018)",LargeHotel · Suffolk County,LargeHotel,Eversource,2018,2018-01-01,35040,1204.3370361328125,501.67325082630873,4394.653234840393,0.4165555287058239,"{""missing_intervals"": 0, ""filled_by_median"": 0, ""sqft"": 300000.0, ""weekday_hours"": 17.0, ""timezone"": ""EST -> America/New_York clock time"", ""tz_missing_filled"": 4}",1023486.8977166922,104946.26352294922,14537.399822333486,14824.908666303332,287.508843969852,0.1704455604240577,1138010.468903493,335808.2607543946,48137.337426671686,48415.879819439884,278.54239276819135,0.5075946706155009
cs-65226,"NREL ComStock MA (simulated, AMY2018)",LargeHotel · Middlesex County,LargeHotel,Municipal/other,2018,2018-01-01,35040,1566.7138671875,753.8167117401889,6603.438639900208,0.4811451073024645,"{""missing_intervals"": 0, ""filled_by_median"": 0, ""sqft"": 500000.0, ""weekday_hours"": 8.5, ""timezone"": ""EST -> America/New_York clock time"", ""tz_missing_filled"": 4}",1540722.7990644744,163352.92057189942,31109.507036126015,31759.922671171622,650.4156350456615,0.24229802055255376,1725859.9992696499,522698.55357360846,101084.81006853527,101625.76575742476,540.9556888894876,0.7028482735191433
cs-65227,"NREL ComStock MA (simulated, AMY2018)",LargeHotel · Middlesex County,LargeHotel,Eversource,2018,2018-01-01,35040,495.3764343261719,266.05117547283436,2330.623168914795,0.5370686957176846,"{""missing_intervals"": 0, ""filled_by_median"": 0, ""sqft"": 175000.0, ""weekday_hours"": 10.0, ""timezone"": ""EST -> America/New_York clock time"", ""tz_missing_filled"": 4}",538027.564291135,49079.89944244384,8572.966096657903,9401.324972974024,828.3588763161133,0.19120877811425155,582041.7507655807,157046.4265853882,31826.996676215167,32691.21181485564,864.2151386404767,0.656179663421436
cs-65228,"NREL ComStock MA (simulated, AMY2018)",LargeHotel · Suffolk County,LargeHotel,Eversource,2018,2018-01-01,35040,781.8873901367188,378.0925136931955,3312.0803789482115,0.4835638973881945,"{""missing_intervals"": 0, ""filled_by_median"": 0, ""sqft"": 300000.0, ""weekday_hours"": 14.0, ""timezone"": ""EST -> America/New_York clock time"", ""tz_missing_filled"": 4}",769487.8311241859,75956.39001434327,12337.354412678687,13001.163932178382,663.809519499715,0.19239843304065335,846209.9040929545,243046.1301589966,41399.41210137604,42054.98650462507,655.5744032490329,0.5870800410319243
cs-65229,"NREL ComStock MA (simulated, AMY2018)",LargeHotel · Middlesex County,LargeHotel,Eversource,2018,2018-01-01,35040,1195.856201171875,552.9950832175338,4844.287787353515,0.4624260698532383,"{""missing_intervals"": 0, ""filled_by_median"": 0, ""sqft"": 300000.0, ""weekday_hours"": 12.25, ""timezone"": ""EST -> America/New_York clock time"", ""tz_missing_filled"": 4}",1126853.2162190278,114681.83089233395,23371.673158720325,24549.509062414614,1177.835903694271,0.248887853242929,1248685.584949468,364871.2552307129,79674.21179207964,78175.7280234018,1021.516231322159,0.7656775676990352
cs-65230,"NREL ComStock MA (simulated, AMY2018)",LargeHotel · Suffolk County,LargeHotel,Eversource,2018,2018-01-01,35040,1054.3671875,448.2143294656658,3926.374644123078,0.4251026917182642,"{""missing_intervals"": 0, ""filled_by_median"": 0, ""sqft"": 300000.0, ""weekday_hours"": 10.0, ""timezone"": ""EST -> America/New_York clock time"", ""tz_missing_filled"": 4}",913379.3768054305,92481.20695251465,15536.777871998689,16297.21500905569,760.4371370570007,0.20412255761244352,1010594.1111262143,295922.42940979,53062.35252806649,53810.59193599716,748.2394079306468,0.6300731652069499
cs-65231,"NREL ComStock MA (simulated, AMY2018)",LargeHotel · Middlesex County,LargeHotel,National Grid,2018,2018-01-01,35040,960.8892822265624,432.1608640644648,3785.733315238953,0.4497509463973479,"{""missing_intervals"": 0, ""filled_by_median"": 0, ""sqft"": 175000.0, ""weekday_hours"": 15.5, ""timezone"": ""EST -> America/New_York clock time"", ""tz_missing_filled"": 4}",872360.6655338951,80779.70741180421,12959.249777936908,13516.708906290922,557.4591283539994,0.17826456817613193,947623.2527144545,258479.83662872316,42850.9942858859,43349.86110753785,498.86682165193633,0.5426332985790263
cs-65232,"NREL ComStock MA (simulated, AMY2018)",LargeHotel · Suffolk County,LargeHotel,Eversource,2018,2018-01-01,35040,993.525146484375,515.429129120204,4515.154607604981,0.5187882067646389,"{""missing_intervals"": 0, ""filled_by_median"": 0, ""sqft"": 300000.0, ""weekday_hours"": 14.5, ""timezone"": ""EST -> America/New_York clock time"", ""tz_missing_filled"": 4}",1046450.4562749154,102570.0133679199,16250.033033028842,16847.697328210637,597.6642951817921,0.1863446044932653,1148439.3446489447,326882.50032043457,54119.53289869653,54654.85721964922,535.32432095267,0.5654929864692834
cs-65785,"NREL ComStock MA (simulated, AMY2018)",PrimarySchool · Bristol County,PrimarySchool,Municipal/other,2018,2018-01-01,35040,415.6792297363281,70.01813380637942,613.3536905878782,0.1684427048491045,"{""missing_intervals"": 0, ""filled_by_median"": 0, ""sqft"": 67000.0, ""weekday_hours"": 10.25, ""timezone"": ""EST -> America/New_York clock time"", ""tz_missing_filled"": 4}",163882.32555027632,31688.36501571655,10756.777660976006,11496.442817563448,739.6651565874445,0.787646449965174,214659.827178367,101396.79474868775,37410.578831923674,38131.47834866332,720.8995167396515,2.09134122524965
cs-65787,"NREL ComStock MA (simulated, AMY2018)",PrimarySchool · Worcester County,PrimarySchool,National Grid,2018,2018-01-01,35040,359.41845703125,96.9795403659956,849.539458232224,0.2698234842112285,"{""missing_intervals"": 0, ""filled_by_median"": 0, ""sqft"": 75000.0, ""weekday_hours"": 17.0, ""timezone"": ""EST -> America/New_York clock time"", ""tz_missing_filled"": 4}",210908.2578087894,29598.029558258055,8924.12371490973,9881.46796561748,957.344250707747,0.5077538721883744,250845.2519487288,94708.11531600954,31834.89352164792,32192.131465506576,957.2379438586686,1.5229258648190687
cs-65788,"NREL ComStock MA (simulated, AMY2018)",PrimarySchool · Bristol County,PrimarySchool,Municipal/other,2018,2018-01-01,35040,523.9281616210938,94.87425042739196,831.0999729142189,0.1810825555431877,"{""missing_intervals"": 0, ""filled_by_median"": 0, ""sqft"": 67000.0, ""weekday_hours"": 9.25, ""timezone"": ""EST -> America/New_York clock time"", ""tz_missing_filled"": 4}",216015.85626458967,38438.19280700684,12060.809129403493,13066.633768352951,1005.8246389494598,0.6699957681605,275784.27000627527,122994.97132873537,42243.33955176267,43182.19461129434,938.8550595316719,1.8381036547502054
cs-65789,"NREL ComStock MA (simulated, AMY2018)",PrimarySchool · Middlesex County,PrimarySchool,Municipal/other,2018,2018-01-01,35040,307.7809143066406,49.713215667179455,435.4850789273381,0.1615214373482899,"{""missing_intervals"": 0, ""filled_by_median"": 0, ""sqft"": 46000.0, ""weekday_hours"": 9.5, ""timezone"": ""EST -> America/New_York clock time"", ""tz_missing_filled"": 4}",118076.34419454237,22995.138675231938,9598.790050555526,10506.992714974407,908.2026644188818,0.9755169961638287,154554.20389554492,73580.10914459228,34204.54122266912,34482.20268449753,877.661461828422,2.655731674237953
cs-66109,"NREL ComStock MA (simulated, AMY2018)",LargeOffice · Middlesex County,LargeOffice,National Grid,2018,2018-01-01,35040,779.3643798828125,228.7385408307864,2003.734398607254,0.2934937068398996,"{""missing_intervals"": 0, ""filled_by_median"": 0, ""sqft"": 175000.0, ""weekday_hours"": 8.5, ""timezone"": ""EST -> America/New_York clock time"", ""tz_missing_filled"": 4}",495161.9117793916,73298.24341430662,12400.617373121699,12695.560217124566,294.94284400286415,0.3005227278946249,600201.2302003024,234540.56210327148,40367.9681698661,40623.399563749204,255.4313938831001,0.8070886790364148
cs-66110,"NREL ComStock MA (simulated, AMY2018)",LargeOffice · Suffolk County,LargeOffice,Eversource,2018,2018-01-01,35040,429.87884521484375,162.06195321551198,1419.6776350011826,0.37699448349108,"{""missing_intervals"": 0, ""filled_by_median"": 0, ""sqft"": 175000.0, ""weekday_hours"": 13.75, ""timezone"": ""EST -> America/New_York clock time"", ""tz_missing_filled"": 4}",344162.46404961275,44521.068868408205,13396.470904885868,14520.876385460393,1124.4054805745363,0.4670981517480546,401537.8793695496,141906.50759277344,48247.26127507092,48641.804885361846,994.5436102909225,1.4418742665321669
cs-66112,"NREL ComStock MA (simulated, AMY2018)",LargeOffice · Middlesex County,LargeOffice,Eversource,2018,2018-01-01,35040,308.3890686035156,128.75506997347966,1127.8930884227752,0.4175085406124277,"{""missing_intervals"": 0, ""filled_by_median"": 0, ""sqft"": 67000.0, ""weekday_hours"": 8.5, ""timezone"": ""EST -> America/New_York clock time"", ""tz_missing_filled"": 4}",268544.71450707415,29608.73523864746,7870.51910712087,8612.231071854609,741.7119647337404,0.35169647430525947,301409.044261243,94742.37147521973,28104.223066108396,28240.15872439461,735.9356582862165,1.1189135933857126
cs-66114,"NREL ComStock MA (simulated, AMY2018)",LargeOffice · Worcester County,LargeOffice,National Grid,2018,2018-01-01,35040,744.2936401367188,359.48350806780604,3149.087385974884,0.4829861343458111,"{""missing_intervals"": 0, ""filled_by_median"": 0, ""sqft"": 175000.0, ""weekday_hours"": 8.0, ""timezone"": ""EST -> America/New_York clock time"", ""tz_missing_filled"": 4}",733662.4714236801,74480.94207000732,12863.865116145775,13184.719979674146,320.8548635283805,0.2104051759580937,811896.6559443929,238324.974861145,42695.17593738735,42998.26504497672,303.0891075893742,0.6310435047336107
cs-66115,"NREL ComStock MA (simulated, AMY2018)",LargeOffice · Middlesex County,LargeOffice,Eversource,2018,2018-01-01,35040,493.8776550292969,199.65402641840723,1748.9738715457916,0.4042580675300317,"{""missing_intervals"": 0, ""filled_by_median"": 0, ""sqft"": 175000.0, ""weekday_hours"": 9.25, ""timezone"": ""EST -> America/New_York clock time"", ""tz_missing_filled"": 4}",421085.3964103281,52587.789247131346,13697.121328623747,14507.587068994955,810.4657403712299,0.3903375831711781,487681.4045600259,168271.01271820068,45704.978116371574,46427.87724758361,722.8991312120306,1.124627128014581
cs-66116,"NREL ComStock MA (simulated, AMY2018)",LargeOffice · Middlesex County,LargeOffice,National Grid,2018,2018-01-01,35040,552.8392333984375,219.8039756541927,1925.4785995845796,0.3975911302513826,"{""missing_intervals"": 0, ""filled_by_median"": 0, ""sqft"": 175000.0, ""weekday_hours"": 11.75, ""timezone"": ""EST -> America/New_York clock time"", ""tz_missing_filled"": 4}",459365.7000129777,54215.971910400396,11990.157775652235,12538.603200032809,548.4454243805776,0.3132186258220019,524933.7878623569,173480.89032592773,41261.463250370594,41773.68122240736,512.2179720367421,0.9432381196507728
cs-66117,"NREL ComStock MA (simulated, AMY2018)",LargeOffice · Middlesex County,LargeOffice,Municipal/other,2018,2018-01-01,35040,468.69921875,118.48600139643776,1037.9315174430608,0.2527975227106942,"{""missing_intervals"": 0, ""filled_by_median"": 0, ""sqft"": 125000.0, ""weekday_hours"": 13.0, ""timezone"": ""EST -> America/New_York clock time"", ""tz_missing_filled"": 4}",263106.2800433388,42345.428596496575,9667.514905786209,10055.03628285177,387.52137706557005,0.44092516092860023,325834.1605170516,135497.38933563232,31888.199497622838,32239.62778255579,351.42828493294473,1.1743961816779758
cs-67372,"NREL ComStock MA (simulated, AMY2018)",PrimarySchool · Worcester County,PrimarySchool,National Grid,2018,2018-01-01,35040,495.8631591796875,84.84861033828291,743.2682377862931,0.1711129547890773,"{""missing_intervals"": 0, ""filled_by_median"": 0, ""sqft"": 46000.0, ""weekday_hours"": 9.25, ""timezone"": ""EST -> America/New_York clock time"", ""tz_missing_filled"": 4}",201557.31798892628,42309.880336761475,13046.855721838503,14125.897319865006,1079.0415980265007,0.7767630082806702,272230.13934142364,135383.6416053772,45116.53053871437,46060.74579408141,944.2152553670512,1.9887524863129329
cs-67373,"NREL ComStock MA (simulated, AMY2018)",PrimarySchool · Worcester County,PrimarySchool,National Grid,2018,2018-01-01,35040,366.0985107421875,60.55310969831056,530.4429839743972,0.1654011363650507,"{""missing_intervals"": 0, ""filled_by_median"": 0, ""sqft"": 58000.0, ""weekday_hours"": 8.75, ""timezone"": ""EST -> America/New_York clock time"", ""tz_missing_filled"": 4}",143694.82743873313,28714.00233779907,9031.604008416582,10145.826606906596,1114.2225984900115,0.75423207663622,190091.11944188224,91879.39485092164,32223.712093857117,32674.3254651711,1050.6133713139816,2.0342062599326685
cs-67375,"NREL ComStock MA (simulated, AMY2018)",PrimarySchool · Middlesex County,PrimarySchool,Municipal/other,2018,2018-01-01,35040,497.4696960449219,87.42878579151684,765.8743048505783,0.1757469580290212,"{""missing_intervals"": 0, ""filled_by_median"": 0, ""sqft"": 90000.0, ""weekday_hours"": 11.0, ""timezone"": ""EST -> America/New_York clock time"", ""tz_missing_filled"": 4}",200577.90715664052,36521.70197937012,8851.229353773915,9715.46676302099,864.2374092470673,0.5295436259704266,257812.06190779863,116862.56194152834,30320.3743183774,31128.196388864122,807.8220704867235,1.4112780027749459
cs-67706,"NREL ComStock MA (simulated, AMY2018)",LargeOffice · Suffolk County,LargeOffice,Eversource,2018,2018-01-01,35040,1164.3941650390625,420.2784521795299,3681.631918411255,0.3609417367403508,"{""missing_intervals"": 0, ""filled_by_median"": 0, ""sqft"": 300000.0, ""weekday_hours"": 9.25, ""timezone"": ""EST -> America/New_York clock time"", ""tz_missing_filled"": 4}",891574.0798310044,120240.59147460936,15559.944139292827,16240.34063050551,680.3964912126903,0.209426601664896,1057515.1986328203,384747.22719726566,53081.89186396601,53692.38524546279,610.4933814967517,0.602339052139485
cs-67707,"NREL ComStock MA (simulated, AMY2018)",LargeOffice · Suffolk County,LargeOffice,Eversource,2018,2018-01-01,35040,1625.06298828125,589.6740271202506,5165.444798206329,0.362862259107827,"{""missing_intervals"": 0, ""filled_by_median"": 0, ""sqft"": 500000.0, ""weekday_hours"": 8.5, ""timezone"": ""EST -> America/New_York clock time"", ""tz_missing_filled"": 4}",1237071.073844664,158004.96833374025,23094.03011717662,23667.91700349019,573.8868863135867,0.22401975704179933,1447727.4035219552,505586.11450805666,75532.93327416852,76032.6107445191,499.6774703505944,0.6260813997752558
cs-67708,"NREL ComStock MA (simulated, AMY2018)",LargeOffice · Suffolk County,LargeOffice,Eversource,2018,2018-01-01,35040,1178.339599609375,550.4968541667886,4822.335654266358,0.4671801358023449,"{""missing_intervals"": 0, ""filled_by_median"": 0, ""sqft"": 300000.0, ""weekday_hours"": 12.5, ""timezone"": ""EST -> America/New_York clock time"", ""tz_missing_filled"": 4}",1132215.0520348137,123621.3905236816,13304.072293198682,13724.244126833273,420.17183363455115,0.14100578086421275,1275073.332271008,395231.69338378904,43640.04865444811,44007.391833826725,367.34317937862943,0.4107062477109925
cs-67709,"NREL ComStock MA (simulated, AMY2018)",LargeOffice · Suffolk County,LargeOffice,Eversource,2018,2018-01-01,35040,2115.1689453125,483.89368042445074,4238.806986495972,0.2287730639658002,"{""missing_intervals"": 0, ""filled_by_median"": 0, ""sqft"": 300000.0, ""weekday_hours"": 9.75, ""timezone"": ""EST -> America/New_York clock time"", ""tz_missing_filled"": 4}",1015015.2666567585,129449.38309387205,23485.382631471424,23658.656973471785,173.27434200030984,0.2776555199075247,1188142.710021934,414213.62450866704,75550.01297815023,75703.24262482257,153.22964667233464,0.7630397830922737
cs-67710,"NREL ComStock MA (simulated, AMY2018)",LargeOffice · Suffolk County,LargeOffice,Eversource,2018,2018-01-01,35040,1721.5142822265625,482.6240584506291,4227.706774953842,0.2803485648846407,"{""missing_intervals"": 0, ""filled_by_median"": 0, ""sqft"": 300000.0, ""weekday_hours"": 17.0, ""timezone"": ""EST -> America/New_York clock time"", ""tz_missing_filled"": 4}",1061887.8648494924,176269.51669860838,23585.727721013565,23809.591495105182,223.86377409163833,0.2665335408953733,1335939.3554780006,564029.2263824464,75991.22509802699,76186.20464267867,194.97954465168732,0.6825868984524728
cs-67711,"NREL ComStock MA (simulated, AMY2018)",LargeOffice · Suffolk County,LargeOffice,Eversource,2018,2018-01-01,35040,1036.75048828125,398.00177770423016,3486.4193922920226,0.3838935039847891,"{""missing_intervals"": 0, ""filled_by_median"": 0, ""sqft"": 300000.0, ""weekday_hours"": 17.75, ""timezone"": ""EST -> America/New_York clock time"", ""tz_missing_filled"": 4}",835504.4024924472,104996.14943237304,16844.745657786618,17121.318511150843,276.57285336421046,0.24193403085660786,973311.4275712308,335967.8862609863,57115.667202444936,54841.51702626594,245.84982382098678,0.7041816082850623
cs-67712,"NREL ComStock MA (simulated, AMY2018)",LargeOffice · Suffolk County,LargeOffice,Eversource,2018,2018-01-01,35040,2645.165283203125,804.6164301519525,7048.419842121124,0.3041838010128477,"{""missing_intervals"": 0, ""filled_by_median"": 0, ""sqft"": 800000.0, ""weekday_hours"": 12.5, ""timezone"": ""EST -> America/New_York clock time"", ""tz_missing_filled"": 4}",1759153.4884237815,283295.0144873047,22645.26171489242,22988.35087907686,343.0891641844355,0.15447380934462604,2190433.9450022723,906490.6448486329,73261.26159140735,73558.38947640522,297.12788499792805,0.40135204309754996
cs-67713,"NREL ComStock MA (simulated, AMY2018)",LargeOffice · Suffolk County,LargeOffice,Eversource,2018,2018-01-01,35040,1630.4603271484375,670.5660468105856,5874.072247695923,0.4112740651490486,"{""missing_intervals"": 0, ""filled_by_median"": 0, ""sqft"": 500000.0, ""weekday_hours"": 13.5, ""timezone"": ""EST -> America/New_York clock time"", ""tz_missing_filled"": 4}",1380684.9456712839,154564.738001709,20807.722490069413,21353.854029343624,546.1315392742545,0.1808469561891495,1563797.2131271772,493021.2079040528,69880.18378186498,70368.44311636692,488.25933450197044,0.5362346206676498
cs-67714,"NREL ComStock MA (simulated, AMY2018)",LargeOffice · Hampden County,LargeOffice,National Grid,2018,2018-01-01,35040,964.206787109375,246.8584324880822,2162.4431856694223,0.2560222929234367,"{""missing_intervals"": 0, ""filled_by_median"": 0, ""sqft"": 300000.0, ""weekday_hours"": 7.75, ""timezone"": ""EST -> America/New_York clock time"", ""tz_missing_filled"": 4}",548026.9836704904,93522.46020385742,21175.22077723586,21950.010406472476,774.7896292366204,0.46366813477858493,693729.2140825363,299254.243536377,69564.89926413505,70235.89569271826,670.9964285831884,1.2033207975443614
cs-67715,"NREL ComStock MA (simulated, AMY2018)",LargeOffice · Norfolk County,LargeOffice,Municipal/other,2018,2018-01-01,35040,1074.332763671875,317.4500775748736,2780.869311395645,0.295485801335786,"{""missing_intervals"": 0, ""filled_by_median"": 0, ""sqft"": 300000.0, ""weekday_hours"": 11.75, ""timezone"": ""EST -> America/New_York clock time"", ""tz_missing_filled"": 4}",693724.0730144173,110197.46297424316,19504.599757348224,20556.857676281696,1052.2579189334792,0.337389469665001,857740.1337932678,348490.1315734864,68402.4844620974,66815.47112604917,932.986663951735,0.9569679454255372
cs-67716,"NREL ComStock MA (simulated, AMY2018)",LargeOffice · Suffolk County,LargeOffice,Eversource,2018,2018-01-01,35040,981.9508666992188,247.14149259737093,2164.9197896823885,0.2516841737999838,"{""missing_intervals"": 0, ""filled_by_median"": 0, ""sqft"": 300000.0, ""weekday_hours"": 9.0, ""timezone"": ""EST -> America/New_York clock time"", ""tz_missing_filled"": 4}",557697.1336969684,101811.18984619141,19232.75947586279,20041.006061662563,808.2465857997704,0.41383234692355036,720701.7094791086,325776.6159545899,63427.47025095535,64127.441639344404,699.9713883890654,1.0560952374617998
cs-69197,"NREL ComStock MA (simulated, AMY2018)",PrimarySchool · Norfolk County,PrimarySchool,National Grid,2018,2018-01-01,35040,376.917724609375,68.1621564615705,597.0730771200955,0.1808409422300622,"{""missing_intervals"": 0, ""filled_by_median"": 0, ""sqft"": 35000.0, ""weekday_hours"": 8.25, ""timezone"": ""EST -> America/New_York clock time"", ""tz_missing_filled"": 4}",158197.45886950652,29666.080332946774,14140.706614130506,14904.698591365066,763.9919772345611,1.0726372002570423,204995.69295240077,94684.04089317324,47626.92323311127,47745.61025146111,718.6870183498277,2.7879760328917778
cs-69198,"NREL ComStock MA (simulated, AMY2018)",PrimarySchool · Worcester County,PrimarySchool,National Grid,2018,2018-01-01,35040,444.181640625,78.29341250802965,685.7858179078698,0.1762644048003974,"{""missing_intervals"": 0, ""filled_by_median"": 0, ""sqft"": 46000.0, ""weekday_hours"": 10.25, ""timezone"": ""EST -> America/New_York clock time"", ""tz_missing_filled"": 4}",183635.65056345693,36507.3191607666,16773.0302976061,17394.546397872913,621.5161002668174,1.0960636616783752,243238.94342500254,116816.53963317872,55855.17753437489,55820.27131950546,565.0937851305707,2.755570802005064
cs-69199,"NREL ComStock MA (simulated, AMY2018)",PrimarySchool · Plymouth County,PrimarySchool,National Grid,2018,2018-01-01,35040,380.2805480957031,92.9388120712891,814.1126148000956,0.2443953879226547,"{""missing_intervals"": 0, ""filled_by_median"": 0, ""sqft"": 35000.0, ""weekday_hours"": 10.5, ""timezone"": ""EST -> America/New_York clock time"", ""tz_missing_filled"": 4}",202460.19604407484,28870.94359405517,11460.279011261131,12126.124344726402,665.8453334652731,0.6792611625506637,242093.13647173025,92381.57728729249,38908.3385476596,38903.662377232,595.3238295724032,1.9285968589466236
cs-69201,"NREL ComStock MA (simulated, AMY2018)",PrimarySchool · Worcester County,PrimarySchool,National Grid,2018,2018-01-01,35040,407.5124816894531,82.33054526279506,721.1948832767009,0.2020319596628587,"{""missing_intervals"": 0, ""filled_by_median"": 0, ""sqft"": 67000.0, ""weekday_hours"": 10.0, ""timezone"": ""EST -> America/New_York clock time"", ""tz_missing_filled"": 4}",197749.53421902278,43045.5951826477,17052.738050812106,17734.591145351034,681.8530945389266,1.034808286238989,270580.05403134803,137737.79042892458,56267.91431988415,56877.95097537097,610.0366554868169,2.495435128268482
cs-69203,"NREL ComStock MA (simulated, AMY2018)",PrimarySchool · Worcester County,PrimarySchool,Municipal/other,2018,2018-01-01,35040,1131.9075927734375,233.7616029286068,2047.6310031505675,0.2065200414071226,"{""missing_intervals"": 0, ""filled_by_median"": 0, ""sqft"": 75000.0, ""weekday_hours"": 13.25, ""timezone"": ""EST -> America/New_York clock time"", ""tz_missing_filled"": 4}",504698.9416350442,73831.07374176025,17361.436867373646,17831.85558857229,470.41872119863547,0.4127950847955923,609893.8742214119,236245.51871185304,57054.08391562709,57466.354674462564,412.2707588354642,1.1225707224253487
cs-69204,"NREL ComStock MA (simulated, AMY2018)",PrimarySchool · Bristol County,PrimarySchool,National Grid,2018,2018-01-01,35040,346.1923522949219,67.77556367379073,593.674016281724,0.1957742949100522,"{""missing_intervals"": 0, ""filled_by_median"": 0, ""sqft"": 46000.0, ""weekday_hours"": 8.0, ""timezone"": ""EST -> America/New_York clock time"", ""tz_missing_filled"": 4}",161333.44362953285,33427.763584747314,14776.26875061774,15348.725917485302,572.4571668675644,1.0990605606521282,216659.43341613715,106962.54229049683,49658.484798877274,49596.24123762939,537.7564387521224,2.7504079014274003
cs-69421,"NREL ComStock MA (simulated, AMY2018)",SecondarySchool · Norfolk County,SecondarySchool,Eversource,2018,2018-01-01,35040,562.062744140625,63.0491139074847,552.2575529793501,0.112174511768939,"{""missing_intervals"": 0, ""filled_by_median"": 0, ""sqft"": 21000.0, ""weekday_hours"": 9.5, ""timezone"": ""EST -> America/New_York clock time"", ""tz_missing_filled"": 4}",148257.23231212707,29106.71634407043,13633.096210734038,14444.79168165386,811.6954709198253,1.1034682893876375,195316.88311704574,93136.00564384462,44960.38000003377,45700.92728337361,740.5472833398412,2.7623037567985835
cs-69424,"NREL ComStock MA (simulated, AMY2018)",SecondarySchool · Bristol County,SecondarySchool,National Grid,2018,2018-01-01,35040,1115.7744140625,118.1724025177629,1035.0807577018738,0.1059106581298103,"{""missing_intervals"": 0, ""filled_by_median"": 0, ""sqft"": 58000.0, ""weekday_hours"": 9.5, ""timezone"": ""EST -> America/New_York clock time"", ""tz_missing_filled"": 4}",278805.43766215,59101.517501831055,19999.309477233648,20501.17745380698,501.86797657334137,0.8607856279245895,378951.80065272853,189113.7152862549,64943.67857856156,65390.06138775016,446.382809188618,2.056525768185784
cs-69426,"NREL ComStock MA (simulated, AMY2018)",SecondarySchool · Hampden County,SecondarySchool,National Grid,2018,2018-01-01,35040,1563.319091796875,203.41832991564928,1781.8387335399389,0.1301195200538623,"{""missing_intervals"": 0, ""filled_by_median"": 0, ""sqft"": 90000.0, ""weekday_hours"": 12.0, ""timezone"": ""EST -> America/New_York clock time"", ""tz_missing_filled"": 4}",461539.8211434688,86585.21460479735,20867.761797232008,21284.962713325654,417.20091609367046,0.5425602084482839,604972.7631031771,277056.36529998784,67965.14511056094,68327.80017532167,362.6550647607273,1.3481296862742154
cs-69427,"NREL ComStock MA (simulated, AMY2018)",SecondarySchool · Middlesex County,SecondarySchool,Municipal/other,2018,2018-01-01,35040,1459.9873046875,118.14053168601642,1034.844123845577,0.0809188760112565,"{""missing_intervals"": 0, ""filled_by_median"": 0, ""sqft"": 67000.0, ""weekday_hours"": 7.5, ""timezone"": ""EST -> America/New_York clock time"", ""tz_missing_filled"": 4}",312773.96810589364,92688.20945129395,23437.03349869713,23795.798875046952,358.76537634982014,0.8991937650295329,488892.20266621216,296584.7983856201,75830.60160596168,76142.07085842075,311.4692524590482,1.8612839687541798
cs-69429,"NREL ComStock MA (simulated, AMY2018)",SecondarySchool · Worcester County,SecondarySchool,National Grid,2018,2018-01-01,35040,693.7828979492188,56.97156666896251,499.02677991849185,0.082117283140543,"{""missing_intervals"": 0, ""filled_by_median"": 0, ""sqft"": 21000.0, ""weekday_hours"": 6.25, ""timezone"": ""EST -> America/New_York clock time"", ""tz_missing_filled"": 4}",133879.74234315005,26055.765885620116,16918.57688736062,17850.514892761596,931.938005400973,1.516457375066909,177947.8711033926,85431.52626602173,44184.92370056156,44124.08259086406,539.1588903025022,2.9796315129764426
cs-69430,"NREL ComStock MA (simulated, AMY2018)",SecondarySchool · Bristol County,SecondarySchool,Municipal/other,2018,2018-01-01,35040,1951.301025390625,193.99888193366465,1699.3329552830455,0.0994202736580987,"{""missing_intervals"": 0, ""filled_by_median"": 0, ""sqft"": 90000.0, ""weekday_hours"": 8.25, ""timezone"": ""EST -> America/New_York clock time"", ""tz_missing_filled"": 4}",497861.4762815514,138877.13353698733,25565.941531858985,25735.480862146927,169.53933028794563,0.6162181911998564,757318.2140301315,444380.6487823487,82201.86026395278,82348.68758434386,146.8273203910594,1.3025202680892956
cs-69431,"NREL ComStock MA (simulated, AMY2018)",SecondarySchool · Worcester County,SecondarySchool,Municipal/other,2018,2018-01-01,35040,865.8804931640625,67.92937868840346,595.0222730022668,0.0784512172576828,"{""missing_intervals"": 0, ""filled_by_median"": 0, ""sqft"": 46000.0, ""weekday_hours"": 7.0, ""timezone"": ""EST -> America/New_York clock time"", ""tz_missing_filled"": 4}",184311.085614843,55991.43194869995,22598.420079370764,23148.892468982554,550.4723896117921,1.4713224657530328,289103.5159643186,179162.02777175905,73592.23542990492,74072.09230178679,479.85687188185966,3.054638827940968
cs-69432,"NREL ComStock MA (simulated, AMY2018)",SecondarySchool · Bristol County,SecondarySchool,National Grid,2018,2018-01-01,35040,606.8109741210938,60.78023334077504,532.3936329973936,0.1001633720102199,"{""missing_intervals"": 0, ""filled_by_median"": 0, ""sqft"": 21000.0, ""weekday_hours"": 9.0, ""timezone"": ""EST -> America/New_York clock time"", ""tz_missing_filled"": 4}",155844.6846667333,40618.434075241086,14782.798206744774,15368.526712887931,585.7285061431548,1.1382715994471375,228544.22965167742,129971.33240852358,48948.14883519396,49502.28393139128,554.1350961973199,2.570083641654597
cs-70385,"NREL ComStock MA (simulated, AMY2018)",MediumOffice · Middlesex County,MediumOffice,National Grid,2018,2018-01-01,35040,511.0657348632813,157.69538904804074,1381.3996832904816,0.3085618508355425,"{""missing_intervals"": 0, ""filled_by_median"": 0, ""sqft"": 125000.0, ""weekday_hours"": 9.5, ""timezone"": ""EST -> America/New_York clock time"", ""tz_missing_filled"": 4}",338349.57345608517,46298.39410766602,9639.413046483558,11033.264829673033,1393.8517831894787,0.3418741019125772,400833.7830430708,148146.13383178713,34849.98633689737,36117.84132556605,1267.8549886686924,1.0433248237407962
cs-70387,"NREL ComStock MA (simulated, AMY2018)",MediumOffice · Worcester County,MediumOffice,National Grid,2018,2018-01-01,35040,463.4374084472656,128.04857898977792,1121.7001807937622,0.27630177593734,"{""missing_intervals"": 0, ""filled_by_median"": 0, ""sqft"": 90000.0, ""weekday_hours"": 8.5, ""timezone"": ""EST -> America/New_York clock time"", ""tz_missing_filled"": 4}",281738.0333014863,43699.15068664551,10937.08152631604,12159.2006289891,1222.1191026730557,0.4658404716531402,345372.2536911471,139829.04484558105,38361.84488304441,39435.235005310155,1073.3901222657405,1.3328868595454657
cs-70388,"NREL ComStock MA (simulated, AMY2018)",MediumOffice · Norfolk County,MediumOffice,Municipal/other,2018,2018-01-01,35040,408.06060791015625,97.5913145703268,854.8928132910728,0.2391588716934267,"{""missing_intervals"": 0, ""filled_by_median"": 0, ""sqft"": 125000.0, ""weekday_hours"": 7.25, ""timezone"": ""EST -> America/New_York clock time"", ""tz_missing_filled"": 4}",220493.08722193062,37966.929653167725,12300.191074893053,13863.619209518703,1563.4281346256466,0.6694191403386358,278596.9997556354,121487.01807022098,43521.65532274092,44360.968158639014,1439.3128358980957,1.874606920860521
cs-70390,"NREL ComStock MA (simulated, AMY2018)",MediumOffice · Suffolk County,MediumOffice,Eversource,2018,2018-01-01,35040,509.2664184570313,240.42046812832623,2106.0835234069823,0.4720917370847837,"{""missing_intervals"": 0, ""filled_by_median"": 0, ""sqft"": 125000.0, ""weekday_hours"": 16.75, ""timezone"": ""EST -> America/New_York clock time"", ""tz_missing_filled"": 4}",492617.66942730476,49873.40103424072,7334.717814042124,8006.236796369309,671.518982327183,0.17867124796970774,543822.7836979416,159585.4821029663,25072.315685412002,25728.94123286243,656.625547450436,0.5532460155109217
cs-70551,"NREL ComStock MA (simulated, AMY2018)",FullServiceRestaurant · Suffolk County,FullServiceRestaurant,Eversource,2018,2018-01-01,35040,308.4140930175781,89.82477136638066,786.8328060221672,0.2912472983563078,"{""missing_intervals"": 0, ""filled_by_median"": 0, ""sqft"": 21000.0, ""weekday_hours"": 11.75, ""timezone"": ""EST -> America/New_York clock time"", ""tz_missing_filled"": 4}",196123.8382720007,27974.267782287596,10350.090568812842,11087.424681038698,737.3341122258516,0.6332788911335797,234271.98665047283,89512.38371429442,36329.61605692774,36472.689195103965,743.0731381762234,1.8608942491001539
cs-70557,"NREL ComStock MA (simulated, AMY2018)",FullServiceRestaurant · Worcester County,FullServiceRestaurant,National Grid,2018,2018-01-01,35040,354.5884704589844,100.31296800438945,878.7109550589323,0.282899688967729,"{""missing_intervals"": 0, ""filled_by_median"": 0, ""sqft"": 10000.0, ""weekday_hours"": 11.0, ""timezone"": ""EST -> America/New_York clock time"", ""tz_missing_filled"": 4}",214817.85956312955,27647.573487548827,9606.14671439979,10471.276479204433,865.1297648046457,0.5366116244116167,249904.9861503573,88467.0235534668,34746.68283030829,35067.75528510077,921.0724547924929,1.6684748887436447
cs-70984,"NREL ComStock MA (simulated, AMY2018)",PrimarySchool · Middlesex County,PrimarySchool,Eversource,2018,2018-01-01,35040,327.5068359375,64.09718189378307,561.4712953240871,0.1957125008102582,"{""missing_intervals"": 0, ""filled_by_median"": 0, ""sqft"": 58000.0, ""weekday_hours"": 11.5, ""timezone"": ""EST -> America/New_York clock time"", ""tz_missing_filled"": 4}",150067.18581062485,28820.423215179442,11808.66974795461,12403.733151722881,595.0634037682657,0.9442706359155473,196067.43971765615,92219.92159805298,40337.60457283865,40292.794160186946,555.1895873482881,2.4687997944539606
cs-70986,"NREL ComStock MA (simulated, AMY2018)",PrimarySchool · Worcester County,PrimarySchool,National Grid,2018,2018-01-01,35040,318.96502685546875,61.47709252820032,538.5311563693881,0.1927392891135277,"{""missing_intervals"": 0, ""filled_by_median"": 0, ""sqft"": 58000.0, ""weekday_hours"": 9.75, ""timezone"": ""EST -> America/New_York clock time"", ""tz_missing_filled"": 4}",145322.50777318608,28638.444618988033,11044.153968522,11943.460195270094,899.3062267481,0.911970551933439,191318.66906766634,91637.62439346315,38120.92666805892,38386.361372056985,865.4347039980539,2.3910427677861064
cs-70989,"NREL ComStock MA (simulated, AMY2018)",PrimarySchool · Plymouth County,PrimarySchool,National Grid,2018,2018-01-01,35040,387.2422790527344,75.45658077530938,660.9907366911173,0.1948562562948705,"{""missing_intervals"": 0, ""filled_by_median"": 0, ""sqft"": 75000.0, ""weekday_hours"": 11.5, ""timezone"": ""EST -> America/New_York clock time"", ""tz_missing_filled"": 4}",173200.60075788543,31177.78725936889,11204.270790144146,11816.977090001596,612.706299857442,0.7762747293797044,221674.30820032733,99763.04217300417,37968.91929510844,38530.497913354164,561.5786182457286,2.0553894370544312
cs-70992,"NREL ComStock MA (simulated, AMY2018)",PrimarySchool · Essex County,PrimarySchool,National Grid,2018,2018-01-01,35040,332.6692199707031,58.7022001166458,514.2202768393755,0.1764581650259542,"{""missing_intervals"": 0, ""filled_by_median"": 0, ""sqft"": 46000.0, ""weekday_hours"": 11.75, ""timezone"": ""EST -> America/New_York clock time"", ""tz_missing_filled"": 4}",140545.03529433426,29113.15793319702,13564.982778780353,14072.8909137487,507.90813496835017,1.1582037957048086,188425.02050645152,93156.61751480104,45476.68900355268,45366.06348256735,489.3744790146766,2.8962197619819134
cs-71187,"NREL ComStock MA (simulated, AMY2018)",Warehouse · Middlesex County,Warehouse,National Grid,2018,2018-01-01,35040,377.5165100097656,43.72193127475917,382.9694430720806,0.1158146203291299,"{""missing_intervals"": 0, ""filled_by_median"": 0, ""sqft"": 46000.0, ""weekday_hours"": 9.5, ""timezone"": ""EST -> America/New_York clock time"", ""tz_missing_filled"": 4}",103620.07337620766,19684.389044380187,9221.599569684007,10258.579617904214,1036.9800482202077,1.0679320254333722,134433.07194138234,62986.33440685272,31065.702950528263,31935.359365547298,869.6564150190443,2.77304111274708
cs-71188,"NREL ComStock MA (simulated, AMY2018)",Warehouse · Norfolk County,Warehouse,National Grid,2018,2018-01-01,35040,326.8249816894531,33.29718916820337,291.65982352674007,0.1018807956358799,"{""missing_intervals"": 0, ""filled_by_median"": 0, ""sqft"": 35000.0, ""weekday_hours"": 9.75, ""timezone"": ""EST -> America/New_York clock time"", ""tz_missing_filled"": 4}",80587.0886623909,15638.637920799254,8502.059541498757,9633.449406949176,1131.3898654504187,1.2660181201656795,104909.97688860695,50040.69344120026,28822.505700678077,29021.550950369052,799.0452496909688,3.296827229076416
cs-71473,"NREL ComStock MA (simulated, AMY2018)",Outpatient · Norfolk County,Outpatient,Eversource,2018,2018-01-01,35040,562.0870971679688,149.47961330740418,1309.4322651252746,0.2659367454982428,"{""missing_intervals"": 0, ""filled_by_median"": 0, ""sqft"": 75000.0, ""weekday_hours"": 10.0, ""timezone"": ""EST -> America/New_York clock time"", ""tz_missing_filled"": 4}",326271.69470886514,49192.38137298583,11131.1010117109,11636.35449235936,505.2534806484582,0.4093925838700757,397029.24718447105,157406.34756011964,36828.488431579426,37267.21491090293,438.72647932349173,1.1131216763323593
cs-71474,"NREL ComStock MA (simulated, AMY2018)",Outpatient · Suffolk County,Outpatient,Eversource,2018,2018-01-01,35040,414.3451843261719,111.05070230225994,972.7903374552728,0.2680149462406712,"{""missing_intervals"": 0, ""filled_by_median"": 0, ""sqft"": 58000.0, ""weekday_hours"": 8.75, ""timezone"": ""EST -> America/New_York clock time"", ""tz_missing_filled"": 4}",244731.88076700747,38066.22112731933,14368.579934954883,15762.83749006023,1394.2575551053524,0.7045382018847423,300317.8698139431,121804.73207092287,52462.22663231158,53093.169894996354,1230.943262684772,2.0962679309684904
cs-71475,"NREL ComStock MA (simulated, AMY2018)",Outpatient · Norfolk County,Outpatient,Municipal/other,2018,2018-01-01,35040,331.2806396484375,86.15215063214846,754.6900627698898,0.2600579095825674,"{""missing_intervals"": 0, ""filled_by_median"": 0, ""sqft"": 58000.0, ""weekday_hours"": 9.75, ""timezone"": ""EST -> America/New_York clock time"", ""tz_missing_filled"": 4}",191947.03691706745,30505.18731048584,10277.281051351743,11568.3619415255,1291.0808901737473,0.6425073009566993,236530.2402838839,97610.84912261963,37914.669294802385,38462.852546291375,1148.1832514889975,1.923542761346565
cs-71477,"NREL ComStock MA (simulated, AMY2018)",Outpatient · Bristol County,Outpatient,National Grid,2018,2018-01-01,35040,385.2161254882813,108.44901759025711,950.0123924884796,0.281527720192898,"{""missing_intervals"": 0, ""filled_by_median"": 0, ""sqft"": 58000.0, ""weekday_hours"": 8.75, ""timezone"": ""EST -> America/New_York clock time"", ""tz_missing_filled"": 4}",235965.02245230245,33835.66236022949,9896.946246541542,10710.193625910815,813.2473793692752,0.5033091503318257,282643.6729118201,108267.74148254395,35085.894571985504,35283.654972847806,797.7604008622911,1.4896166983903447
cs-71478,"NREL ComStock MA (simulated, AMY2018)",Outpatient · Hampden County,Outpatient,Municipal/other,2018,2018-01-01,35040,594.6179809570312,156.58810732549728,1371.7033674659729,0.2633423682773104,"{""missing_intervals"": 0, ""filled_by_median"": 0, ""sqft"": 90000.0, ""weekday_hours"": 9.5, ""timezone"": ""EST -> America/New_York clock time"", ""tz_missing_filled"": 4}",345148.19035442296,55094.66498962402,13132.61577120507,13711.885635969493,579.2698647644283,0.45659051288269736,427219.389260262,176292.54254455568,43723.068640197314,44230.674267042246,507.60562684495017,1.2281203448908418
cs-71479,"NREL ComStock MA (simulated, AMY2018)",Outpatient · Hampden County,Outpatient,Municipal/other,2018,2018-01-01,35040,373.1797180175781,91.15571574092456,798.5102393965722,0.2442676044270733,"{""missing_intervals"": 0, ""filled_by_median"": 0, ""sqft"": 46000.0, ""weekday_hours"": 7.75, ""timezone"": ""EST -> America/New_York clock time"", ""tz_missing_filled"": 4}",204059.85238610877,33393.919925384514,10734.821842078374,11706.971975373752,972.1501332953831,0.6312748960594156,253730.32336733583,106854.24896011355,37416.024881050136,37683.6979716583,867.6730906081684,1.7695649956768353
cs-71480,"NREL ComStock MA (simulated, AMY2018)",Outpatient · Hampden County,Outpatient,Municipal/other,2018,2018-01-01,35040,371.0094299316406,88.32864664357547,773.7573874583244,0.2380765541723568,"{""missing_intervals"": 0, ""filled_by_median"": 0, ""sqft"": 58000.0, ""weekday_hours"": 7.0, ""timezone"": ""EST -> America/New_York clock time"", ""tz_missing_filled"": 4}",200417.8446081307,34935.07520339966,12418.61063127612,13693.984183414213,1275.3735521380931,0.743563168572604,254166.1165526376,111785.65533981324,43442.74584230542,43955.58617464684,1112.8403323414313,2.0510717839909303
cs-71481,"NREL ComStock MA (simulated, AMY2018)",Outpatient · Suffolk County,Outpatient,Eversource,2018,2018-01-01,35040,839.7190551757812,250.3079425350172,2192.667514371872,0.2980853429396328,"{""missing_intervals"": 0, ""filled_by_median"": 0, ""sqft"": 125000.0, ""weekday_hours"": 8.5, ""timezone"": ""EST -> America/New_York clock time"", ""tz_missing_filled"": 4}",540737.7271792989,79614.22701690673,14439.366649807838,14896.555186233596,457.18853642574686,0.32043704570337855,654710.9101411769,254750.51905975345,47270.226419674604,47666.168574234754,395.94215456019083,0.8664018091798399
cs-71482,"NREL ComStock MA (simulated, AMY2018)",Outpatient · Plymouth County,Outpatient,National Grid,2018,2018-01-01,35040,485.1575927734375,157.07854321514634,1376.007469434738,0.3237680818663391,"{""missing_intervals"": 0, ""filled_by_median"": 0, ""sqft"": 67000.0, ""weekday_hours"": 11.0, ""timezone"": ""EST -> America/New_York clock time"", ""tz_missing_filled"": 4}",336824.2266738083,45851.95799118042,9831.968172955141,10281.996180737728,450.02800778257733,0.35028245812532044,398424.3616535191,146717.62241287233,32501.16902717422,32900.44960754439,399.28058037015944,0.9788910163712773
cs-71483,"NREL ComStock MA (simulated, AMY2018)",Outpatient · Essex County,Outpatient,National Grid,2018,2018-01-01,35040,422.8101501464844,90.13588805585148,789.5846106858254,0.2131828860414621,"{""missing_intervals"": 0, ""filled_by_median"": 0, ""sqft"": 58000.0, ""weekday_hours"": 8.5, ""timezone"": ""EST -> America/New_York clock time"", ""tz_missing_filled"": 4}",204516.57728400474,35690.68768478393,10828.247165629838,12098.035240707253,1269.7880750774111,0.6353468638736142,259457.81441312353,114203.47284622194,38256.427920525275,39401.019174398345,1144.5912538730809,1.7693710096367903
cs-71484,"NREL ComStock MA (simulated, AMY2018)",Outpatient · Hampshire County,Outpatient,National Grid,2018,2018-01-01,35040,703.1495971679688,218.71804419913792,1915.9693862762451,0.3110547813439057,"{""missing_intervals"": 0, ""filled_by_median"": 0, ""sqft"": 90000.0, ""weekday_hours"": 10.25, ""timezone"": ""EST -> America/New_York clock time"", ""tz_missing_filled"": 4}",471482.78681625304,68156.60756072999,13271.680886653554,13666.981195777596,395.30030912403527,0.3377857582357715,567814.3428734465,218088.29657745358,43631.88219042922,43979.62462544807,347.7424350188594,0.9221017271869897
cs-71545,"NREL ComStock MA (simulated, AMY2018)",Grocery · Middlesex County,Grocery,Municipal/other,2018,2018-01-01,35040,470.486083984375,252.29276123242835,2210.093673707962,0.536238519736552,"{""missing_intervals"": 0, ""filled_by_median"": 0, ""sqft"": 46000.0, ""weekday_hours"": 13.25, ""timezone"": ""EST -> America/New_York clock time"", ""tz_missing_filled"": 4}",512831.6024847735,48699.14945129394,8569.609495610122,9543.685905550432,974.076409940295,0.20052452588542408,558944.7537171592,155828.0983856201,32763.70998231253,33792.96550621335,1029.2555239008252,0.7034049736992469
cs-71546,"NREL ComStock MA (simulated, AMY2018)",Grocery · Worcester County,Grocery,Municipal/other,2018,2018-01-01,35040,477.99310302734375,270.9478428143889,2373.510393684387,0.566844670139287,"{""missing_intervals"": 0, ""filled_by_median"": 0, ""sqft"": 46000.0, ""weekday_hours"": 16.75, ""timezone"": ""EST -> America/New_York clock time"", ""tz_missing_filled"": 4}",546762.3344816267,48701.32727294922,7843.027944321206,8729.96734987253,886.9394055513185,0.17213390425125769,588617.0853017956,155835.06700439454,28394.968446584804,29314.991327981625,920.0228813968351,0.5788816360712903
cs-71547,"NREL ComStock MA (simulated, AMY2018)",Grocery · Essex County,Grocery,National Grid,2018,2018-01-01,35040,842.4312744140625,407.3397594216752,3568.290023937225,0.4835287717742825,"{""missing_intervals"": 0, ""filled_by_median"": 0, ""sqft"": 75000.0, ""weekday_hours"": 15.0, ""timezone"": ""EST -> America/New_York clock time"", ""tz_missing_filled"": 4}",830678.8424524263,83562.21520507813,10175.781791234309,10937.94557974895,762.1637885146483,0.14699950841929024,917056.1630442211,267383.33706054685,34699.073978578905,35418.000222185285,718.9262436063946,0.4540494950284395
cs-71548,"NREL ComStock MA (simulated, AMY2018)",Grocery · Middlesex County,Grocery,National Grid,2018,2018-01-01,35040,498.24652099609375,300.69992227336587,2634.136254486084,0.6035163510468814,"{""missing_intervals"": 0, ""filled_by_median"": 0, ""sqft"": 58000.0, ""weekday_hours"": 18.25, ""timezone"": ""EST -> America/New_York clock time"", ""tz_missing_filled"": 4}",604996.1150227899,52682.53485046387,7792.982930023769,8837.51781020806,1044.5348801842847,0.15457255482832735,648668.0391480734,168574.18078918458,29214.588768721733,30313.538529454665,1098.9497607329322,0.5404537360667372
cs-71549,"NREL ComStock MA (simulated, AMY2018)",Grocery · Barnstable County,Grocery,Eversource,2018,2018-01-01,35040,387.3818664550781,225.5130568759082,1975.4790891265868,0.5821466527062111,"{""missing_intervals"": 0, ""filled_by_median"": 0, ""sqft"": 75000.0, ""weekday_hours"": 16.75, ""timezone"": ""EST -> America/New_York clock time"", ""tz_missing_filled"": 4}",455131.314343217,39850.906956939696,6580.325555603402,7549.537028070767,969.2114724673847,0.17349697588088547,488046.88479053456,127515.39030990601,24120.702293905015,25117.760794863294,997.0585009582865,0.5930750437042313
cs-71550,"NREL ComStock MA (simulated, AMY2018)",Grocery · Bristol County,Grocery,National Grid,2018,2018-01-01,35040,864.9293823242188,497.88632410606834,4361.461454669952,0.5756381206153032,"{""missing_intervals"": 0, ""filled_by_median"": 0, ""sqft"": 90000.0, ""weekday_hours"": 13.5, ""timezone"": ""EST -> America/New_York clock time"", ""tz_missing_filled"": 4}",1003674.1427095633,91624.71625671386,9262.396572613317,9567.099809233307,304.70323661998555,0.11074187740983113,1086842.047308112,293181.8206329346,31436.401007308858,31751.686829501134,315.28582219225063,0.34709442188222805
cs-71551,"NREL ComStock MA (simulated, AMY2018)",Grocery · Norfolk County,Grocery,Municipal/other,2018,2018-01-01,35040,399.4732971191406,225.06505657548777,1971.559679948807,0.5634045083828554,"{""missing_intervals"": 0, ""filled_by_median"": 0, ""sqft"": 58000.0, ""weekday_hours"": 15.75, ""timezone"": ""EST -> America/New_York clock time"", ""tz_missing_filled"": 4}",453746.35030031,39299.87922317504,6124.60401142931,7172.080646303402,1047.4766348740995,0.16197430147594402,485571.288579865,125752.20543136598,22478.542348048366,23536.854439942566,1058.3120918942113,0.5555157698172142
cs-71552,"NREL ComStock MA (simulated, AMY2018)",Grocery · Middlesex County,Grocery,National Grid,2018,2018-01-01,35040,644.26123046875,338.166670973007,2962.327469165802,0.5248906111065608,"{""missing_intervals"": 0, ""filled_by_median"": 0, ""sqft"": 67000.0, ""weekday_hours"": 17.5, ""timezone"": ""EST -> America/New_York clock time"", ""tz_missing_filled"": 4}",685866.7652963877,65072.16321868895,9282.407255061982,10175.074668611627,892.6674135496287,0.16240601337871888,747892.2431529961,208218.65610504156,33208.44965662937,34123.56930328057,915.1196466512047,0.5328326366904585
cs-71553,"NREL ComStock MA (simulated, AMY2018)",Grocery · Hampden County,Grocery,Municipal/other,2018,2018-01-01,35040,555.593505859375,287.6876412927288,2520.141745395661,0.5178023829629584,"{""missing_intervals"": 0, ""filled_by_median"": 0, ""sqft"": 58000.0, ""weekday_hours"": 17.25, ""timezone"": ""EST -> America/New_York clock time"", ""tz_missing_filled"": 4}",582607.5496566156,53973.82929107666,8496.406210355315,9297.238302734972,800.8320923796637,0.17500094975486738,632107.7722974108,172706.0795883179,29893.07984374379,30710.796072240257,817.716228496447,0.5674933513650057
cs-71555,"NREL ComStock MA (simulated, AMY2018)",Grocery · Essex County,Grocery,National Grid,2018,2018-01-01,35040,383.39166259765625,211.58152953217564,1853.458345609665,0.5518678421398439,"{""missing_intervals"": 0, ""filled_by_median"": 0, ""sqft"": 35000.0, ""weekday_hours"": 16.75, ""timezone"": ""EST -> America/New_York clock time"", ""tz_missing_filled"": 4}",429208.41011143406,39271.32745025635,6987.708155405799,8049.590317776889,1061.8821623711046,0.19536545857314216,464038.38583042414,125660.84514007572,26527.02416041748,27635.33943197672,1108.315271559255,0.6859869778991443
cs-71556,"NREL ComStock MA (simulated, AMY2018)",Grocery · Worcester County,Grocery,National Grid,2018,2018-01-01,35040,379.1573181152344,259.55099726681294,2273.6415729255677,0.6845469805436528,"{""missing_intervals"": 0, ""filled_by_median"": 0, ""sqft"": 58000.0, ""weekday_hours"": 13.75, ""timezone"": ""EST -> America/New_York clock time"", ""tz_missing_filled"": 4}",517415.9915395528,40265.21680419922,5316.288964693726,6448.182692404125,1131.8937277103978,0.12329628117311096,543499.8263196229,128841.10372314454,20837.51286694243,22020.17791562023,1182.6650486778199,0.4600740281676906
cs-71601,"NREL ComStock MA (simulated, AMY2018)",Outpatient · Bristol County,Outpatient,National Grid,2018,2018-01-01,35040,312.49493408203125,64.89107757844882,568.4453412957191,0.2076548145302561,"{""missing_intervals"": 0, ""filled_by_median"": 0, ""sqft"": 46000.0, ""weekday_hours"": 7.5, ""timezone"": ""EST -> America/New_York clock time"", ""tz_missing_filled"": 4}",149705.8794181687,27062.952709045407,11330.643197745485,12606.89331831076,1276.250120565277,0.9082323212781208,191706.32052436567,86596.34726409914,41140.956622819765,41739.92637083658,1198.9697480168052,2.5752488395972817
cs-71604,"NREL ComStock MA (simulated, AMY2018)",Outpatient · Middlesex County,Outpatient,National Grid,2018,2018-01-01,35040,374.2578125,81.58361292554908,714.6678290686607,0.2179877351940357,"{""missing_intervals"": 0, ""filled_by_median"": 0, ""sqft"": 46000.0, ""weekday_hours"": 8.0, ""timezone"": ""EST -> America/New_York clock time"", ""tz_missing_filled"": 4}",187694.88213747466,34397.70386199951,10237.248238800426,11401.22204968974,1163.973810889318,0.6545036149447455,241720.65805091467,110066.16834259033,36273.27844780746,36733.82998981896,1060.5515420114998,1.8007535842551148
cs-71618,"NREL ComStock MA (simulated, AMY2018)",RetailStripmall · Plymouth County,RetailStripmall,National Grid,2018,2018-01-01,35040,325.1276550292969,90.08027353322124,789.0981766254902,0.2770612469895993,"{""missing_intervals"": 0, ""filled_by_median"": 0, ""sqft"": 46000.0, ""weekday_hours"": 12.75, ""timezone"": ""EST -> America/New_York clock time"", ""tz_missing_filled"": 4}",199224.09773854347,30452.97236877441,10268.785958168915,11412.375161152366,1143.5892029834504,0.6185267389678173,242609.6743490277,97443.7711517334,37797.19474514839,38368.25289405837,1171.0581489099914,1.8695311230221698
cs-71619,"NREL ComStock MA (simulated, AMY2018)",RetailStripmall · Worcester County,RetailStripmall,National Grid,2018,2018-01-01,35040,300.9302062988281,75.2528261442707,659.2149917140007,0.2500673729959283,"{""missing_intervals"": 0, ""filled_by_median"": 0, ""sqft"": 46000.0, ""weekday_hours"": 9.0, ""timezone"": ""EST -> America/New_York clock time"", ""tz_missing_filled"": 4}",168157.7491583897,26509.31570144653,7992.006282430386,9284.071258116728,1292.0649756863422,0.5703220688261681,206412.06804367382,84824.81320114135,29743.27302881045,30413.42649732199,1270.1534685115403,1.7291589572670063
cs-71622,"NREL ComStock MA (simulated, AMY2018)",RetailStripmall · Norfolk County,RetailStripmall,Municipal/other,2018,2018-01-01,35040,402.1933288574219,123.97806081450692,1086.0519360251426,0.3082548911656795,"{""missing_intervals"": 0, ""filled_by_median"": 0, ""sqft"": 46000.0, ""weekday_hours"": 12.0, ""timezone"": ""EST -> America/New_York clock time"", ""tz_missing_filled"": 4}",270309.5602576965,39686.714875640864,10625.720127707253,11562.44355367892,936.7234259716515,0.4717133993001511,326060.2660459885,126990.00660018923,38778.85593857736,39155.14718370074,976.2912451233769,1.4271787142481647
cs-71623,"NREL ComStock MA (simulated, AMY2018)",RetailStripmall · Worcester County,RetailStripmall,National Grid,2018,2018-01-01,35040,389.6962890625,106.36039322611948,931.7171917154787,0.2729315013032142,"{""missing_intervals"": 0, ""filled_by_median"": 0, ""sqft"": 58000.0, ""weekday_hours"": 6.75, ""timezone"": ""EST -> America/New_York clock time"", ""tz_missing_filled"": 4}",232916.1551627891,34619.10990203857,11236.619569833194,12656.209311446539,1419.5897416133412,0.5789183440013285,281829.22105264,110774.62593536377,39867.18878265942,40640.00784955035,1372.8190668909283,1.6975041253886034
cs-71624,"NREL ComStock MA (simulated, AMY2018)",RetailStripmall · Dukes County,RetailStripmall,Eversource,2018,2018-01-01,35040,337.3451843261719,101.7116735347874,890.9948647961617,0.3015062264426593,"{""missing_intervals"": 0, ""filled_by_median"": 0, ""sqft"": 46000.0, ""weekday_hours"": 11.0, ""timezone"": ""EST -> America/New_York clock time"", ""tz_missing_filled"": 4}",220909.55722621275,31036.79888671875,8982.732948124725,10057.26973791457,1074.5367897898432,0.48794989556344187,262974.0940047361,99311.90595703127,33978.379908685594,34490.41087310111,1112.0309644155204,1.5504970573142607
cs-71626,"NREL ComStock MA (simulated, AMY2018)",RetailStripmall · Suffolk County,RetailStripmall,Eversource,2018,2018-01-01,35040,318.6798400878906,104.0944223230288,911.8671627049446,0.3266426338557217,"{""missing_intervals"": 0, ""filled_by_median"": 0, ""sqft"": 35000.0, ""weekday_hours"": 8.75, ""timezone"": ""EST -> America/New_York clock time"", ""tz_missing_filled"": 4}",224118.26895248177,29920.184296112064,9046.457714298935,10381.426637943572,1334.968923644641,0.48437591937051727,263190.1915929817,95738.94975051882,32558.87189107389,33218.60832782133,1259.7364367474365,1.4845023681471623
cs-71628,"NREL ComStock MA (simulated, AMY2018)",RetailStripmall · Berkshire County,RetailStripmall,National Grid,2018,2018-01-01,35040,325.4285888671875,103.7468336850813,908.822052340746,0.3188006132043365,"{""missing_intervals"": 0, ""filled_by_median"": 0, ""sqft"": 46000.0, ""weekday_hours"": 15.0, ""timezone"": ""EST -> America/New_York clock time"", ""tz_missing_filled"": 4}",223088.44249247567,29370.07904434204,7379.068811961828,8535.3321206014,1156.2633086395726,0.39692251536754763,260877.22205762306,93978.71664047241,27133.3478474682,27684.756944946632,1151.4090974784322,1.2480973678020046
cs-72361,"NREL ComStock MA (simulated, AMY2018)",Warehouse · Bristol County,Warehouse,Municipal/other,2018,2018-01-01,35040,476.4599914550781,240.78397660168335,2109.2676266460417,0.5053603259873817,"{""missing_intervals"": 0, ""filled_by_median"": 0, ""sqft"": 300000.0, ""weekday_hours"": 15.5, ""timezone"": ""EST -> America/New_York clock time"", ""tz_missing_filled"": 4}",495381.56202323287,51471.939290161135,5884.895170891388,7284.812924280934,1399.917753389549,0.14255423993229832,549515.856982322,164700.50319519045,22845.931322408178,24262.002356351084,1416.0710339429024,0.49889584146744226
cs-72365,"NREL ComStock MA (simulated, AMY2018)",Warehouse · Bristol County,Warehouse,National Grid,2018,2018-01-01,35040,593.4166259765625,288.7534844838321,2529.470149131775,0.4865948674906804,"{""missing_intervals"": 0, ""filled_by_median"": 0, ""sqft"": 300000.0, ""weekday_hours"": 16.0, ""timezone"": ""EST -> America/New_York clock time"", ""tz_missing_filled"": 4}",596765.2842772679,65018.76611419677,6579.38621118787,7640.367189482726,1060.9809782948505,0.13230098434742665,669144.3949720426,208047.79543609617,24691.41080543431,25780.036997688505,1088.6261922541962,0.44279968851504947
cs-72366,"NREL ComStock MA (simulated, AMY2018)",Warehouse · Plymouth County,Warehouse,National Grid,2018,2018-01-01,35040,1679.3697509765625,676.4227682732012,5925.46378012085,0.4027837037554462,"{""missing_intervals"": 0, ""filled_by_median"": 0, ""sqft"": 1100000.0, ""weekday_hours"": 8.5, ""timezone"": ""EST -> America/New_York clock time"", ""tz_missing_filled"": 4}",1420322.8722219178,180267.9214904785,11154.059645128349,12303.17965936172,1149.1200142333691,0.09423823157346652,1656912.7481032705,576823.3680114746,38372.675378788874,39367.85574319796,995.1803644090542,0.27790968780497705
cs-72367,"NREL ComStock MA (simulated, AMY2018)",Warehouse · Bristol County,Warehouse,National Grid,2018,2018-01-01,35040,586.6469116210938,189.17684416270149,1657.1838655719755,0.3224713885221779,"{""missing_intervals"": 0, ""filled_by_median"": 0, ""sqft"": 300000.0, ""weekday_hours"": 7.0, ""timezone"": ""EST -> America/New_York clock time"", ""tz_missing_filled"": 4}",412758.872336707,62629.76828765869,8094.372780356269,9750.433775002046,1656.060994645777,0.2353249799680615,503153.00000333367,200403.4527206421,29765.340136848674,31199.550109455187,1434.209972606499,0.709891586932439
cs-72369,"NREL ComStock MA (simulated, AMY2018)",Warehouse · Worcester County,Warehouse,National Grid,2018,2018-01-01,35040,327.33514404296875,137.072350358963,1200.7532773227692,0.4187523180858629,"{""missing_intervals"": 0, ""filled_by_median"": 0, ""sqft"": 175000.0, ""weekday_hours"": 9.75, ""timezone"": ""EST -> America/New_York clock time"", ""tz_missing_filled"": 4}",287813.9773740011,33319.321115112296,5711.360196704227,7393.204995543465,1681.8447988392363,0.23812715068869258,326508.3821726277,106615.54682922365,23023.903938526943,23980.73179287403,1556.8278543470879,0.8461860777474562
cs-72370,"NREL ComStock MA (simulated, AMY2018)",Warehouse · Plymouth County,Warehouse,National Grid,2018,2018-01-01,35040,458.6361083984375,180.87188930936057,1584.4346081399915,0.3943690564202789,"{""missing_intervals"": 0, ""filled_by_median"": 0, ""sqft"": 300000.0, ""weekday_hours"": 11.25, ""timezone"": ""EST -> America/New_York clock time"", ""tz_missing_filled"": 4}",382921.20817131526,48175.1537750244,6587.59753465181,8119.070058162826,1531.4725235110163,0.20644239266176917,443694.3958165187,154151.4109954834,24745.34003752289,26092.458248978874,1347.1182114559779,0.6692536197213322
cs-72557,"NREL ComStock MA (simulated, AMY2018)",MediumOffice · Suffolk County,MediumOffice,Eversource,2018,2018-01-01,35040,372.4740905761719,92.381749695104,809.2236376774312,0.2480219484587524,"{""missing_intervals"": 0, ""filled_by_median"": 0, ""sqft"": 67000.0, ""weekday_hours"": 8.0, ""timezone"": ""EST -> America/New_York clock time"", ""tz_missing_filled"": 4}",201606.12740722293,28800.46486877441,10013.827852910517,10897.616184561055,883.7883316505413,0.596043065656451,240381.77568578697,92156.05865173339,34051.105776046665,34870.31757453801,819.2117984913348,1.6998512809335238
cs-72561,"NREL ComStock MA (simulated, AMY2018)",MediumOffice · Hampden County,MediumOffice,Municipal/other,2018,2018-01-01,35040,302.6314392089844,61.06066794771038,534.860867600441,0.2017657785566174,"{""missing_intervals"": 0, ""filled_by_median"": 0, ""sqft"": 46000.0, ""weekday_hours"": 6.75, ""timezone"": ""EST -> America/New_York clock time"", ""tz_missing_filled"": 4}",136679.9819977963,21093.91186477661,10310.303968332017,11381.335207620454,1071.0312392884343,0.9052067889647439,165915.38687539625,67496.54173507691,36207.07637764505,36196.672234447324,985.5958568022725,2.6187138198221613
cs-72562,"NREL ComStock MA (simulated, AMY2018)",MediumOffice · Middlesex County,MediumOffice,Eversource,2018,2018-01-01,35040,358.9820251464844,102.37984912199516,896.8315372772216,0.2851949177127143,"{""missing_intervals"": 0, ""filled_by_median"": 0, ""sqft"": 90000.0, ""weekday_hours"": 9.0, ""timezone"": ""EST -> America/New_York clock time"", ""tz_missing_filled"": 4}",225223.98279713193,34088.203543701165,10135.580416960634,11609.457217042314,1473.8768000816835,0.5400267036085663,273800.5484026575,109075.8256652832,37196.90827794939,37935.97648610292,1339.0682081535306,1.6302483758321804
cs-72563,"NREL ComStock MA (simulated, AMY2018)",MediumOffice · Middlesex County,MediumOffice,Eversource,2018,2018-01-01,35040,356.32037353515625,160.73091113600012,1407.9990108146667,0.4510853801070728,"{""missing_intervals"": 0, ""filled_by_median"": 0, ""sqft"": 125000.0, ""weekday_hours"": 13.0, ""timezone"": ""EST -> America/New_York clock time"", ""tz_missing_filled"": 4}",333845.75664202595,36461.22096435547,8520.702911933204,9602.234196517125,1081.531284583929,0.3062744782850026,374183.7790292569,116669.03409423829,30844.396841433576,31267.221351937827,1022.8245105042624,0.9891737238247913
cs-72564,"NREL ComStock MA (simulated, AMY2018)",MediumOffice · Berkshire County,MediumOffice,National Grid,2018,2018-01-01,35040,420.858642578125,118.55591925349954,1038.506719385624,0.2817000941865931,"{""missing_intervals"": 0, ""filled_by_median"": 0, ""sqft"": 125000.0, ""weekday_hours"": 7.0, ""timezone"": ""EST -> America/New_York clock time"", ""tz_missing_filled"": 4}",262498.5828540372,41992.576157531745,15815.376744494373,16933.4065972996,1118.029852805228,0.7229925543615697,324816.2827976173,134368.32804412843,53799.18042094553,54183.70914027523,984.5287193296954,1.9875548094169684
cs-7358,"NREL ComStock MA (simulated, AMY2018)",RetailStandalone · Essex County,RetailStandalone,Municipal/other,2018,2018-01-01,35040,1302.795654296875,445.400742493808,3901.704530349731,0.341880740102862,"{""missing_intervals"": 0, ""filled_by_median"": 0, ""sqft"": 300000.0, ""weekday_hours"": 13.0, ""timezone"": ""EST -> America/New_York clock time"", ""tz_missing_filled"": 4}",930165.1331764887,113031.53488830567,12472.148274571831,13228.72278871337,756.5745141415537,0.1609023752414342,1074397.1128741847,361679.60503845214,42427.46889009122,43178.74600834965,751.2771182584183,0.4738747159503167
cs-7359,"NREL ComStock MA (simulated, AMY2018)",RetailStandalone · Essex County,RetailStandalone,Municipal/other,2018,2018-01-01,35040,1334.5469970703125,431.5913606412879,3780.726582885742,0.3233991471178957,"{""missing_intervals"": 0, ""filled_by_median"": 0, ""sqft"": 300000.0, ""weekday_hours"": 14.25, ""timezone"": ""EST -> America/New_York clock time"", ""tz_missing_filled"": 4}",904220.5659159418,112395.68025634765,11373.71845047774,12169.06981293463,795.3513624569023,0.1509417354022235,1050402.7802232695,359644.9900756837,38241.40090031726,38944.618703901884,703.2178035846155,0.4368769956094993
cs-7361,"NREL ComStock MA (simulated, AMY2018)",RetailStandalone · Essex County,RetailStandalone,Municipal/other,2018,2018-01-01,35040,512.7510375976562,182.7396069387323,1600.7990771980285,0.3563905161360663,"{""missing_intervals"": 0, ""filled_by_median"": 0, ""sqft"": 125000.0, ""weekday_hours"": 11.5, ""timezone"": ""EST -> America/New_York clock time"", ""tz_missing_filled"": 4}",381572.5512404368,43967.17104675293,7254.410085691754,8434.502715853756,1180.092630162002,0.22814251377701222,433199.69410057954,140686.659475708,26388.465651578525,27573.479398508327,1185.0137469297952,0.7309829441971405
cs-7363,"NREL ComStock MA (simulated, AMY2018)",RetailStandalone · Middlesex County,RetailStandalone,Eversource,2018,2018-01-01,35040,1298.43505859375,364.05869195265313,3189.1536847810744,0.2803826726204861,"{""missing_intervals"": 0, ""filled_by_median"": 0, ""sqft"": 300000.0, ""weekday_hours"": 12.75, ""timezone"": ""EST -> America/New_York clock time"", ""tz_missing_filled"": 4}",782119.9333758446,112528.32921691892,12814.422953877824,13557.94590342022,743.5229495423919,0.1966106077654958,943436.5930524417,360069.4417449952,42712.06778673464,43392.440458512225,680.3726717775717,0.543274256283088
cs-7364,"NREL ComStock MA (simulated, AMY2018)",RetailStandalone · Essex County,RetailStandalone,National Grid,2018,2018-01-01,35040,832.6990966796875,268.8514452834108,2355.1517085647583,0.3228674635957114,"{""missing_intervals"": 0, ""filled_by_median"": 0, ""sqft"": 175000.0, ""weekday_hours"": 9.0, ""timezone"": ""EST -> America/New_York clock time"", ""tz_missing_filled"": 4}",565423.4519045623,70992.3809991455,11556.660665269825,12849.573685082472,1292.9130198126222,0.2452673788398958,656610.5581068076,227162.23703308104,40012.89139507023,41132.715428132055,1119.8240330618028,0.7312625281647365
cs-7365,"NREL ComStock MA (simulated, AMY2018)",RetailStandalone · Essex County,RetailStandalone,Municipal/other,2018,2018-01-01,35040,532.444091796875,148.49483276458636,1300.8146769809723,0.2788928172034942,"{""missing_intervals"": 0, ""filled_by_median"": 0, ""sqft"": 125000.0, ""weekday_hours"": 11.0, ""timezone"": ""EST -> America/New_York clock time"", ""tz_missing_filled"": 4}",321557.317433526,46065.4674040222,8105.222359495219,9225.847875160982,1120.6255156657644,0.3024738142805576,385457.7111349169,147400.8122871399,29327.22343978343,30463.62881634734,1136.4053765639092,0.9130098350898489
cs-7367,"NREL ComStock MA (simulated, AMY2018)",RetailStandalone · Essex County,RetailStandalone,Municipal/other,2018,2018-01-01,35040,602.9698486328125,152.9124092529898,1339.5108555021286,0.2535987655099286,"{""missing_intervals"": 0, ""filled_by_median"": 0, ""sqft"": 125000.0, ""weekday_hours"": 7.5, ""timezone"": ""EST -> America/New_York clock time"", ""tz_missing_filled"": 4}",331792.7857545359,48579.237639007566,10811.207269834682,11846.258733927998,1035.0514640933052,0.39101057288808944,400526.1445387001,155444.4031898499,36955.39241172753,37905.794912050456,950.4025003229344,1.107205397169476
cs-73861,"NREL ComStock MA (simulated, AMY2018)",LargeOffice · Suffolk County,LargeOffice,Eversource,2018,2018-01-01,35040,334.07550048828125,64.8946742029767,568.470666257143,0.1942515213121804,"{""missing_intervals"": 0, ""filled_by_median"": 0, ""sqft"": 90000.0, ""weekday_hours"": 9.0, ""timezone"": ""EST -> America/New_York clock time"", ""tz_missing_filled"": 4}",149769.9866773229,27069.703600006105,10595.764163734424,11919.174429011102,1323.4102652766796,0.8489629516944139,191733.6414652822,86617.94884262087,38798.66492843706,39421.9413876531,1223.2764592160465,2.428285279427864
cs-73862,"NREL ComStock MA (simulated, AMY2018)",LargeOffice · Essex County,LargeOffice,National Grid,2018,2018-01-01,35040,512.716064453125,139.61198592463586,1222.9708343424795,0.2722988328316751,"{""missing_intervals"": 0, ""filled_by_median"": 0, ""sqft"": 175000.0, ""weekday_hours"": 11.75, ""timezone"": ""EST -> America/New_York clock time"", ""tz_missing_filled"": 4}",308225.57128019945,49145.32410614014,11922.235811837363,12837.664781592537,915.428969755174,0.4641627531026302,381187.1441074912,157255.77317657473,42333.81571032833,43149.025807012345,815.2100966840208,1.3326939178743318
cs-73863,"NREL ComStock MA (simulated, AMY2018)",LargeOffice · Suffolk County,LargeOffice,Eversource,2018,2018-01-01,35040,691.0823974609375,198.3746428287193,1737.7375423221588,0.2870491905994931,"{""missing_intervals"": 0, ""filled_by_median"": 0, ""sqft"": 175000.0, ""weekday_hours"": 9.0, ""timezone"": ""EST -> America/New_York clock time"", ""tz_missing_filled"": 4}",430823.2865334753,64422.913656005854,13604.589198422396,14295.013905314603,690.4247068922014,0.3789374332447643,523517.0923641453,206141.17988891606,45250.83407891696,45852.03180845038,601.1977295334109,1.0372345370708533
cs-73864,"NREL ComStock MA (simulated, AMY2018)",LargeOffice · Middlesex County,LargeOffice,Eversource,2018,2018-01-01,35040,503.58544921875,164.53712769039146,1441.333355079174,0.3267312984234359,"{""missing_intervals"": 0, ""filled_by_median"": 0, ""sqft"": 175000.0, ""weekday_hours"": 9.5, ""timezone"": ""EST -> America/New_York clock time"", ""tz_missing_filled"": 4}",348489.71293296706,44338.7263305664,12450.512369723547,13015.354260095142,564.8418903715901,0.4287247023140142,405442.9675024329,141875.56634521484,41586.859526677494,42091.21304811651,504.3535214389958,1.2308569991835792
cs-73866,"NREL ComStock MA (simulated, AMY2018)",LargeOffice · Suffolk County,LargeOffice,Eversource,2018,2018-01-01,35040,303.27423095703125,80.7820281605198,707.6467445731163,0.2663662781555787,"{""missing_intervals"": 0, ""filled_by_median"": 0, ""sqft"": 58000.0, ""weekday_hours"": 18.5, ""timezone"": ""EST -> America/New_York clock time"", ""tz_missing_filled"": 4}",177107.64077692459,25549.576637420654,9496.409769550331,9991.30195054373,494.8921809933963,0.643433093765492,212133.6364789664,81753.82910842897,32470.69180630683,32338.490513679808,467.79870737296915,1.8368058368448166
cs-73867,"NREL ComStock MA (simulated, AMY2018)",LargeOffice · Middlesex County,LargeOffice,National Grid,2018,2018-01-01,35040,558.0286254882812,154.23672552206745,1351.0970893411636,0.2763957232249664,"{""missing_intervals"": 0, ""filled_by_median"": 0, ""sqft"": 175000.0, ""weekday_hours"": 12.75, ""timezone"": ""EST -> America/New_York clock time"", ""tz_missing_filled"": 4}",336163.81426537863,50694.66094787597,14030.720293727732,14929.077587927652,898.3572941999191,0.5008529662619103,409142.8945226423,161955.22173461915,48758.908752011266,49539.109340641546,780.2005886302977,1.4300795953130132
cs-73868,"NREL ComStock MA (simulated, AMY2018)",LargeOffice · Middlesex County,LargeOffice,National Grid,2018,2018-01-01,35040,368.7432861328125,155.19976478363282,1359.5523024520874,0.4208883812130848,"{""missing_intervals"": 0, ""filled_by_median"": 0, ""sqft"": 125000.0, ""weekday_hours"": 8.25, ""timezone"": ""EST -> America/New_York clock time"", ""tz_missing_filled"": 4}",320633.5152777489,33573.9068800354,9483.18080972509,10438.557478191342,955.3766684662551,0.3549166393853848,356035.1038759709,107316.00335769654,34556.13486457229,34856.455257628826,900.3203930565378,1.1646986880241001
cs-73871,"NREL ComStock MA (simulated, AMY2018)",LargeOffice · Middlesex County,LargeOffice,National Grid,2018,2018-01-01,35040,633.4461669921875,180.46412023177973,1580.881321110487,0.2848925917235922,"{""missing_intervals"": 0, ""filled_by_median"": 0, ""sqft"": 175000.0, ""weekday_hours"": 8.75, ""timezone"": ""EST -> America/New_York clock time"", ""tz_missing_filled"": 4}",386532.5405231268,53228.96571624755,13647.865674946217,14371.826933257349,723.9612583111339,0.4237014246658381,459217.20584881445,170322.6565567017,47476.03786108556,48127.55253572657,651.5146746410101,1.2406165254195418
cs-73872,"NREL ComStock MA (simulated, AMY2018)",LargeOffice · Suffolk County,LargeOffice,Eversource,2018,2018-01-01,35040,640.3604125976562,199.5701430379528,1748.2303123836518,0.3116528428551444,"{""missing_intervals"": 0, ""filled_by_median"": 0, ""sqft"": 175000.0, ""weekday_hours"": 13.0, ""timezone"": ""EST -> America/New_York clock time"", ""tz_missing_filled"": 4}",422160.2519899062,53617.44979125976,9202.794255617624,9530.739330720657,327.9450751030454,0.26159149409938276,490842.73262229643,171565.73236694335,30195.825170902262,30496.569300468083,300.7441295658282,0.738219959201587
cs-75432,"NREL ComStock MA (simulated, AMY2018)",SecondarySchool · Bristol County,SecondarySchool,National Grid,2018,2018-01-01,35040,321.033447265625,54.58318978950177,478.1381389459968,0.1700233737462854,"{""missing_intervals"": 0, ""filled_by_median"": 0, ""sqft"": 90000.0, ""weekday_hours"": 11.0, ""timezone"": ""EST -> America/New_York clock time"", ""tz_missing_filled"": 4}",127234.15856891872,23295.611362609863,8648.663416228743,9744.362131066537,1095.6987148377902,0.8156925951495048,163259.90634087246,74541.5651046753,30817.680958653662,31230.2540271462,1012.5730684925365,2.265174468076126
cs-76153,"NREL ComStock MA (simulated, AMY2018)",PrimarySchool · Essex County,PrimarySchool,National Grid,2018,2018-01-01,35040,303.4418640136719,62.22306421366456,545.0722847938538,0.2050576126531474,"{""missing_intervals"": 0, ""filled_by_median"": 0, ""sqft"": 58000.0, ""weekday_hours"": 11.25, ""timezone"": ""EST -> America/New_York clock time"", ""tz_missing_filled"": 4}",140588.33934692264,22720.12190925598,7867.438784871387,9187.328933280129,1319.89014840874,0.671529842780828,173567.39827166763,72700.10733451843,29230.609376170923,29881.522054787423,1250.9126786165052,2.020928561509174
cs-76157,"NREL ComStock MA (simulated, AMY2018)",PrimarySchool · Bristol County,PrimarySchool,Municipal/other,2018,2018-01-01,35040,422.6448669433594,97.078537474838,850.4034059183598,0.2296929291414959,"{""missing_intervals"": 0, ""filled_by_median"": 0, ""sqft"": 67000.0, ""weekday_hours"": 11.5, ""timezone"": ""EST -> America/New_York clock time"", ""tz_missing_filled"": 4}",217115.15056800746,35350.74027999878,7721.145024792657,8702.675084231474,981.5300594388191,0.42674930816718726,269410.2673438682,113115.70523147585,26892.639040127324,27846.91980298384,954.2807628565224,1.197844728276919
cs-76959,"NREL ComStock MA (simulated, AMY2018)",SecondarySchool · Hampden County,SecondarySchool,National Grid,2018,2018-01-01,35040,555.8554077148438,86.50366663734118,757.6878913295269,0.1556226051536732,"{""missing_intervals"": 0, ""filled_by_median"": 0, ""sqft"": 21000.0, ""weekday_hours"": 7.0, ""timezone"": ""EST -> America/New_York clock time"", ""tz_missing_filled"": 4}",205680.56655571616,43776.8276208496,19442.057176134367,19928.746187346045,486.68901121167346,1.134305928948388,279555.96928978886,140077.59639282228,63376.43109667458,63824.96788779368,448.53679111908696,2.7204469111934424
cs-76961,"NREL ComStock MA (simulated, AMY2018)",SecondarySchool · Worcester County,SecondarySchool,National Grid,2018,2018-01-01,35040,392.02447509765625,93.43721326366408,818.4759629793167,0.2383453564739501,"{""missing_intervals"": 0, ""filled_by_median"": 0, ""sqft"": 21000.0, ""weekday_hours"": 14.0, ""timezone"": ""EST -> America/New_York clock time"", ""tz_missing_filled"": 4}",203858.0007854586,29351.52741012573,10295.537958662091,10645.368015208784,349.83005654668705,0.6060417301647442,244423.47306406527,93919.3549079895,34601.28132745132,34327.57240648018,326.2910790288606,1.6987540956043312
cs-76963,"NREL ComStock MA (simulated, AMY2018)",SecondarySchool · Hampshire County,SecondarySchool,National Grid,2018,2018-01-01,35040,470.9915466308594,103.10986147737938,903.1964368844032,0.2189208324755602,"{""missing_intervals"": 0, ""filled_by_median"": 0, ""sqft"": 35000.0, ""weekday_hours"": 6.0, ""timezone"": ""EST -> America/New_York clock time"", ""tz_missing_filled"": 4}",236430.35481508425,44263.781549072264,17726.764387147272,18181.443339229598,454.6789520823331,0.8997202275999615,307521.34760057175,141635.75717163086,57690.650672479205,58103.180200354225,412.52952787502545,2.251186180963729
cs-76964,"NREL ComStock MA (simulated, AMY2018)",SecondarySchool · Middlesex County,SecondarySchool,National Grid,2018,2018-01-01,35040,439.0332946777344,102.44647877587848,897.322778817296,0.2333455799772036,"{""missing_intervals"": 0, ""filled_by_median"": 0, ""sqft"": 46000.0, ""weekday_hours"": 9.0, ""timezone"": ""EST -> America/New_York clock time"", ""tz_missing_filled"": 4}",231777.6973563156,40833.48303573608,14484.698943617686,14930.9699775719,446.2710339542218,0.7499271470291704,295490.12594461703,130659.44854507447,47233.56496359126,47634.77506296353,401.2100993722679,1.918178408673221
cs-76966,"NREL ComStock MA (simulated, AMY2018)",SecondarySchool · Worcester County,SecondarySchool,National Grid,2018,2018-01-01,35040,686.2330932617188,159.19607180079367,1394.5329641332626,0.2319854191877026,"{""missing_intervals"": 0, ""filled_by_median"": 0, ""sqft"": 35000.0, ""weekday_hours"": 8.5, ""timezone"": ""EST -> America/New_York clock time"", ""tz_missing_filled"": 4}",348976.1664872192,54617.681573181144,17545.606525274034,18050.067645705712,504.46112043166795,0.6033285322108076,429840.32465061,174766.28552398682,57326.355993058816,57756.81400298848,430.4580099296727,1.6003995727387128
cs-77199,"NREL ComStock MA (simulated, AMY2018)",LargeOffice · Worcester County,LargeOffice,National Grid,2018,2018-01-01,35040,903.0088500976562,265.71492723057804,2327.663306515694,0.2942550642796493,"{""missing_intervals"": 0, ""filled_by_median"": 0, ""sqft"": 175000.0, ""weekday_hours"": 8.75, ""timezone"": ""EST -> America/New_York clock time"", ""tz_missing_filled"": 4}",561191.2146414827,72875.93284088135,18277.327684748067,18683.927361258036,406.5996765099844,0.39082566956628956,657649.8691583122,233189.2478744507,60100.645716145664,60467.25732379046,366.6116076447797,1.0966439475108234
cs-77201,"NREL ComStock MA (simulated, AMY2018)",LargeOffice · Middlesex County,LargeOffice,National Grid,2018,2018-01-01,35040,804.1245727539062,266.5185240194678,2334.6951764087676,0.3314393478944623,"{""missing_intervals"": 0, ""filled_by_median"": 0, ""sqft"": 175000.0, ""weekday_hours"": 11.5, ""timezone"": ""EST -> America/New_York clock time"", ""tz_missing_filled"": 4}",568845.5577038089,78066.7319012451,12634.046558878734,13008.31379320924,374.267234330513,0.2665197199016988,675537.3295422784,249798.82639465333,41406.56422459559,41760.19415933283,353.6299347372078,0.7355311823135156
cs-77202,"NREL ComStock MA (simulated, AMY2018)",LargeOffice · Worcester County,LargeOffice,Municipal/other,2018,2018-01-01,35040,562.4456176757812,141.29110140623567,1237.6883232400417,0.2512084670338425,"{""missing_intervals"": 0, ""filled_by_median"": 0, ""sqft"": 125000.0, ""weekday_hours"": 10.25, ""timezone"": ""EST -> America/New_York clock time"", ""tz_missing_filled"": 4}",315764.8024669432,53420.00885559082,11827.74867710672,12435.31910355043,607.5704264437263,0.4494895663367652,397535.46366197814,170933.95859069828,39264.376961186674,39790.67705612979,526.3000949431189,1.1852339391156181
cs-77203,"NREL ComStock MA (simulated, AMY2018)",LargeOffice · Worcester County,LargeOffice,National Grid,2018,2018-01-01,35040,656.6939697265625,196.29377505109736,1719.5182844462397,0.2989121022884238,"{""missing_intervals"": 0, ""filled_by_median"": 0, ""sqft"": 175000.0, ""weekday_hours"": 13.5, ""timezone"": ""EST -> America/New_York clock time"", ""tz_missing_filled"": 4}",422328.9701568564,59453.99337127686,10600.856313010398,11400.389099094658,799.5327860842626,0.3012113417388294,504308.48233510694,190241.57162628174,35927.43183239538,36644.2810072136,716.849174818235,0.8548917916123099
cs-77204,"NREL ComStock MA (simulated, AMY2018)",LargeOffice · Worcester County,LargeOffice,National Grid,2018,2018-01-01,35040,334.74652099609375,129.42817171937256,1133.7872517642977,0.3866453080206407,"{""missing_intervals"": 0, ""filled_by_median"": 0, ""sqft"": 90000.0, ""weekday_hours"": 18.0, ""timezone"": ""EST -> America/New_York clock time"", ""tz_missing_filled"": 4}",273102.5697072472,32663.26496932983,7404.942744866963,8166.893849359196,761.9511044922365,0.3253697430736608,312253.3318972578,104516.29083023072,26652.30736898345,26788.171717035402,735.8643480519495,1.0242570879372899
cs-77205,"NREL ComStock MA (simulated, AMY2018)",LargeOffice · Middlesex County,LargeOffice,National Grid,2018,2018-01-01,35040,475.5021057128906,133.09614485170198,1165.9197397937774,0.2799065309125377,"{""missing_intervals"": 0, ""filled_by_median"": 0, ""sqft"": 90000.0, ""weekday_hours"": 13.5, ""timezone"": ""EST -> America/New_York clock time"", ""tz_missing_filled"": 4}",294658.6207404927,47511.45015960694,13570.900134966556,14123.671803249528,552.7716682829814,0.5526761823914942,365597.54674759944,152027.6845352173,45470.45673671183,45958.34429745112,487.8875607392947,1.4924757720468067
cs-77208,"NREL ComStock MA (simulated, AMY2018)",LargeOffice · Middlesex County,LargeOffice,Municipal/other,2018,2018-01-01,35040,796.9366455078125,220.4129406951878,1930.7946976861951,0.2765752358579764,"{""missing_intervals"": 0, ""filled_by_median"": 0, ""sqft"": 175000.0, ""weekday_hours"": 11.5, ""timezone"": ""EST -> America/New_York clock time"", ""tz_missing_filled"": 4}",483833.383273701,76918.25833129881,11597.963874125446,12213.823987149173,615.8601130237475,0.28765184731119464,598545.2029094385,246123.92745971683,39096.28192838066,39636.579476447165,540.2975480664973,0.7838261519097871
cs-77271,"NREL ComStock MA (simulated, AMY2018)",Warehouse · Worcester County,Warehouse,Municipal/other,2018,2018-01-01,35040,462.2528991699219,195.41266516398076,1711.8108302841188,0.4227397286526223,"{""missing_intervals"": 0, ""filled_by_median"": 0, ""sqft"": 300000.0, ""weekday_hours"": 12.25, ""timezone"": ""EST -> America/New_York clock time"", ""tz_missing_filled"": 4}",411541.90987728763,50174.3331817627,6187.038778688049,7116.759929246712,929.7211505586565,0.1804056004074885,473214.17554812616,160548.40824890137,22939.1530885663,23907.386140018818,968.2330514525165,0.5817024326119338
cs-77273,"NREL ComStock MA (simulated, AMY2018)",Warehouse · Middlesex County,Warehouse,Municipal/other,2018,2018-01-01,35040,477.4879150390625,195.54397112811537,1712.9637850418092,0.4095265345346348,"{""missing_intervals"": 0, ""filled_by_median"": 0, ""sqft"": 300000.0, ""weekday_hours"": 10.0, ""timezone"": ""EST -> America/New_York clock time"", ""tz_missing_filled"": 4}",411610.26342719665,50128.35770233154,6863.252585060345,8061.057507432179,1197.8049223718117,0.20008983822457907,473275.8657922129,160401.29538116456,24971.593911149517,26034.665179313495,1063.0712681639634,0.6331595346240549
cs-77274,"NREL ComStock MA (simulated, AMY2018)",Warehouse · Bristol County,Warehouse,National Grid,2018,2018-01-01,35040,344.2740783691406,147.53294575845814,1292.386988633156,0.4285334128475076,"{""missing_intervals"": 0, ""filled_by_median"": 0, ""sqft"": 175000.0, ""weekday_hours"": 12.75, ""timezone"": ""EST -> America/New_York clock time"", ""tz_missing_filled"": 4}",311702.846717355,37722.9435269165,5497.968116852411,6852.164272080203,1354.1961552277862,0.21166190202316026,357233.61189529503,120706.30845794678,22159.360064771536,22951.450498736325,1392.0904339647896,0.7443653450370096
cs-77278,"NREL ComStock MA (simulated, AMY2018)",Warehouse · Norfolk County,Warehouse,National Grid,2018,2018-01-01,35040,420.5779113769531,144.31925383202017,1264.2332765197757,0.3431451104018407,"{""missing_intervals"": 0, ""filled_by_median"": 0, ""sqft"": 300000.0, ""weekday_hours"": 6.5, ""timezone"": ""EST -> America/New_York clock time"", ""tz_missing_filled"": 4}",313423.68744287273,45481.44450653076,7281.638522941295,8986.046636138082,1704.4081131967796,0.27879086928049146,376948.93064189836,145532.0491043091,27277.57499062305,28753.655353146838,1476.0803625237932,0.8683693553131235
cs-77279,"NREL ComStock MA (simulated, AMY2018)",Warehouse · Middlesex County,Warehouse,National Grid,2018,2018-01-01,35040,426.15032958984375,147.23837480566817,1289.804671154022,0.3455080627237352,"{""missing_intervals"": 0, ""filled_by_median"": 0, ""sqft"": 300000.0, ""weekday_hours"": 7.0, ""timezone"": ""EST -> America/New_York clock time"", ""tz_missing_filled"": 4}",319550.1941723191,46338.31177185058,7591.4971257089965,9325.512501902225,1734.0153761932197,0.2850818656031951,384332.7387160646,148273.8628326416,29034.740646609913,30564.592186284994,1529.8515396750881,0.9065501131214342
cs-77293,"NREL ComStock MA (simulated, AMY2018)",LargeOffice · Suffolk County,LargeOffice,Eversource,2018,2018-01-01,35040,1514.3848876953125,564.790202986051,4947.59377135849,0.3729502371392418,"{""missing_intervals"": 0, ""filled_by_median"": 0, ""sqft"": 500000.0, ""weekday_hours"": 9.25, ""timezone"": ""EST -> America/New_York clock time"", ""tz_missing_filled"": 4}",1180873.2672454617,147053.84168029783,16357.082305024815,16643.830002184834,286.747697160019,0.16622019746298236,1373115.5357208843,470544.57351989753,53167.65630475171,53416.83121768424,249.17491293251805,0.4646454424696789
cs-77294,"NREL ComStock MA (simulated, AMY2018)",LargeOffice · Suffolk County,LargeOffice,Eversource,2018,2018-01-01,35040,1167.1202392578125,442.6288141899458,3877.4132456130983,0.3792486834701961,"{""missing_intervals"": 0, ""filled_by_median"": 0, ""sqft"": 300000.0, ""weekday_hours"": 13.5, ""timezone"": ""EST -> America/New_York clock time"", ""tz_missing_filled"": 4}",907369.1013839131,96561.58085876465,13732.78320546345,14347.012090805336,614.2288853418795,0.18161671828390413,1013826.8999095306,305517.32022399904,45259.19919786332,43276.978914122235,537.7797162589122,0.5357032748123222
cs-77295,"NREL ComStock MA (simulated, AMY2018)",LargeOffice · Norfolk County,LargeOffice,National Grid,2018,2018-01-01,35040,1266.4200439453125,425.8421342414264,3730.3761709327696,0.3362566284996476,"{""missing_intervals"": 0, ""filled_by_median"": 0, ""sqft"": 300000.0, ""weekday_hours"": 8.5, ""timezone"": ""EST -> America/New_York clock time"", ""tz_missing_filled"": 4}",897076.2714318465,116546.2010015869,17202.055880363572,17465.585991594202,263.5301112306115,0.23010827188069877,1054541.228310113,372925.87408142095,55725.36129595492,55954.1578384758,228.7965425208895,0.6341187215819414
cs-77296,"NREL ComStock MA (simulated, AMY2018)",LargeOffice · Middlesex County,LargeOffice,Eversource,2018,2018-01-01,35040,1903.8170166015625,664.509000066644,5821.110001594543,0.3490403721954518,"{""missing_intervals"": 0, ""filled_by_median"": 0, ""sqft"": 500000.0, ""weekday_hours"": 8.0, ""timezone"": ""EST -> America/New_York clock time"", ""tz_missing_filled"": 4}",1389955.2033183286,173944.9592095947,22424.02736386491,22667.269072631956,243.24170876703283,0.19359496458876313,1617735.153131153,556591.0805999757,72320.33191848865,72530.98822015597,210.65630166726623,0.536456156832679
cs-77297,"NREL ComStock MA (simulated, AMY2018)",LargeOffice · Middlesex County,LargeOffice,Eversource,2018,2018-01-01,35040,1128.5750732421875,444.7325637233856,3895.8632255020143,0.3940655559986374,"{""missing_intervals"": 0, ""filled_by_median"": 0, ""sqft"": 300000.0, ""weekday_hours"": 9.25, ""timezone"": ""EST -> America/New_York clock time"", ""tz_missing_filled"": 4}",919443.2775491094,104768.1892047119,14694.434620710032,14979.50652922798,285.0719085179371,0.19178259252551014,1046893.4245874021,335238.4565032959,48752.83390022541,49007.51551618138,254.68161595596757,0.5588286190958515
cs-77298,"NREL ComStock MA (simulated, AMY2018)",LargeOffice · Norfolk County,LargeOffice,Municipal/other,2018,2018-01-01,35040,1000.9334106445312,341.5278117854846,2991.7702574806212,0.3412093233710367,"{""missing_intervals"": 0, ""filled_by_median"": 0, ""sqft"": 300000.0, ""weekday_hours"": 12.5, ""timezone"": ""EST -> America/New_York clock time"", ""tz_missing_filled"": 4}",724283.3930570156,97530.72703735351,18039.037579134238,18369.086524555827,330.04894542160037,0.2988725863725146,859072.8207322268,311534.3381530762,62887.05614312962,60663.76861522582,296.71247209620196,0.8784408672996283
cs-77299,"NREL ComStock MA (simulated, AMY2018)",LargeOffice · Middlesex County,LargeOffice,Eversource,2018,2018-01-01,35040,806.8139038085938,245.9595992914618,2154.597160262108,0.3048529507615086,"{""missing_intervals"": 0, ""filled_by_median"": 0, ""sqft"": 300000.0, ""weekday_hours"": 10.5, ""timezone"": ""EST -> America/New_York clock time"", ""tz_missing_filled"": 4}",532731.2011879934,79622.85120361327,14618.658622502,15068.765060182395,450.106437680377,0.3292915884761917,647823.7583117036,254778.11483154297,48058.73633047117,48451.184589116354,392.44825864520317,0.8902187185425355
cs-77300,"NREL ComStock MA (simulated, AMY2018)",LargeOffice · Suffolk County,LargeOffice,Eversource,2018,2018-01-01,35040,1531.5858154296875,529.1266820637603,4635.1455403900145,0.3454763531583853,"{""missing_intervals"": 0, ""filled_by_median"": 0, ""sqft"": 300000.0, ""weekday_hours"": 8.25, ""timezone"": ""EST -> America/New_York clock time"", ""tz_missing_filled"": 4}",1119489.4736795789,150256.47380676266,16815.491272817264,17030.158647262695,214.6673744454747,0.18024813990485317,1326651.123996403,480792.39262390137,54307.38758924212,54493.297462259055,185.90987301698624,0.49122835633512973
cs-77301,"NREL ComStock MA (simulated, AMY2018)",LargeOffice · Bristol County,LargeOffice,Municipal/other,2018,2018-01-01,35040,1353.001220703125,293.7271654959139,2573.0421014351846,0.2170930528379496,"{""missing_intervals"": 0, ""filled_by_median"": 0, ""sqft"": 500000.0, ""weekday_hours"": 9.25, ""timezone"": ""EST -> America/New_York clock time"", ""tz_missing_filled"": 4}",664421.774192949,123502.88607116698,19115.708911028392,19472.968660685725,357.25974965735804,0.34524531832354727,866711.7159667723,395185.9549591065,62000.42889679521,62309.82903207166,309.40013527643896,0.858422856245393
cs-77303,"NREL ComStock MA (simulated, AMY2018)",LargeOffice · Suffolk County,LargeOffice,Eversource,2018,2018-01-01,35040,1392.685791015625,474.5254548425544,4156.617831954956,0.3407268587816234,"{""missing_intervals"": 0, ""filled_by_median"": 0, ""sqft"": 300000.0, ""weekday_hours"": 7.0, ""timezone"": ""EST -> America/New_York clock time"", ""tz_missing_filled"": 4}",998095.1524643712,128518.87948852539,18442.0778134262,18846.99898710533,404.92117367913306,0.22172729044389813,1170267.8953347064,411236.1883728028,59955.857693163045,60306.84407278286,350.98637961981876,0.6147911048283368
cs-77304,"NREL ComStock MA (simulated, AMY2018)",LargeOffice · Middlesex County,LargeOffice,Eversource,2018,2018-01-01,35040,1788.55078125,475.6315693988103,4166.501856851578,0.2659312636716953,"{""missing_intervals"": 0, ""filled_by_median"": 0, ""sqft"": 500000.0, ""weekday_hours"": 13.25, ""timezone"": ""EST -> America/New_York clock time"", ""tz_missing_filled"": 4}",1029355.068183091,156937.26066894527,17839.017537907705,18056.8900986485,217.87256074081233,0.20796342979370866,1262960.3046714999,502169.6512451172,57721.82476182749,57910.68089709669,188.85613526917587,0.5484431257101889
cs-77725,"NREL ComStock MA (simulated, AMY2018)",RetailStripmall · Bristol County,RetailStripmall,National Grid,2018,2018-01-01,35040,779.49853515625,244.24311770587207,2139.5724744758604,0.313333645530089,"{""missing_intervals"": 0, ""filled_by_median"": 0, ""sqft"": 90000.0, ""weekday_hours"": 10.25, ""timezone"": ""EST -> America/New_York clock time"", ""tz_missing_filled"": 4}",519304.105790748,69539.98700988769,15033.160909049373,15944.224499672731,911.0635906233401,0.3473839873341638,612830.9397023838,222514.8500457764,50340.77180516403,51130.34575182546,789.5739466614323,0.9857355797919395
cs-77726,"NREL ComStock MA (simulated, AMY2018)",RetailStripmall · Barnstable County,RetailStripmall,Eversource,2018,2018-01-01,35040,1900.9383544921875,396.2312659324576,3470.991590545654,0.2084398292012504,"{""missing_intervals"": 0, ""filled_by_median"": 0, ""sqft"": 300000.0, ""weekday_hours"": 6.25, ""timezone"": ""EST -> America/New_York clock time"", ""tz_missing_filled"": 4}",886693.4181210442,159547.52660034178,20688.00786685774,21779.55505493377,1091.547188076016,0.2799796291804695,1145050.0787201063,510522.0101867676,68745.1505278304,69690.47069886915,945.3201710387584,0.7204416834380323
cs-77727,"NREL ComStock MA (simulated, AMY2018)",RetailStripmall · Middlesex County,RetailStripmall,Municipal/other,2018,2018-01-01,35040,724.7785034179688,201.1575887827024,1762.1408897771837,0.2775435361756278,"{""missing_intervals"": 0, ""filled_by_median"": 0, ""sqft"": 125000.0, ""weekday_hours"": 10.25, ""timezone"": ""EST -> America/New_York clock time"", ""tz_missing_filled"": 4}",432252.8040210085,60743.32660675049,10977.03932482746,12000.864594815197,1023.8252699877376,0.30473942718837144,516168.5558621617,194367.1949386597,37672.81048877683,38658.866705124936,986.0562163480936,0.8758257757685733
cs-77728,"NREL ComStock MA (simulated, AMY2018)",RetailStripmall · Plymouth County,RetailStripmall,Eversource,2018,2018-01-01,35040,967.5167846679688,365.58889779652634,3202.5548094711303,0.3778631064493508,"{""missing_intervals"": 0, ""filled_by_median"": 0, ""sqft"": 175000.0, ""weekday_hours"": 16.0, ""timezone"": ""EST -> America/New_York clock time"", ""tz_missing_filled"": 4}",756763.3662317201,85626.26041137695,12183.986677667817,13200.523583541162,1016.5369058733486,0.1932015299049837,857268.3815702138,273987.8926452637,41272.96209047062,42248.97065563206,976.0085651614718,0.5777368624962896
cs-77729,"NREL ComStock MA (simulated, AMY2018)",RetailStripmall · Norfolk County,RetailStripmall,National Grid,2018,2018-01-01,35040,491.1271667480469,132.56156330244727,1161.2392492260933,0.269912911110561,"{""missing_intervals"": 0, ""filled_by_median"": 0, ""sqft"": 90000.0, ""weekday_hours"": 11.0, ""timezone"": ""EST -> America/New_York clock time"", ""tz_missing_filled"": 4}",289568.81469396217,43270.68969360352,8896.286851779125,9940.840093908604,1044.5532421294793,0.3686703705790162,351177.8195692785,138458.05043334962,32559.936320912228,33631.04143783507,1071.105116922834,1.112596565267607
cs-77730,"NREL ComStock MA (simulated, AMY2018)",RetailStripmall · Norfolk County,RetailStripmall,Eversource,2018,2018-01-01,35040,718.081298828125,210.9227474195228,1847.6824084033965,0.2937310131370066,"{""missing_intervals"": 0, ""filled_by_median"": 0, ""sqft"": 125000.0, ""weekday_hours"": 7.25, ""timezone"": ""EST -> America/New_York clock time"", ""tz_missing_filled"": 4}",456791.2132246344,67726.21482757568,16039.73908101883,17224.79276472323,1185.05368370442,0.4213672754637081,554041.0644912164,216711.12096099855,54089.78970027891,55116.08994932646,1026.3002490475665,1.171533155217301
cs-77731,"NREL ComStock MA (simulated, AMY2018)",RetailStripmall · Middlesex County,RetailStripmall,National Grid,2018,2018-01-01,35040,2011.8597412109375,650.6626825633115,5699.805526180267,0.3234135408324627,"{""missing_intervals"": 0, ""filled_by_median"": 0, ""sqft"": 300000.0, ""weekday_hours"": 10.5, ""timezone"": ""EST -> America/New_York clock time"", ""tz_missing_filled"": 4}",1372393.4906048595,180462.78310302732,15739.714274190803,16441.419759649823,701.7054854589951,0.1376256682819484,1616572.5081076305,577446.8884399413,52001.74113862324,52609.4440000105,607.7028613872244,0.3860147877894828
cs-77732,"NREL ComStock MA (simulated, AMY2018)",RetailStripmall · Middlesex County,RetailStripmall,Municipal/other,2018,2018-01-01,35040,503.6500244140625,131.54574614409444,1152.339817325592,0.2611848302740229,"{""missing_intervals"": 0, ""filled_by_median"": 0, ""sqft"": 90000.0, ""weekday_hours"": 7.5, ""timezone"": ""EST -> America/New_York clock time"", ""tz_missing_filled"": 4}",286263.6764326634,42167.87380172729,11267.194648179116,12596.57834456583,1329.3836963867143,0.4723139780186307,346033.6613081286,134929.24746170046,39127.84087696267,40324.72554378159,1196.8846668189144,1.3569029346698482
cs-77733,"NREL ComStock MA (simulated, AMY2018)",RetailStripmall · Plymouth County,RetailStripmall,National Grid,2018,2018-01-01,35040,1096.682373046875,331.13212582096116,2900.716529144287,0.3019398633179342,"{""missing_intervals"": 0, ""filled_by_median"": 0, ""sqft"": 175000.0, ""weekday_hours"": 11.25, ""timezone"": ""EST -> America/New_York clock time"", ""tz_missing_filled"": 4}",705029.9222810883,96715.86232971192,15214.469126549375,15951.134463268325,736.6653367189501,0.25895869628892465,840479.7620287407,309472.5283782959,53504.005443520946,51699.64160808451,715.6361645635698,0.7639066332453774
cs-77734,"NREL ComStock MA (simulated, AMY2018)",RetailStripmall · Worcester County,RetailStripmall,National Grid,2018,2018-01-01,35040,1327.0069580078125,332.61051505205296,2913.668852292538,0.2506471522586355,"{""missing_intervals"": 0, ""filled_by_median"": 0, ""sqft"": 300000.0, ""weekday_hours"": 9.25, ""timezone"": ""EST -> America/New_York clock time"", ""tz_missing_filled"": 4}",726036.6699541237,114095.51506530761,14246.197207313824,15526.407165372235,1280.2099580584327,0.2354624408965019,898442.3133883077,365084.14104309084,48572.50937375688,49681.57617948986,1109.0668057329822,0.6487563016560257
cs-77735,"NREL ComStock MA (simulated, AMY2018)",RetailStripmall · Essex County,RetailStripmall,National Grid,2018,2018-01-01,35040,546.2709350585938,144.50649606163643,1265.8768398718837,0.2645326463252826,"{""missing_intervals"": 0, ""filled_by_median"": 0, ""sqft"": 90000.0, ""weekday_hours"": 9.0, ""timezone"": ""EST -> America/New_York clock time"", ""tz_missing_filled"": 4}",316781.8209891013,48893.9637902832,11589.354349272511,12826.223319678047,1236.8689704055396,0.4390158872028671,388166.1022030107,156451.46754760743,40649.5381744992,41732.456899993966,1082.91872549475,1.2566642355567517
cs-77736,"NREL ComStock MA (simulated, AMY2018)",RetailStripmall · Hampshire County,RetailStripmall,National Grid,2018,2018-01-01,35040,579.573486328125,132.9354916163231,1164.5153806099893,0.2293677933035428,"{""missing_intervals"": 0, ""filled_by_median"": 0, ""sqft"": 90000.0, ""weekday_hours"": 8.5, ""timezone"": ""EST -> America/New_York clock time"", ""tz_missing_filled"": 4}",296914.6421461669,50155.26801422119,12622.665749596657,13770.801674655144,1148.135925058492,0.510153315108631,373801.79429423314,160487.4033065796,43208.47014448143,44206.153883747895,997.6837392664529,1.3871031376742013
cs-78721,"NREL ComStock MA (simulated, AMY2018)",LargeHotel · Suffolk County,LargeHotel,National Grid,2018,2018-01-01,35040,832.7478637695312,284.74918463785355,2494.463686979294,0.3419392555976101,"{""missing_intervals"": 0, ""filled_by_median"": 0, ""sqft"": 300000.0, ""weekday_hours"": 7.5, ""timezone"": ""EST -> America/New_York clock time"", ""tz_missing_filled"": 4}",603506.4264691665,79964.40461425782,27721.008753370057,28732.105107281168,1011.0963539111108,0.5511989441216598,710599.9720711363,255871.0213623047,91211.29328065366,92117.84186576545,906.548585111781,1.5402977235950028
cs-78722,"NREL ComStock MA (simulated, AMY2018)",LargeHotel · Suffolk County,LargeHotel,Eversource,2018,2018-01-01,35040,588.58935546875,189.80512452245304,1662.6575600652695,0.3224746128330728,"{""missing_intervals"": 0, ""filled_by_median"": 0, ""sqft"": 175000.0, ""weekday_hours"": 12.25, ""timezone"": ""EST -> America/New_York clock time"", ""tz_missing_filled"": 4}",395865.86314288824,45533.55162567138,9676.143580444255,10467.134723497438,790.9911430531829,0.2933158268396072,449447.4225332469,145698.78206329347,33259.50872647851,34037.180232894345,777.6715064158307,0.8880106653369861
cs-78723,"NREL ComStock MA (simulated, AMY2018)",LargeHotel · Middlesex County,LargeHotel,Municipal/other,2018,2018-01-01,35040,1286.0704345703125,604.577786067414,5296.102846960068,0.4700969478933778,"{""missing_intervals"": 0, ""filled_by_median"": 0, ""sqft"": 300000.0, ""weekday_hours"": 10.25, ""timezone"": ""EST -> America/New_York clock time"", ""tz_missing_filled"": 4}",1220032.7132266639,113872.89027404785,19325.775051318502,20416.658093478,1090.8830421594757,0.1900844937202407,1328361.9866902204,362520.69846801757,68743.36013102147,67213.11886833198,989.7587373104761,0.6210056670077179
cs-78724,"NREL ComStock MA (simulated, AMY2018)",LargeHotel · Suffolk County,LargeHotel,Eversource,2018,2018-01-01,35040,517.7747802734375,207.53001715766783,1817.977709410667,0.4008113663783914,"{""missing_intervals"": 0, ""filled_by_median"": 0, ""sqft"": 175000.0, ""weekday_hours"": 16.75, ""timezone"": ""EST -> America/New_York clock time"", ""tz_missing_filled"": 4}",425397.3254579121,42979.93058944702,9504.170196025192,10500.065625180538,995.8954291553528,0.2681023963409619,469120.29358188616,137185.4792137146,33866.19261608145,34841.00337538577,974.8107593043205,0.8662901966786056
cs-78725,"NREL ComStock MA (simulated, AMY2018)",LargeHotel · Suffolk County,LargeHotel,Eversource,2018,2018-01-01,35040,819.1458129882812,385.3899894045912,3376.015709306717,0.4704778847598219,"{""missing_intervals"": 0, ""filled_by_median"": 0, ""sqft"": 300000.0, ""weekday_hours"": 14.5, ""timezone"": ""EST -> America/New_York clock time"", ""tz_missing_filled"": 4}",791279.1962123658,84682.74168273926,24224.121157247144,25847.464708044856,1623.343550797712,0.36736648110858416,879723.8870693233,264955.6468261719,79294.36521514587,80672.71017469454,1378.3449595486964,1.081626174493962
cs-78726,"NREL ComStock MA (simulated, AMY2018)",LargeHotel · Middlesex County,LargeHotel,Municipal/other,2018,2018-01-01,35040,763.1765747070312,299.83261941709475,2626.4861689338686,0.3928745055260569,"{""missing_intervals"": 0, ""filled_by_median"": 0, ""sqft"": 300000.0, ""weekday_hours"": 14.75, ""timezone"": ""EST -> America/New_York clock time"", ""tz_missing_filled"": 4}",612417.7684305768,61696.52281585694,13240.187067986975,14244.85984407811,1004.6727760911454,0.25943441390181426,674506.3899637379,195791.71903533934,44705.856539854845,45644.59075810969,938.7342182548382,0.7953524035659607
cs-78727,"NREL ComStock MA (simulated, AMY2018)",LargeHotel · Suffolk County,LargeHotel,Eversource,2018,2018-01-01,35040,686.411376953125,271.68220876014396,2379.9375826759338,0.3958008533688641,"{""missing_intervals"": 0, ""filled_by_median"": 0, ""sqft"": 300000.0, ""weekday_hours"": 11.25, ""timezone"": ""EST -> America/New_York clock time"", ""tz_missing_filled"": 4}",561245.2895361325,61621.51554260254,11094.610700274185,11657.716115934863,563.1054156606842,0.23721415731315296,630901.0115830068,196951.20250244142,37328.53186941435,37872.521651291456,543.9897818770842,0.7100042228637907
cs-78728,"NREL ComStock MA (simulated, AMY2018)",LargeHotel · Suffolk County,LargeHotel,Eversource,2018,2018-01-01,35040,620.1607055664062,151.92247863882753,1330.8302697734832,0.2449727583112081,"{""missing_intervals"": 0, ""filled_by_median"": 0, ""sqft"": 175000.0, ""weekday_hours"": 6.5, ""timezone"": ""EST -> America/New_York clock time"", ""tz_missing_filled"": 4}",332799.35732266057,51467.601779174795,14857.66579164614,15352.691994188172,495.026202542027,0.5357341760936557,408194.1748920649,164686.62397766116,48657.60357344055,49125.72037725622,468.1168038156593,1.4304252211234514
cs-78729,"NREL ComStock MA (simulated, AMY2018)",LargeHotel · Suffolk County,LargeHotel,Eversource,2018,2018-01-01,35040,830.8617553710938,357.09996985953694,3128.2414013061525,0.4297946891297732,"{""missing_intervals"": 0, ""filled_by_median"": 0, ""sqft"": 300000.0, ""weekday_hours"": 14.75, ""timezone"": ""EST -> America/New_York clock time"", ""tz_missing_filled"": 4}",738344.2423324226,83279.81655944823,19623.332436661047,20649.053515627496,1025.7210789664387,0.3189298104310443,836261.0865776264,266479.7146270752,65184.654944880145,66073.07887422747,888.4239293473292,0.9353727823684309
cs-78730,"NREL ComStock MA (simulated, AMY2018)",LargeHotel · Suffolk County,LargeHotel,Eversource,2018,2018-01-01,35040,342.58575439453125,161.51014871063842,1414.8386146650314,0.4714444387685743,"{""missing_intervals"": 0, ""filled_by_median"": 0, ""sqft"": 175000.0, ""weekday_hours"": 10.0, ""timezone"": ""EST -> America/New_York clock time"", ""tz_missing_filled"": 4}",330735.74589621945,32023.218694458006,7367.976555698566,8639.63535253891,1271.658796840351,0.2673303982573643,361222.15410834213,102468.26340026857,28007.660448284594,28685.31102616856,1277.6505778839564,0.9304299904003407
cs-78731,"NREL ComStock MA (simulated, AMY2018)",LargeHotel · Suffolk County,LargeHotel,Eversource,2018,2018-01-01,35040,423.3532409667969,181.1053533057644,1586.4789173812867,0.4277878040857334,"{""missing_intervals"": 0, ""filled_by_median"": 0, ""sqft"": 175000.0, ""weekday_hours"": 16.25, ""timezone"": ""EST -> America/New_York clock time"", ""tz_missing_filled"": 4}",375262.9900862354,41028.8326020813,13002.913339542585,14302.152449150892,1299.239109608312,0.4158016223200007,421198.7702555256,131284.53033370973,44803.20724895722,46008.333546287846,1205.1262973306475,1.2764483777132618
cs-78732,"NREL ComStock MA (simulated, AMY2018)",LargeHotel · Middlesex County,LargeHotel,Eversource,2018,2018-01-01,35040,711.6810913085938,355.82303752942715,3116.986034549713,0.4999753989180217,"{""missing_intervals"": 0, ""filled_by_median"": 0, ""sqft"": 300000.0, ""weekday_hours"": 13.75, ""timezone"": ""EST -> America/New_York clock time"", ""tz_missing_filled"": 4}",728264.6742495674,75569.83249877929,21111.270615795678,22497.48997086964,1386.219355073954,0.3478615074259846,809560.0095596303,241809.2189758301,70691.93478469396,71987.72709811726,1295.792313423306,1.0478571167043838
cs-78805,"NREL ComStock MA (simulated, AMY2018)",Outpatient · Suffolk County,Outpatient,National Grid,2018,2018-01-01,35040,502.2179565429687,129.49319573395871,1134.3002665510178,0.2578426239980121,"{""missing_intervals"": 0, ""filled_by_median"": 0, ""sqft"": 46000.0, ""weekday_hours"": 10.0, ""timezone"": ""EST -> America/New_York clock time"", ""tz_missing_filled"": 4}",278685.8654213365,38297.3381602478,10920.486163255675,11689.654996773254,769.1688335175731,0.470227773342376,330384.70544749574,122544.26301040652,37592.258748417284,38289.04405338971,696.7853049724199,1.365399479888141
cs-78806,"NREL ComStock MA (simulated, AMY2018)",Outpatient · Essex County,Outpatient,National Grid,2018,2018-01-01,35040,437.0260925292969,97.1193937894144,850.7296034758091,0.2222279068678349,"{""missing_intervals"": 0, ""filled_by_median"": 0, ""sqft"": 35000.0, ""weekday_hours"": 12.75, ""timezone"": ""EST -> America/New_York clock time"", ""tz_missing_filled"": 4}",212512.16585526633,31115.300679779044,9579.088350861199,10321.84735022915,742.7589993679521,0.54090578648858,255922.62883535467,99563.09689712524,33573.16794013886,33643.31800343253,670.150063293675,1.5742180248580282
cs-78809,"NREL ComStock MA (simulated, AMY2018)",Outpatient · Essex County,Outpatient,National Grid,2018,2018-01-01,35040,470.46868896484375,94.76579220164312,830.0822544717789,0.2014284785033262,"{""missing_intervals"": 0, ""filled_by_median"": 0, ""sqft"": 21000.0, ""weekday_hours"": 9.0, ""timezone"": ""EST -> America/New_York clock time"", ""tz_missing_filled"": 4}",209505.57510806268,32539.19033157348,11624.13772370298,12155.945157269796,531.8074335668134,0.6658040131509015,256736.10348092613,104119.27537765504,38688.591428984124,39192.706636786424,504.11520780230603,1.8083280491257485
cs-78810,"NREL ComStock MA (simulated, AMY2018)",Outpatient · Plymouth County,Outpatient,National Grid,2018,2018-01-01,35040,417.3146057128906,88.57053298718853,775.8528892233372,0.2122392357580803,"{""missing_intervals"": 0, ""filled_by_median"": 0, ""sqft"": 35000.0, ""weekday_hours"": 13.25, ""timezone"": ""EST -> America/New_York clock time"", ""tz_missing_filled"": 4}",194152.6025007146,28283.55731231689,8265.749688564307,9051.618500826346,785.868812262037,0.5108816208755512,233267.16146259411,90502.05190887452,29374.687552838448,29500.66513744512,725.9775846066659,1.5111267630809937
cs-78812,"NREL ComStock MA (simulated, AMY2018)",Outpatient · Worcester County,Outpatient,National Grid,2018,2018-01-01,35040,514.85205078125,84.9045678498538,743.7145161094666,0.1649106140706197,"{""missing_intervals"": 0, ""filled_by_median"": 0, ""sqft"": 35000.0, ""weekday_hours"": 9.25, ""timezone"": ""EST -> America/New_York clock time"", ""tz_missing_filled"": 4}",193754.99074673548,34603.46737258911,12773.374305248342,13929.829985071563,1156.4556798232152,0.7911047404365386,247660.0543173919,110724.57278976441,45407.30181700013,45825.985916582,1018.6840995818766,2.200143350956767
cs-78813,"NREL ComStock MA (simulated, AMY2018)",Outpatient · Norfolk County,Outpatient,Municipal/other,2018,2018-01-01,35040,490.7365112304687,103.4202823551278,905.92798218441,0.2107450332069497,"{""missing_intervals"": 0, ""filled_by_median"": 0, ""sqft"": 46000.0, ""weekday_hours"": 10.75, ""timezone"": ""EST -> America/New_York clock time"", ""tz_missing_filled"": 4}",230066.79718813312,37091.25204421997,11619.980061020715,12740.566564161829,1120.586503141114,0.6060838088610594,285064.2373659703,118685.01478805543,41375.79584930203,41767.264875258064,991.469025956043,1.7417461929964824
cs-78814,"NREL ComStock MA (simulated, AMY2018)",Outpatient · Norfolk County,Outpatient,National Grid,2018,2018-01-01,35040,459.45452880859375,144.53679864352154,1266.0946909999848,0.3145834670915493,"{""missing_intervals"": 0, ""filled_by_median"": 0, ""sqft"": 35000.0, ""weekday_hours"": 12.25, ""timezone"": ""EST -> America/New_York clock time"", ""tz_missing_filled"": 4}",301506.97531801625,33909.83587036133,10544.035981078228,11617.070457983016,1073.0344769047915,0.41965341478246776,340267.9046391185,108505.0827331543,37683.4188718235,38066.878296961055,983.4594251375602,1.3289558618273962
cs-78815,"NREL ComStock MA (simulated, AMY2018)",Outpatient · Essex County,Outpatient,National Grid,2018,2018-01-01,35040,402.57086181640625,94.44531399762792,827.3188603539467,0.2346054395777408,"{""missing_intervals"": 0, ""filled_by_median"": 0, ""sqft"": 46000.0, ""weekday_hours"": 8.0, ""timezone"": ""EST -> America/New_York clock time"", ""tz_missing_filled"": 4}",216220.57696887563,39408.007776947015,12438.257274726519,13356.434171098454,918.1768963719314,0.6903093562561516,278205.3991869582,126098.19642105103,42506.90412830978,42749.48836607632,842.5842377665304,1.833475737819646
cs-78816,"NREL ComStock MA (simulated, AMY2018)",Outpatient · Worcester County,Outpatient,National Grid,2018,2018-01-01,35040,377.7500305175781,84.62800380350792,741.3086971011162,0.2240317590115187,"{""missing_intervals"": 0, ""filled_by_median"": 0, ""sqft"": 35000.0, ""weekday_hours"": 8.0, ""timezone"": ""EST -> America/New_York clock time"", ""tz_missing_filled"": 4}",187175.0625940058,28623.524954071047,11002.180328599039,12044.264464139213,1042.0841355401717,0.705361932906422,228085.57288485565,91589.88427810669,39191.643618436974,39537.17283484078,945.5292164038037,2.061944196964465
cs-78865,"NREL ComStock MA (simulated, AMY2018)",Outpatient · Middlesex County,Outpatient,Eversource,2018,2018-01-01,35040,355.85260009765625,142.53931487706154,1248.6452084941864,0.4005571824905723,"{""missing_intervals"": 0, ""filled_by_median"": 0, ""sqft"": 46000.0, ""weekday_hours"": 9.5, ""timezone"": ""EST -> America/New_York clock time"", ""tz_missing_filled"": 4}",300716.2008698553,36526.150874633786,9526.72692672431,10709.209950999932,1182.4830242756107,0.38016150373676655,345463.21519533393,116876.79756774902,34628.011228049945,35092.35774736467,1064.346519314724,1.2028375712929216
cs-78869,"NREL ComStock MA (simulated, AMY2018)",Outpatient · Worcester County,Outpatient,National Grid,2018,2018-01-01,35040,355.0372619628906,93.61763045820472,820.0869250574112,0.2636839579615445,"{""missing_intervals"": 0, ""filled_by_median"": 0, ""sqft"": 46000.0, ""weekday_hours"": 8.0, ""timezone"": ""EST -> America/New_York clock time"", ""tz_missing_filled"": 4}",209245.0581797794,34111.79240234375,10411.30959216148,11917.839029963458,1506.529437801977,0.5970784504673718,259942.3236504087,109151.30556640624,38678.914502098734,39412.91322958009,1333.998727481363,1.7855767675963645
cs-78870,"NREL ComStock MA (simulated, AMY2018)",Outpatient · Berkshire County,Outpatient,National Grid,2018,2018-01-01,35040,369.97509765625,82.17754578062389,719.8717045936585,0.2221164243247971,"{""missing_intervals"": 0, ""filled_by_median"": 0, ""sqft"": 46000.0, ""weekday_hours"": 6.0, ""timezone"": ""EST -> America/New_York clock time"", ""tz_missing_filled"": 4}",190668.7505870492,36233.458249511714,12657.676740821427,14112.328192192694,1454.6514513712646,0.7966282908038005,248539.19973780838,115940.23634033203,44439.164422341724,45156.79002120093,1317.625598859213,2.145617164739661
cs-79129,"NREL ComStock MA (simulated, AMY2018)",MediumOffice · Middlesex County,MediumOffice,Municipal/other,2018,2018-01-01,35040,408.7483520507813,138.33739514546852,1211.833540019989,0.3384414749353706,"{""missing_intervals"": 0, ""filled_by_median"": 0, ""sqft"": 90000.0, ""weekday_hours"": 11.0, ""timezone"": ""EST -> America/New_York clock time"", ""tz_missing_filled"": 4}",292316.0204719501,35753.78461135864,9115.35810915166,9587.684738732252,472.3266295805897,0.37419877683479946,336309.8842224316,114405.37111740114,30244.178213096635,30678.78387181527,434.6056587186249,1.07915394576129
cs-79135,"NREL ComStock MA (simulated, AMY2018)",MediumOffice · Middlesex County,MediumOffice,National Grid,2018,2018-01-01,35040,305.2821350097656,84.32284549425727,738.6681801815033,0.2762128399408628,"{""missing_intervals"": 0, ""filled_by_median"": 0, ""sqft"": 67000.0, ""weekday_hours"": 9.75, ""timezone"": ""EST -> America/New_York clock time"", ""tz_missing_filled"": 4}",181022.01261916928,23021.98738578796,7805.419572494122,8485.08940193891,679.6698294447942,0.5174234531740635,209676.444966287,73666.01995735169,27208.079944207937,27266.997670378354,658.9177261704062,1.5571465806900309
cs-79137,"NREL ComStock MA (simulated, AMY2018)",MediumOffice · Middlesex County,MediumOffice,Municipal/other,2018,2018-01-01,35040,459.6624755859375,158.38049053155123,1387.4127942037585,0.3445582333638647,"{""missing_intervals"": 0, ""filled_by_median"": 0, ""sqft"": 125000.0, ""weekday_hours"": 12.25, ""timezone"": ""EST -> America/New_York clock time"", ""tz_missing_filled"": 4}",334787.9103462136,41726.725200500485,9992.816745252974,10312.67711020613,319.86036495315057,0.3581784085901712,387294.75460355595,133517.65509490969,32755.09093519395,33055.77619699579,300.68526180181834,1.0148887547539187
cs-79138,"NREL ComStock MA (simulated, AMY2018)",MediumOffice · Norfolk County,MediumOffice,Municipal/other,2018,2018-01-01,35040,451.4819641113281,140.78668198498417,1233.2869079933166,0.3118323502957661,"{""missing_intervals"": 0, ""filled_by_median"": 0, ""sqft"": 125000.0, ""weekday_hours"": 8.5, ""timezone"": ""EST -> America/New_York clock time"", ""tz_missing_filled"": 4}",302191.4918514738,41187.62950744628,12160.656175296233,13130.220446827234,969.5642715310041,0.4828986852326005,357592.02639266796,131792.65049743652,42538.861068607555,43394.04740574471,855.1863371371601,1.4275103893473091
cs-79139,"NREL ComStock MA (simulated, AMY2018)",MediumOffice · Worcester County,MediumOffice,National Grid,2018,2018-01-01,35040,423.6075134277344,102.505945360715,897.9491210765839,0.2419833032026757,"{""missing_intervals"": 0, ""filled_by_median"": 0, ""sqft"": 90000.0, ""weekday_hours"": 7.5, ""timezone"": ""EST -> America/New_York clock time"", ""tz_missing_filled"": 4}",226021.9830097595,34733.4965361023,10523.56134929158,10900.284213328981,376.72286403740145,0.5587188224343919,276065.88293158147,111140.64160232546,34535.50881830886,34878.85476366814,343.3459453592859,1.5011855192639476
cs-79141,"NREL ComStock MA (simulated, AMY2018)",LargeHotel · Suffolk County,LargeHotel,Eversource,2018,2018-01-01,35040,2323.8583984375,548.604036072509,4805.700130622864,0.2360746405380704,"{""missing_intervals"": 0, ""filled_by_median"": 0, ""sqft"": 300000.0, ""weekday_hours"": 9.75, ""timezone"": ""EST -> America/New_York clock time"", ""tz_missing_filled"": 4}",1171421.9847881538,166119.79409240722,24632.500897442893,25046.27713587905,413.7762384361413,0.25233435483351524,1404212.1014998984,527380.4272460938,81802.63172551498,82113.99683592186,311.3651104069286,0.6990621855898105
cs-79142,"NREL ComStock MA (simulated, AMY2018)",LargeHotel · Middlesex County,LargeHotel,Eversource,2018,2018-01-01,35040,1387.9373779296875,409.09093938156894,3583.6080768966676,0.2947474042321622,"{""missing_intervals"": 0, ""filled_by_median"": 0, ""sqft"": 175000.0, ""weekday_hours"": 9.0, ""timezone"": ""EST -> America/New_York clock time"", ""tz_missing_filled"": 4}",831841.3559497837,82628.92958312988,18194.969824972854,18981.38538341244,786.4155584395849,0.26247749806857995,917119.8589254611,262142.30166625982,63982.22687668079,62167.18173149589,704.954854815107,0.8371716248950741
cs-79143,"NREL ComStock MA (simulated, AMY2018)",LargeHotel · Suffolk County,LargeHotel,Eversource,2018,2018-01-01,35040,1734.22119140625,467.0118715099004,4090.9671629219056,0.2692919875642902,"{""missing_intervals"": 0, ""filled_by_median"": 0, ""sqft"": 300000.0, ""weekday_hours"": 17.75, ""timezone"": ""EST -> America/New_York clock time"", ""tz_missing_filled"": 4}",953678.9050640115,98712.87298095704,20839.3804560665,22043.086373286686,1203.705917220199,0.26221882873252084,1062946.1717312331,315862.5860229493,76129.85540007957,74609.5105876801,999.6551876004742,0.8594586340275647
cs-79145,"NREL ComStock MA (simulated, AMY2018)",LargeHotel · Suffolk County,LargeHotel,Eversource,2018,2018-01-01,35040,1444.880126953125,340.00168212407254,2978.3107319278715,0.2353148027864756,"{""missing_intervals"": 0, ""filled_by_median"": 0, ""sqft"": 175000.0, ""weekday_hours"": 12.0, ""timezone"": ""EST -> America/New_York clock time"", ""tz_missing_filled"": 4}",710105.3246982346,86373.41999176025,18801.902446657048,19167.319934404662,365.41748774759617,0.3177314991346741,821490.2893802633,276378.66246185306,62044.440626652664,62425.64680246851,381.2061758158452,0.906320253744584
cs-79146,"NREL ComStock MA (simulated, AMY2018)",LargeHotel · Suffolk County,LargeHotel,Eversource,2018,2018-01-01,35040,2556.888671875,604.4972681319877,5295.375926979065,0.2364190802600341,"{""missing_intervals"": 0, ""filled_by_median"": 0, ""sqft"": 300000.0, ""weekday_hours"": 12.5, ""timezone"": ""EST -> America/New_York clock time"", ""tz_missing_filled"": 4}",1274790.6727953092,168862.3204345703,25917.933033060748,26202.962417046176,285.029383985413,0.24397354250698078,1506040.8429803299,540327.5946044923,83581.87243945299,83844.54043908743,262.66799963441736,0.6659729541521707
cs-79148,"NREL ComStock MA (simulated, AMY2018)",LargeHotel · Suffolk County,LargeHotel,Eversource,2018,2018-01-01,35040,931.18603515625,315.3330259701977,2762.2779913978575,0.3386359052488215,"{""missing_intervals"": 0, ""filled_by_median"": 0, ""sqft"": 175000.0, ""weekday_hours"": 11.5, ""timezone"": ""EST -> America/New_York clock time"", ""tz_missing_filled"": 4}",643443.2859228996,64714.937004089355,14932.253150921548,15973.054478220261,1040.8013272987373,0.2784814788362398,710439.0603862505,207075.59955596924,50294.37406270569,51221.90039321332,927.5263305076369,0.8495204197026281
cs-79149,"NREL ComStock MA (simulated, AMY2018)",LargeHotel · Middlesex County,LargeHotel,Eversource,2018,2018-01-01,35040,2771.7705078125,809.6020980730449,7092.060535133362,0.2920884307669426,"{""missing_intervals"": 0, ""filled_by_median"": 0, ""sqft"": 300000.0, ""weekday_hours"": 10.75, ""timezone"": ""EST -> America/New_York clock time"", ""tz_missing_filled"": 4}",1693222.9488658246,212838.49741821288,26910.99200644823,27225.11255002654,314.1205435783195,0.19072024997871012,1968534.8083978808,676663.2851562501,95457.09964977192,95752.4239532314,295.32430345944886,0.5818973537630925
cs-79150,"NREL ComStock MA (simulated, AMY2018)",LargeHotel · Middlesex County,LargeHotel,National Grid,2018,2018-01-01,35040,2252.837646484375,601.978202850307,5273.174735847473,0.2672088704615324,"{""missing_intervals"": 0, ""filled_by_median"": 0, ""sqft"": 300000.0, ""weekday_hours"": 13.25, ""timezone"": ""EST -> America/New_York clock time"", ""tz_missing_filled"": 4}",1255625.3128864227,154473.44887268066,23729.826989749257,24133.76341677036,403.93642702112265,0.22678574647590652,1455993.3416406035,494285.9179290773,76987.62942953601,77364.74691810692,377.1174885708606,0.6345163310386038
cs-79152,"NREL ComStock MA (simulated, AMY2018)",LargeHotel · Suffolk County,LargeHotel,Eversource,2018,2018-01-01,35040,2471.42138671875,496.043170518309,4345.361560596466,0.2007116929488476,"{""missing_intervals"": 0, ""filled_by_median"": 0, ""sqft"": 300000.0, ""weekday_hours"": 12.75, ""timezone"": ""EST -> America/New_York clock time"", ""tz_missing_filled"": 4}",1032158.8526137961,123438.91523132323,20750.619630804606,21263.020840452766,512.4012096481747,0.24124914003215608,1182289.8271373445,389040.588458252,73131.34960716372,73614.91573497874,483.5661278149928,0.7422682451821674
cs-79453,"NREL ComStock MA (simulated, AMY2018)",Outpatient · Suffolk County,Outpatient,Eversource,2018,2018-01-01,35040,685.4130859375,182.43092231336792,1597.9455971240998,0.2661620066150926,"{""missing_intervals"": 0, ""filled_by_median"": 0, ""sqft"": 75000.0, ""weekday_hours"": 6.5, ""timezone"": ""EST -> America/New_York clock time"", ""tz_missing_filled"": 4}",398016.6971816666,61113.16288146973,17901.11020058457,18416.86834280673,515.7581422221592,0.5397093235738492,487572.76477240084,195550.6013031006,58478.59691875432,58930.50709126187,451.9101725075452,1.4392583296825978
cs-79454,"NREL ComStock MA (simulated, AMY2018)",Outpatient · Middlesex County,Outpatient,National Grid,2018,2018-01-01,35040,586.4345092773438,148.9403160765835,1304.646389837265,0.2539760428834942,"{""missing_intervals"": 0, ""filled_by_median"": 0, ""sqft"": 58000.0, ""weekday_hours"": 6.5, ""timezone"": ""EST -> America/New_York clock time"", ""tz_missing_filled"": 4}",320120.13553105306,44521.38812683106,16343.163904875542,17146.421385493177,803.257480617649,0.6126386474664046,381225.3573191231,142460.04966125492,56439.788961964376,57181.42003945975,741.6310774953581,1.776580320643846
cs-79455,"NREL ComStock MA (simulated, AMY2018)",Outpatient · Norfolk County,Outpatient,Municipal/other,2018,2018-01-01,35040,1501.9903564453125,357.33079491859155,3130.0632735538484,0.237904852974069,"{""missing_intervals"": 0, ""filled_by_median"": 0, ""sqft"": 175000.0, ""weekday_hours"": 11.25, ""timezone"": ""EST -> America/New_York clock time"", ""tz_missing_filled"": 4}",768318.5600810586,112520.19686950682,19666.57127429115,19972.801015411147,306.2297411200052,0.3071627675720805,932711.8503720055,360043.4197662354,63968.542815577486,64238.378107570476,269.8352919930039,0.8230007086119567
cs-79456,"NREL ComStock MA (simulated, AMY2018)",Outpatient · Suffolk County,Outpatient,National Grid,2018,2018-01-01,35040,670.580322265625,249.37357500013152,2184.464707953453,0.3718772632003234,"{""missing_intervals"": 0, ""filled_by_median"": 0, ""sqft"": 90000.0, ""weekday_hours"": 18.75, ""timezone"": ""EST -> America/New_York clock time"", ""tz_missing_filled"": 4}",519656.08011622424,60361.049291076655,9930.428637784695,10278.40893331039,347.98029552567095,0.22931540342367268,591618.5367995371,193143.9795883179,33149.51923995694,33491.12682068977,341.60758073284524,0.6723829733791306
cs-79457,"NREL ComStock MA (simulated, AMY2018)",Outpatient · Norfolk County,Outpatient,Municipal/other,2018,2018-01-01,35040,593.92724609375,182.0349136715066,1594.5618600349426,0.3064936233667462,"{""missing_intervals"": 0, ""filled_by_median"": 0, ""sqft"": 90000.0, ""weekday_hours"": 10.5, ""timezone"": ""EST -> America/New_York clock time"", ""tz_missing_filled"": 4}",399907.8530027589,63068.04761047363,13375.80125900123,13846.362644321493,470.5613853202558,0.401366499564357,493198.2933555661,201805.86393737796,44022.08083809892,44449.26366625376,427.1828281548369,1.0711005637571012
cs-79458,"NREL ComStock MA (simulated, AMY2018)",Outpatient · Norfolk County,Outpatient,Eversource,2018,2018-01-01,35040,871.4061279296875,237.5228049812796,2080.6350990133287,0.2725741733600076,"{""missing_intervals"": 0, ""filled_by_median"": 0, ""sqft"": 90000.0, ""weekday_hours"": 9.5, ""timezone"": ""EST -> America/New_York clock time"", ""tz_missing_filled"": 4}",511327.07215096685,73997.96527282715,16705.78219044876,17068.156223844937,362.3740333961796,0.39205705546174857,616408.9696970624,236779.54015197756,54477.51912275404,54796.33413518396,318.81501242994636,1.0605462632938776
cs-79459,"NREL ComStock MA (simulated, AMY2018)",Outpatient · Norfolk County,Outpatient,Municipal/other,2018,2018-01-01,35040,587.8745727539062,189.79091455860225,1662.4739667243955,0.3228425302858809,"{""missing_intervals"": 0, ""filled_by_median"": 0, ""sqft"": 75000.0, ""weekday_hours"": 7.75, ""timezone"": ""EST -> America/New_York clock time"", ""tz_missing_filled"": 4}",407324.07942999166,56932.77301757812,15866.181328691262,16625.878721607005,759.6973929157466,0.4674267630107513,485900.18549369695,182174.14174804688,52532.69851017444,53199.67790749838,666.9793973239248,1.2973701203295191
cs-79460,"NREL ComStock MA (simulated, AMY2018)",Outpatient · Middlesex County,Outpatient,National Grid,2018,2018-01-01,35040,1431.7003173828125,397.70155956951993,3483.674411180496,0.2777826859021232,"{""missing_intervals"": 0, ""filled_by_median"": 0, ""sqft"": 175000.0, ""weekday_hours"": 6.25, ""timezone"": ""EST -> America/New_York clock time"", ""tz_missing_filled"": 4}",857895.9756208832,128311.23264465333,25934.267066998364,26436.77425891879,502.50719192042015,0.3627610032542094,1047437.8912059533,410571.75761413574,84157.50447557447,84592.69425921707,435.18978364257055,0.9641526835965144
cs-79461,"NREL ComStock MA (simulated, AMY2018)",Outpatient · Suffolk County,Outpatient,National Grid,2018,2018-01-01,35040,548.5194091796875,147.38968387629888,1291.0715409755708,0.268704591687504,"{""missing_intervals"": 0, ""filled_by_median"": 0, ""sqft"": 58000.0, ""weekday_hours"": 12.0, ""timezone"": ""EST -> America/New_York clock time"", ""tz_missing_filled"": 4}",314633.43377005425,41427.16155776978,9923.570781010563,10402.35786882106,478.7870878104841,0.37848123114327675,368858.5958975469,132559.10790634158,32913.91010015541,33360.744315085125,446.83421492971684,1.0707813931807346
cs-79462,"NREL ComStock MA (simulated, AMY2018)",Outpatient · Essex County,Outpatient,National Grid,2018,2018-01-01,35040,585.1768188476562,167.94015140304828,1471.1209520673751,0.286990437751379,"{""missing_intervals"": 0, ""filled_by_median"": 0, ""sqft"": 58000.0, ""weekday_hours"": 11.0, ""timezone"": ""EST -> America/New_York clock time"", ""tz_missing_filled"": 4}",367348.6217127915,56464.43256774901,13907.064159161699,14218.116692439255,311.0525332775651,0.4542953479227094,449654.439584982,180675.54059143068,45462.475262412656,45757.16401145901,294.6887490463487,1.2132643539614074
cs-79463,"NREL ComStock MA (simulated, AMY2018)",Outpatient · Norfolk County,Outpatient,Eversource,2018,2018-01-01,35040,828.5929565429688,252.7475092517731,2213.963936122894,0.3050321720163768,"{""missing_intervals"": 0, ""filled_by_median"": 0, ""sqft"": 90000.0, ""weekday_hours"": 12.0, ""timezone"": ""EST -> America/New_York clock time"", ""tz_missing_filled"": 4}",542165.5606502821,76570.96409729002,14622.496173380758,14982.072753174263,359.5765797935019,0.32364644089548517,648852.4482815383,245012.65137634278,47624.31386378258,47939.808668262616,315.49480448003305,0.8807730754179409
cs-79464,"NREL ComStock MA (simulated, AMY2018)",Outpatient · Suffolk County,Outpatient,Eversource,2018,2018-01-01,35040,1373.5400390625,390.2907318883835,3418.7066996936796,0.2841495120555595,"{""missing_intervals"": 0, ""filled_by_median"": 0, ""sqft"": 175000.0, ""weekday_hours"": 10.0, ""timezone"": ""EST -> America/New_York clock time"", ""tz_missing_filled"": 4}",827269.8683830039,110747.17805725096,16767.11645168745,17082.740351343513,315.62389965606417,0.24321615606951694,979451.508446526,354370.0937835693,56903.196365789496,54661.54900359211,278.3526378026072,0.6971640254784028
cs-79837,"NREL ComStock MA (simulated, AMY2018)",Outpatient · Hampshire County,Outpatient,National Grid,2018,2018-01-01,35040,422.8544921875,103.47515636677068,906.4385530996324,0.2447062956135943,"{""missing_intervals"": 0, ""filled_by_median"": 0, ""sqft"": 67000.0, ""weekday_hours"": 9.25, ""timezone"": ""EST -> America/New_York clock time"", ""tz_missing_filled"": 4}",231201.35975134978,37888.51139831543,9578.777223776571,10035.653064619371,456.87584084279115,0.4971654440481628,287702.5778215221,121236.09443664554,31703.76146172029,32112.1980719913,408.43661027099915,1.3223556786364798
cs-79838,"NREL ComStock MA (simulated, AMY2018)",Outpatient · Norfolk County,Outpatient,Eversource,2018,2018-01-01,35040,793.7135620117188,229.44652503331503,2009.947123796463,0.2890797587630578,"{""missing_intervals"": 0, ""filled_by_median"": 0, ""sqft"": 175000.0, ""weekday_hours"": 7.25, ""timezone"": ""EST -> America/New_York clock time"", ""tz_missing_filled"": 4}",505799.85218826495,82820.1524267578,15817.796936464638,16477.87400293922,660.0770664745869,0.375274058338247,631795.3826080523,265008.87604980473,53404.31547391702,54003.14804902387,598.8325751068369,1.0143343926344746
cs-79839,"NREL ComStock MA (simulated, AMY2018)",Outpatient · Essex County,Outpatient,Municipal/other,2018,2018-01-01,35040,382.3614807128906,135.21266243261834,1184.4626408348083,0.353625219204932,"{""missing_intervals"": 0, ""filled_by_median"": 0, ""sqft"": 58000.0, ""weekday_hours"": 8.0, ""timezone"": ""EST -> America/New_York clock time"", ""tz_missing_filled"": 4}",288942.83669731976,38143.75996444702,11984.379192247137,12788.143769263099,803.7645770159597,0.4977197287559531,338988.39612935553,122052.84173355106,41664.67259240954,41794.153240234446,729.4806478248993,1.4749061525932798
cs-79840,"NREL ComStock MA (simulated, AMY2018)",Outpatient · Suffolk County,Outpatient,Eversource,2018,2018-01-01,35040,998.35595703125,279.24796977130245,2446.1967042922975,0.2797078214484592,"{""missing_intervals"": 0, ""filled_by_median"": 0, ""sqft"": 175000.0, ""weekday_hours"": 7.25, ""timezone"": ""EST -> America/New_York clock time"", ""tz_missing_filled"": 4}",614311.6349304961,100651.43861816406,18264.015258729756,18711.264166985653,447.24890825588955,0.35677035993230705,768046.5340642891,322065.6306396484,61964.19548402305,62376.91490133629,412.71941731326297,0.9681318941360345
cs-79841,"NREL ComStock MA (simulated, AMY2018)",Outpatient · Hampshire County,Outpatient,National Grid,2018,2018-01-01,35040,496.065673828125,137.07877590422217,1200.8083011031151,0.2763319115519304,"{""missing_intervals"": 0, ""filled_by_median"": 0, ""sqft"": 67000.0, ""weekday_hours"": 8.75, ""timezone"": ""EST -> America/New_York clock time"", ""tz_missing_filled"": 4}",303735.98710748536,49158.6652874756,11128.355478293597,11584.020003545493,455.6645252518829,0.43965901772537164,377201.5157054832,157298.46244201664,36761.29377339181,37158.93324539497,397.6394720031676,1.1694956327406112
cs-79842,"NREL ComStock MA (simulated, AMY2018)",Outpatient · Essex County,Outpatient,Municipal/other,2018,2018-01-01,35040,441.5602416992187,121.06545937279044,1060.5316925706863,0.2741765402313046,"{""missing_intervals"": 0, ""filled_by_median"": 0, ""sqft"": 90000.0, ""weekday_hours"": 7.5, ""timezone"": ""EST -> America/New_York clock time"", ""tz_missing_filled"": 4}",270741.04390313936,45580.46124359131,13368.717025074016,14410.580386554395,1041.8633614803766,0.5925389146326919,340287.51647600555,145848.88399810795,47412.799381696816,48358.40853443975,945.6091527429489,1.6719790325322734
cs-79843,"NREL ComStock MA (simulated, AMY2018)",Outpatient · Middlesex County,Outpatient,National Grid,2018,2018-01-01,35040,376.5068054199219,128.00144542602644,1121.280921175003,0.3399711335450235,"{""missing_intervals"": 0, ""filled_by_median"": 0, ""sqft"": 58000.0, ""weekday_hours"": 9.0, ""timezone"": ""EST -> America/New_York clock time"", ""tz_missing_filled"": 4}",273760.33151323715,36077.47460662842,9957.412852492227,10471.614348145788,514.2014956535604,0.436472857734427,320909.3750067571,115441.1180862427,33666.45318060301,33526.96265587872,460.50947527569224,1.2589144151950362
cs-79844,"NREL ComStock MA (simulated, AMY2018)",Outpatient · Hampshire County,Outpatient,National Grid,2018,2018-01-01,35040,374.8731689453125,102.97440685376728,902.0535925683976,0.274691323317379,"{""missing_intervals"": 0, ""filled_by_median"": 0, ""sqft"": 58000.0, ""weekday_hours"": 10.0, ""timezone"": ""EST -> America/New_York clock time"", ""tz_missing_filled"": 4}",226062.83936319684,34223.635816040034,14244.052904520338,15652.951995068019,1408.8990905476858,0.756111156241946,275179.3735147927,109509.18340759279,51107.329617443706,51798.55609983903,1291.2264823953137,2.2286843217060968
cs-79845,"NREL ComStock MA (simulated, AMY2018)",Outpatient · Hampshire County,Outpatient,National Grid,2018,2018-01-01,35040,424.7569274902344,103.58235959691,907.3871712903976,0.2438626727266066,"{""missing_intervals"": 0, ""filled_by_median"": 0, ""sqft"": 75000.0, ""weekday_hours"": 6.0, ""timezone"": ""EST -> America/New_York clock time"", ""tz_missing_filled"": 4}",232834.7939217584,39634.896740417484,15416.945451416688,17076.233344300726,1659.2878928840455,0.79456915481098,293461.1565968793,126824.19833526613,54350.03913647999,55241.88988547579,1491.8507489958229,2.2224422380154123
cs-79846,"NREL ComStock MA (simulated, AMY2018)",Outpatient · Bristol County,Outpatient,National Grid,2018,2018-01-01,35040,534.2618408203125,150.74311346343663,1320.5052603530885,0.2821521245687016,"{""missing_intervals"": 0, ""filled_by_median"": 0, ""sqft"": 75000.0, ""weekday_hours"": 8.25, ""timezone"": ""EST -> America/New_York clock time"", ""tz_missing_filled"": 4}",331976.98760628793,52565.8112512207,12417.946958502784,12930.245316792756,512.2983582899724,0.4488725696817273,409832.8083844446,168200.6872741699,41413.996658843214,41868.146169696,454.14951085279245,1.2126114594513786
cs-79847,"NREL ComStock MA (simulated, AMY2018)",Outpatient · Worcester County,Outpatient,National Grid,2018,2018-01-01,35040,2675.681640625,797.3741618770442,6984.995179023743,0.2980078607897423,"{""missing_intervals"": 0, ""filled_by_median"": 0, ""sqft"": 500000.0, ""weekday_hours"": 9.5, ""timezone"": ""EST -> America/New_York clock time"", ""tz_missing_filled"": 4}",1730828.6756646018,270711.1529858398,19014.82478723518,19220.414889603144,205.59010236796166,0.13183159064498778,2138651.2849841584,866224.6601196289,61323.65595113704,61501.70457135031,178.04862021315785,0.34408782608946714
cs-79848,"NREL ComStock MA (simulated, AMY2018)",Outpatient · Norfolk County,Outpatient,Municipal/other,2018,2018-01-01,35040,471.349365234375,141.20767989267495,1236.9763702545165,0.2995817758711959,"{""missing_intervals"": 0, ""filled_by_median"": 0, ""sqft"": 90000.0, ""weekday_hours"": 8.0, ""timezone"": ""EST -> America/New_York clock time"", ""tz_missing_filled"": 4}",309100.1376537252,47196.65585021972,13034.492243305165,14256.759868297322,1222.267624992155,0.5060298843829288,377489.25003118603,151020.4020843506,47203.5875887789,48303.62271137242,1100.0351225935283,1.5005541244381144
cs-81458,"NREL ComStock MA (simulated, AMY2018)",Hospital · Essex County,Hospital,National Grid,2018,2018-01-01,35040,932.211181640625,383.3042257631206,3357.744338695526,0.4111774599061691,"{""missing_intervals"": 0, ""filled_by_median"": 0, ""sqft"": 125000.0, ""weekday_hours"": 9.0, ""timezone"": ""EST -> America/New_York clock time"", ""tz_missing_filled"": 4}",817466.6049281874,114177.51914916991,28359.38754196753,30673.687899925586,2314.3003579580545,0.4163015937923312,976797.9917139111,365346.5386535645,96145.74967903065,98150.01924622752,2004.2695671968322,1.1811541443937397
cs-81462,"NREL ComStock MA (simulated, AMY2018)",Hospital · Essex County,Hospital,National Grid,2018,2018-01-01,35040,435.34967041015625,200.53443808838657,1756.6788945331573,0.4606284366758724,"{""missing_intervals"": 0, ""filled_by_median"": 0, ""sqft"": 125000.0, ""weekday_hours"": 8.25, ""timezone"": ""EST -> America/New_York clock time"", ""tz_missing_filled"": 4}",421399.3974596959,51447.69345855712,14306.073854904753,16671.982090851026,2365.90823594627,0.40738759308566985,485433.3460490102,164622.92110443118,51894.15445932775,53347.19999852897,2053.0455392012336,1.282832872072742
cs-81468,"NREL ComStock MA (simulated, AMY2018)",Hospital · Worcester County,Hospital,National Grid,2018,2018-01-01,35040,2214.35595703125,1283.5019280333497,11243.476909057616,0.5796276447595712,"{""missing_intervals"": 0, ""filled_by_median"": 0, ""sqft"": 800000.0, ""weekday_hours"": 13.5, ""timezone"": ""EST -> America/New_York clock time"", ""tz_missing_filled"": 4}",2614270.5496799606,268497.6378503418,17302.85912716543,18483.03280505792,1180.1736778925406,0.0794234206369359,2904610.1887007984,859141.8289367675,58120.146914554294,59142.220898371044,1022.0739838167501,0.2401154432659378
cs-81961,"NREL ComStock MA (simulated, AMY2018)",SecondarySchool · Middlesex County,SecondarySchool,Eversource,2018,2018-01-01,35040,490.62841796875,81.78729811645533,716.4512179398537,0.1666990641411738,"{""missing_intervals"": 0, ""filled_by_median"": 0, ""sqft"": 125000.0, ""weekday_hours"": 7.0, ""timezone"": ""EST -> America/New_York clock time"", ""tz_missing_filled"": 4}",188205.378240185,34674.136325378415,11398.946799497753,12172.225822642054,773.2790231442941,0.7267983671508419,242929.09058671468,110950.7001174927,38247.65936533225,38948.828150678404,701.1687853461444,1.889324622569872
cs-81962,"NREL ComStock MA (simulated, AMY2018)",SecondarySchool · Essex County,SecondarySchool,National Grid,2018,2018-01-01,35040,730.8167724609375,138.2606999691763,1211.1638383383752,0.1891865446705609,"{""missing_intervals"": 0, ""filled_by_median"": 0, ""sqft"": 125000.0, ""weekday_hours"": 10.5, ""timezone"": ""EST -> America/New_York clock time"", ""tz_missing_filled"": 4}",309497.76773497066,52788.674353027345,12174.1833684436,12872.0752602525,697.8918918089057,0.47202343813485353,390696.3594108855,168913.80718994144,40526.925871668456,41188.214428423424,661.2885567549692,1.2447597699485287
cs-81963,"NREL ComStock MA (simulated, AMY2018)",SecondarySchool · Middlesex County,SecondarySchool,National Grid,2018,2018-01-01,35040,743.3722534179688,147.71925349807086,1294.0286713433266,0.1987150486433533,"{""missing_intervals"": 0, ""filled_by_median"": 0, ""sqft"": 175000.0, ""weekday_hours"": 8.75, ""timezone"": ""EST -> America/New_York clock time"", ""tz_missing_filled"": 4}",327061.3930229122,53238.43920806884,12127.790472174267,12801.21466779564,673.4241956213591,0.4449729890800529,407176.5404713053,170352.9699447632,40327.895998614025,40961.47388988331,633.5778912692986,1.1885133446617913
cs-81964,"NREL ComStock MA (simulated, AMY2018)",SecondarySchool · Bristol County,SecondarySchool,National Grid,2018,2018-01-01,35040,1202.3468017578125,174.86452434971997,1531.8080145306587,0.1454360123835076,"{""missing_intervals"": 0, ""filled_by_median"": 0, ""sqft"": 175000.0, ""weekday_hours"": 9.5, ""timezone"": ""EST -> America/New_York clock time"", ""tz_missing_filled"": 4}",414019.34891496197,90115.8446105957,16255.339942457518,16574.67454948879,319.33460703127275,0.47114725391627926,570863.7720313879,288353.7157897949,52759.175293724846,53035.83420877891,276.65891505408945,1.1090388540015599
cs-81965,"NREL ComStock MA (simulated, AMY2018)",SecondarySchool · Bristol County,SecondarySchool,National Grid,2018,2018-01-01,35040,692.5894775390625,105.05886077039862,920.291671085596,0.1516899464653983,"{""missing_intervals"": 0, ""filled_by_median"": 0, ""sqft"": 125000.0, ""weekday_hours"": 10.5, ""timezone"": ""EST -> America/New_York clock time"", ""tz_missing_filled"": 4}",247928.5999636121,51760.42019729614,13765.629987761818,14246.549757625178,480.91976986335976,0.6662706919548047,334608.48228086164,165623.58771896362,45154.148862107104,45586.273729630055,432.1248675229708,1.6193546040786577
cs-81966,"NREL ComStock MA (simulated, AMY2018)",SecondarySchool · Norfolk County,SecondarySchool,Eversource,2018,2018-01-01,35040,1113.6378173828125,176.11185369387474,1542.7552838119864,0.1581410499400599,"{""missing_intervals"": 0, ""filled_by_median"": 0, ""sqft"": 125000.0, ""weekday_hours"": 10.25, ""timezone"": ""EST -> America/New_York clock time"", ""tz_missing_filled"": 4}",405911.39142111276,80133.17219329833,16348.985147476575,16652.446327946185,303.46118046961055,0.4833267208462841,540904.6086594971,256411.04580230714,55541.565236811875,53284.689239752406,263.12400294053623,1.2321928343215647
cs-81967,"NREL ComStock MA (simulated, AMY2018)",SecondarySchool · Worcester County,SecondarySchool,National Grid,2018,2018-01-01,35040,664.2780151367188,82.58478507579869,723.4460440805555,0.1243226227482501,"{""missing_intervals"": 0, ""filled_by_median"": 0, ""sqft"": 125000.0, ""weekday_hours"": 8.75, ""timezone"": ""EST -> America/New_York clock time"", ""tz_missing_filled"": 4}",199660.15436975117,44652.15164947509,12136.806265161295,12888.464259095887,751.6579939345938,0.7294478742725068,276125.02474954026,142878.46828460696,40562.95573982381,41240.65613537279,677.700395548969,1.7628082399246436
cs-81968,"NREL ComStock MA (simulated, AMY2018)",SecondarySchool · Norfolk County,SecondarySchool,Municipal/other,2018,2018-01-01,35040,1311.6602783203125,213.27594309108983,1868.2973452239037,0.1625999861520599,"{""missing_intervals"": 0, ""filled_by_median"": 0, ""sqft"": 300000.0, ""weekday_hours"": 10.0, ""timezone"": ""EST -> America/New_York clock time"", ""tz_missing_filled"": 4}",492034.6545017899,97887.15834381102,16880.432460192773,17531.296839295184,650.864379102426,0.41168886717424574,656812.4567085503,313220.45483245846,55533.17262556737,56096.84521150535,563.6725859379767,1.0145941428186274
cs-81969,"NREL ComStock MA (simulated, AMY2018)",SecondarySchool · Bristol County,SecondarySchool,Eversource,2018,2018-01-01,35040,667.59521484375,82.54250250703667,723.0721355507374,0.1236415430664158,"{""missing_intervals"": 0, ""filled_by_median"": 0, ""sqft"": 125000.0, ""weekday_hours"": 8.0, ""timezone"": ""EST -> America/New_York clock time"", ""tz_missing_filled"": 4}",200934.57474588475,46082.8070866394,15894.830005745796,16266.228702373744,371.3986966279517,0.9492540560038982,280635.614608657,147456.29600296024,51705.78958421311,52048.86564048904,343.0760562759424,2.210943453758692
cs-81970,"NREL ComStock MA (simulated, AMY2018)",SecondarySchool · Middlesex County,SecondarySchool,National Grid,2018,2018-01-01,35040,594.717041015625,83.62984150068401,732.5957019364834,0.140621229480604,"{""missing_intervals"": 0, ""filled_by_median"": 0, ""sqft"": 125000.0, ""weekday_hours"": 11.0, ""timezone"": ""EST -> America/New_York clock time"", ""tz_missing_filled"": 4}",198687.6555266009,41527.91219833374,11873.17818966974,12430.19811018429,557.0199205145473,0.717096076746255,267789.899082452,132881.49096450806,39277.56699267751,39790.16045343498,512.5934607574782,1.7600768569952976
cs-81971,"NREL ComStock MA (simulated, AMY2018)",SecondarySchool · Worcester County,SecondarySchool,National Grid,2018,2018-01-01,35040,1871.1522216796875,416.10233527596137,3645.042187238216,0.2223775973193867,"{""missing_intervals"": 0, ""filled_by_median"": 0, ""sqft"": 500000.0, ""weekday_hours"": 12.0, ""timezone"": ""EST -> America/New_York clock time"", ""tz_missing_filled"": 4}",931514.4316494204,167097.26818847653,16096.273719972378,16263.779242035413,167.50552206302382,0.2073561912483213,1200806.8587742087,534679.7601318359,51895.96186176471,52041.02782913311,145.06596736843494,0.518610913812472
cs-81972,"NREL ComStock MA (simulated, AMY2018)",SecondarySchool · Middlesex County,SecondarySchool,National Grid,2018,2018-01-01,35040,1388.9774169921875,244.4386407006821,2141.258964326382,0.1759846040045854,"{""missing_intervals"": 0, ""filled_by_median"": 0, ""sqft"": 300000.0, ""weekday_hours"": 9.25, ""timezone"": ""EST -> America/New_York clock time"", ""tz_missing_filled"": 4}",548479.8119287825,98295.15215209962,18290.888360703804,18781.109768425988,490.2214077221761,0.40018001675683457,707672.9689819908,314525.95811157225,59670.535210182075,60096.01099321981,425.4757830377239,1.0118323772522209
cs-82105,"NREL ComStock MA (simulated, AMY2018)",Warehouse · Hampshire County,Warehouse,National Grid,2018,2018-01-01,35040,314.55621337890625,56.47838516129206,494.7166874735355,0.1795494183841146,"{""missing_intervals"": 0, ""filled_by_median"": 0, ""sqft"": 90000.0, ""weekday_hours"": 8.5, ""timezone"": ""EST -> America/New_York clock time"", ""tz_missing_filled"": 4}",125617.3672505884,18347.249733734126,7495.767065520409,8899.408352976367,1403.6412874559574,0.7160570767799115,150439.8268884009,58707.74066543579,28343.212906318706,29090.929170990035,1347.7162646713286,2.2608278798946695
cs-82106,"NREL ComStock MA (simulated, AMY2018)",Warehouse · Norfolk County,Warehouse,National Grid,2018,2018-01-01,35040,1694.3692626953125,405.8545012386966,3555.1187684020997,0.2395313171540216,"{""missing_intervals"": 0, ""filled_by_median"": 0, ""sqft"": 500000.0, ""weekday_hours"": 9.0, ""timezone"": ""EST -> America/New_York clock time"", ""tz_missing_filled"": 4}",868977.3158145901,124085.0767944336,16718.566134745088,17359.331176844193,640.7650420991049,0.23087230237865847,1046879.819792164,397048.8555297852,55149.55065968745,55708.32357545449,558.7729157669964,0.632159103083709
cs-82107,"NREL ComStock MA (simulated, AMY2018)",Warehouse · Hampden County,Warehouse,Municipal/other,2018,2018-01-01,35040,1380.890625,311.50405741891905,2728.673354066849,0.2255819916359552,"{""missing_intervals"": 0, ""filled_by_median"": 0, ""sqft"": 500000.0, ""weekday_hours"": 8.5, ""timezone"": ""EST -> America/New_York clock time"", ""tz_missing_filled"": 4}",666800.7100057249,93943.85088562012,13920.210952735128,14425.632336564124,505.42138382900157,0.25051342766474766,800397.2386042043,300602.61428527837,45771.76530544787,46211.13604686032,439.3707414124365,0.6862357304270806
cs-82108,"NREL ComStock MA (simulated, AMY2018)",Warehouse · Plymouth County,Warehouse,National Grid,2018,2018-01-01,35040,406.28411865234375,94.38026675633644,826.7200649108887,0.2323011469643424,"{""missing_intervals"": 0, ""filled_by_median"": 0, ""sqft"": 125000.0, ""weekday_hours"": 9.75, ""timezone"": ""EST -> America/New_York clock time"", ""tz_missing_filled"": 4}",204085.81812580003,27653.95638946533,8457.41020247037,9791.857380015686,1334.4471775453167,0.4972855211677958,240491.2120970867,88487.44763641356,30726.48968704772,31975.388048026904,1248.8983609791867,1.5331864853993942
cs-82109,"NREL ComStock MA (simulated, AMY2018)",Warehouse · Hampden County,Warehouse,National Grid,2018,2018-01-01,35040,1045.390625,192.5932675613116,1686.9651406259536,0.1842309113507801,"{""missing_intervals"": 0, ""filled_by_median"": 0, ""sqft"": 175000.0, ""weekday_hours"": 15.75, ""timezone"": ""EST -> America/New_York clock time"", ""tz_missing_filled"": 4}",410486.6375662424,54972.313408355716,11463.08408640169,12152.63956976512,689.5554833634451,0.33510715440675454,486587.0291313669,175884.67579421998,42227.942156242236,40447.98203419146,740.0398779492389,1.0414073444980803
cs-82110,"NREL ComStock MA (simulated, AMY2018)",Warehouse · Bristol County,Warehouse,National Grid,2018,2018-01-01,35040,668.3577880859375,130.7847002496458,1145.613293150902,0.1956806707140958,"{""missing_intervals"": 0, ""filled_by_median"": 0, ""sqft"": 175000.0, ""weekday_hours"": 6.0, ""timezone"": ""EST -> America/New_York clock time"", ""tz_missing_filled"": 4}",283614.60270638234,41027.58810943604,13883.661869027892,15130.641683898733,1246.9798148708305,0.5874307628680698,341174.744725981,131280.5481918335,49046.43656426919,50164.5414114248,1118.1048471556114,1.7250902883914745
cs-82111,"NREL ComStock MA (simulated, AMY2018)",Warehouse · Suffolk County,Warehouse,Eversource,2018,2018-01-01,35040,409.9733581542969,74.19897170153926,649.9238123617172,0.180984862127587,"{""missing_intervals"": 0, ""filled_by_median"": 0, ""sqft"": 90000.0, ""weekday_hours"": 6.5, ""timezone"": ""EST -> America/New_York clock time"", ""tz_missing_filled"": 4}",163317.5143456909,23805.54461196899,9711.964664039433,11001.338924784757,1289.3742607453278,0.7136012107175949,196084.66793639463,76173.2553794861,34801.41264654659,36033.169198282354,1231.756551735768,2.129778713213949
cs-82113,"NREL ComStock MA (simulated, AMY2018)",Warehouse · Worcester County,Warehouse,National Grid,2018,2018-01-01,35040,359.5295104980469,67.75496712835957,593.4763133745193,0.188454536136687,"{""missing_intervals"": 0, ""filled_by_median"": 0, ""sqft"": 90000.0, ""weekday_hours"": 7.25, ""timezone"": ""EST -> America/New_York clock time"", ""tz_missing_filled"": 4}",150547.99859593238,22679.678650512695,8740.293071349412,10035.302788297482,1295.0097169480705,0.6966782543399868,182234.83497157673,72570.69653015137,31618.640714410132,32239.719382578158,1221.078668168022,2.0820590565579877
cs-82114,"NREL ComStock MA (simulated, AMY2018)",Warehouse · Worcester County,Warehouse,National Grid,2018,2018-01-01,35040,457.4019775390625,98.93346383294012,866.6016885352135,0.2162943509016445,"{""missing_intervals"": 0, ""filled_by_median"": 0, ""sqft"": 125000.0, ""weekday_hours"": 11.75, ""timezone"": ""EST -> America/New_York clock time"", ""tz_missing_filled"": 4}",211171.29508792754,26421.302856750488,7156.943921464424,8174.162390933448,1017.2184694690204,0.40669981695103485,243787.45988949982,84543.18868865966,26268.754623804212,26642.778410492323,974.0237866881125,1.2930322815969733
cs-82115,"NREL ComStock MA (simulated, AMY2018)",Warehouse · Suffolk County,Warehouse,Eversource,2018,2018-01-01,35040,804.3154907226562,126.06508641041576,1104.2073412899972,0.1567358677838588,"{""missing_intervals"": 0, ""filled_by_median"": 0, ""sqft"": 125000.0, ""weekday_hours"": 16.25, ""timezone"": ""EST -> America/New_York clock time"", ""tz_missing_filled"": 4}",286324.4511571436,52187.4071295166,13950.722271743161,14789.404753185363,838.6824814421925,0.5846817014207388,369378.91880651383,166989.86541442873,48210.22134844278,49110.112190241416,899.8908417986313,1.5662037726748346
cs-82116,"NREL ComStock MA (simulated, AMY2018)",Warehouse · Essex County,Warehouse,National Grid,2018,2018-01-01,35040,726.6433715820312,113.04853065514672,990.2358753137588,0.155576359843509,"{""missing_intervals"": 0, ""filled_by_median"": 0, ""sqft"": 125000.0, ""weekday_hours"": 12.75, ""timezone"": ""EST -> America/New_York clock time"", ""tz_missing_filled"": 4}",248962.31154861787,38436.92419189453,11589.422364290658,12294.395556624437,704.973192333784,0.5586109299291648,304681.00198321196,122990.91199951174,40003.85273233546,40773.686550342994,769.8338180075334,1.5755699556694913
cs-84510,"NREL ComStock MA (simulated, AMY2018)",PrimarySchool · Plymouth County,PrimarySchool,National Grid,2018,2018-01-01,35040,333.32440185546875,37.430970845340866,327.87680651897193,0.1122959214416325,"{""missing_intervals"": 0, ""filled_by_median"": 0, ""sqft"": 21000.0, ""weekday_hours"": 11.25, ""timezone"": ""EST -> America/New_York clock time"", ""tz_missing_filled"": 4}",90666.85359379242,18102.19833343506,9108.306277176025,9837.314049766546,729.0077725905194,1.205508639527727,119366.45702199358,57923.62237701416,31421.5679644463,31556.761482761136,735.1935183148366,3.1588339386154485
cs-85309,"NREL ComStock MA (simulated, AMY2018)",SecondarySchool · Middlesex County,SecondarySchool,Eversource,2018,2018-01-01,35040,1520.572021484375,186.111208823228,1630.2666969151496,0.1223955236540174,"{""missing_intervals"": 0, ""filled_by_median"": 0, ""sqft"": 125000.0, ""weekday_hours"": 14.5, ""timezone"": ""EST -> America/New_York clock time"", ""tz_missing_filled"": 4}",446243.8626586937,102109.95679992673,24196.54805220304,24381.849365510832,185.30131330780569,0.6506724258267617,627127.1792706318,326732.61388854985,78014.63548167807,78179.68202955725,165.04654787921572,1.4928002751673717
cs-85310,"NREL ComStock MA (simulated, AMY2018)",SecondarySchool · Worcester County,SecondarySchool,National Grid,2018,2018-01-01,35040,1354.916259765625,282.7834711465117,2477.092074438572,0.2087091870869037,"{""missing_intervals"": 0, ""filled_by_median"": 0, ""sqft"": 300000.0, ""weekday_hours"": 9.5, ""timezone"": ""EST -> America/New_York clock time"", ""tz_missing_filled"": 4}",631833.6828028938,111063.37211730957,18155.2133012555,18621.52066502657,466.30736377105495,0.3448099801336963,809504.9227836317,355381.8551727295,61698.59292631623,59585.35594511331,406.7630187970608,0.9146122454324935
cs-85311,"NREL ComStock MA (simulated, AMY2018)",SecondarySchool · Plymouth County,SecondarySchool,National Grid,2018,2018-01-01,35040,1116.8614501953125,119.22241121631237,1044.3555211861133,0.1067477180768153,"{""missing_intervals"": 0, ""filled_by_median"": 0, ""sqft"": 125000.0, ""weekday_hours"": 13.75, ""timezone"": ""EST -> America/New_York clock time"", ""tz_missing_filled"": 4}",275281.09766468755,53746.066414337154,17462.82848845338,17841.00343934775,378.1749508943776,0.7612362186839742,366986.9160818024,175479.1039428711,56837.28417207939,57149.15528692906,311.8711148496477,1.858506067047149
cs-85312,"NREL ComStock MA (simulated, AMY2018)",SecondarySchool · Bristol County,SecondarySchool,National Grid,2018,2018-01-01,35040,1493.471923828125,155.7512078369317,1364.27385733819,0.1042880052526894,"{""missing_intervals"": 0, ""filled_by_median"": 0, ""sqft"": 125000.0, ""weekday_hours"": 8.25, ""timezone"": ""EST -> America/New_York clock time"", ""tz_missing_filled"": 4}",375994.9560833884,87884.16995239259,21033.35122434827,21245.36848270709,212.01725835883917,0.6712861718182245,533328.784363044,281212.7775573731,67935.4905548085,68131.26733442844,195.77677961996233,1.5285615750729233
cs-85313,"NREL ComStock MA (simulated, AMY2018)",SecondarySchool · Barnstable County,SecondarySchool,Eversource,2018,2018-01-01,35040,796.8108520507812,129.67841811425066,1135.9528925452232,0.1627468021808344,"{""missing_intervals"": 0, ""filled_by_median"": 0, ""sqft"": 125000.0, ""weekday_hours"": 10.5, ""timezone"": ""EST -> America/New_York clock time"", ""tz_missing_filled"": 4}",289566.3699521616,48709.06491851806,13867.887338416687,14607.56532578313,739.6779873664545,0.574702953552559,363994.80959650985,155859.82601165771,47233.491956532875,47901.4645034199,667.9725468870056,1.5571702907156764
cs-85314,"NREL ComStock MA (simulated, AMY2018)",SecondarySchool · Norfolk County,SecondarySchool,National Grid,2018,2018-01-01,35040,1164.1610107421875,122.84815487495568,1076.0989897397756,0.1055250551610866,"{""missing_intervals"": 0, ""filled_by_median"": 0, ""sqft"": 125000.0, ""weekday_hours"": 9.5, ""timezone"": ""EST -> America/New_York clock time"", ""tz_missing_filled"": 4}",298909.7705099203,70658.54904449463,19967.924955186034,20259.7189306744,291.7939754883664,0.8016302011589146,425887.5175629819,226094.03770599363,67130.34442179964,64872.698467414346,262.3540456147075,1.8914950540725008
cs-85315,"NREL ComStock MA (simulated, AMY2018)",SecondarySchool · Middlesex County,SecondarySchool,National Grid,2018,2018-01-01,35040,1898.0880126953125,203.0197667215513,1778.4238597316742,0.1069601437676539,"{""missing_intervals"": 0, ""filled_by_median"": 0, ""sqft"": 300000.0, ""weekday_hours"": 6.5, ""timezone"": ""EST -> America/New_York clock time"", ""tz_missing_filled"": 4}",516145.4015055945,141332.00285949706,26924.901195267543,27112.505877909454,187.6046826419115,0.6259840994431652,779518.3693639997,452235.76786804205,86592.43548101599,86754.9080636217,162.47258260571107,1.3330144184029806
cs-85316,"NREL ComStock MA (simulated, AMY2018)",SecondarySchool · Hampden County,SecondarySchool,Municipal/other,2018,2018-01-01,35040,1344.3870849609375,176.5631225974048,1546.6325464520455,0.1313335456525417,"{""missing_intervals"": 0, ""filled_by_median"": 0, ""sqft"": 175000.0, ""weekday_hours"": 11.5, ""timezone"": ""EST -> America/New_York clock time"", ""tz_missing_filled"": 4}",387966.6310197889,61636.50385131835,17817.322709284126,18210.29474071211,392.97203142799117,0.551098613685938,487699.09226209956,205007.92033096318,52237.30570195873,52532.63408128246,295.3283793237242,1.2853164551034757
cs-85317,"NREL ComStock MA (simulated, AMY2018)",SecondarySchool · Worcester County,SecondarySchool,National Grid,2018,2018-01-01,35040,1241.62255859375,123.4780147115934,1081.622480632782,0.0994489137274079,"{""missing_intervals"": 0, ""filled_by_median"": 0, ""sqft"": 125000.0, ""weekday_hours"": 9.25, ""timezone"": ""EST -> America/New_York clock time"", ""tz_missing_filled"": 4}",300951.3519671513,71448.80235992432,20055.137394594272,20289.539297176434,234.4019025821599,0.7996696049446537,429417.78408431855,228622.69935150148,67266.80782529517,64961.28060659296,214.47278129780352,1.8797584166775998
cs-85318,"NREL ComStock MA (simulated, AMY2018)",SecondarySchool · Worcester County,SecondarySchool,National Grid,2018,2018-01-01,35040,874.5422973632812,106.52437797496307,933.1061011800766,0.1218058615302322,"{""missing_intervals"": 0, ""filled_by_median"": 0, ""sqft"": 125000.0, ""weekday_hours"": 8.5, ""timezone"": ""EST -> America/New_York clock time"", ""tz_missing_filled"": 4}",251473.75759158246,52951.027298583984,20286.012760544272,20650.588190133498,364.5754295892184,0.9680220928733585,340748.67013600754,169433.3060119629,64828.299433721855,65146.47827741509,318.1788436932329,2.283030460233793
cs-87457,"NREL ComStock MA (simulated, AMY2018)",Outpatient · Middlesex County,Outpatient,National Grid,2018,2018-01-01,35040,344.9597473144531,100.82274081048357,883.2066876559257,0.2922739293363903,"{""missing_intervals"": 0, ""filled_by_median"": 0, ""sqft"": 58000.0, ""weekday_hours"": 12.25, ""timezone"": ""EST -> America/New_York clock time"", ""tz_missing_filled"": 4}",220419.86128156644,32248.100150604245,10038.458573481279,11236.09894317828,1197.64036969699,0.5465092944954568,265436.44640996936,103187.84166946413,36299.326163017,36776.50955628539,1077.1833932683749,1.6410403313018582
cs-87458,"NREL ComStock MA (simulated, AMY2018)",Outpatient · Plymouth County,Outpatient,Eversource,2018,2018-01-01,35040,484.96282958984375,131.73262303441626,1153.9742054004669,0.2716344738128257,"{""missing_intervals"": 0, ""filled_by_median"": 0, ""sqft"": 75000.0, ""weekday_hours"": 9.5, ""timezone"": ""EST -> America/New_York clock time"", ""tz_missing_filled"": 4}",288999.560449274,44538.48658477783,13515.565039640802,14531.267944042007,1015.7029044012088,0.5612007859927424,353916.3475042744,142514.7615036011,47049.42366429395,47953.90948770694,904.4858234129824,1.5952726907160133
cs-87459,"NREL ComStock MA (simulated, AMY2018)",Outpatient · Middlesex County,Outpatient,Eversource,2018,2018-01-01,35040,397.9674377441406,92.73845176582466,812.3850976929665,0.2330302506443947,"{""missing_intervals"": 0, ""filled_by_median"": 0, ""sqft"": 67000.0, ""weekday_hours"": 6.5, ""timezone"": ""EST -> America/New_York clock time"", ""tz_missing_filled"": 4}",207451.46333423257,34143.88677810669,15643.108696162379,17261.958018484627,1618.849322322243,0.904873368145446,258646.94718469185,109254.00151901248,57624.75345325533,58539.40136885647,1514.6479156011337,2.67351712040617
cs-87460,"NREL ComStock MA (simulated, AMY2018)",Outpatient · Plymouth County,Outpatient,National Grid,2018,2018-01-01,35040,1016.984619140625,229.5987080820075,2011.282381790161,0.2257641893109687,"{""missing_intervals"": 0, ""filled_by_median"": 0, ""sqft"": 175000.0, ""weekday_hours"": 6.75, ""timezone"": ""EST -> America/New_York clock time"", ""tz_missing_filled"": 4}",520676.9164621137,97021.26636169433,18226.756396520243,18605.228896673165,378.472500152915,0.4200706231503502,679998.2721799389,310449.7637115478,61725.4541969021,59533.225357403775,327.7711605016666,1.0892754888748044
cs-87461,"NREL ComStock MA (simulated, AMY2018)",Outpatient · Worcester County,Outpatient,National Grid,2018,2018-01-01,35040,487.20074462890625,129.20127352677522,1131.80152677536,0.2651910428116976,"{""missing_intervals"": 0, ""filled_by_median"": 0, ""sqft"": 67000.0, ""weekday_hours"": 11.0, ""timezone"": ""EST -> America/New_York clock time"", ""tz_missing_filled"": 4}",283636.43667716277,43538.527759094235,10914.847665471912,11578.385055385581,663.537389913663,0.4617818977000594,346691.3086809098,139315.08175506594,36683.00588280789,37265.701170352404,582.6952875445204,1.2697061033013823
cs-87462,"NREL ComStock MA (simulated, AMY2018)",Outpatient · Hampden County,Outpatient,Municipal/other,2018,2018-01-01,35040,494.5916748046875,140.73550936250382,1232.828537557602,0.2845488845279892,"{""missing_intervals"": 0, ""filled_by_median"": 0, ""sqft"": 90000.0, ""weekday_hours"": 7.5, ""timezone"": ""EST -> America/New_York clock time"", ""tz_missing_filled"": 4}",308110.9357513511,47568.875554199214,21555.251582567067,22973.16213451605,1417.9105519489785,0.8395126202191949,376580.6487710685,150862.64772338865,77335.05094941803,77951.80623583023,1216.7552864121863,2.4643343050725375
cs-87463,"NREL ComStock MA (simulated, AMY2018)",Outpatient · Norfolk County,Outpatient,Municipal/other,2018,2018-01-01,35040,439.7930908203125,125.97867674854793,1103.5690655617714,0.2864498769491115,"{""missing_intervals"": 0, ""filled_by_median"": 0, ""sqft"": 58000.0, ""weekday_hours"": 10.25, ""timezone"": ""EST -> America/New_York clock time"", ""tz_missing_filled"": 4}",276396.8028018774,42454.41260742187,13763.901185541621,14860.131474363125,1096.2302888215,0.5975713631712732,338097.7621327889,135846.11762695314,48102.54375776141,49077.93822295489,975.3944651934689,1.70728880739065
cs-87464,"NREL ComStock MA (simulated, AMY2018)",Outpatient · Worcester County,Outpatient,National Grid,2018,2018-01-01,35040,487.5377807617187,113.86965229631016,997.4801651945114,0.2335606732229092,"{""missing_intervals"": 0, ""filled_by_median"": 0, ""sqft"": 75000.0, ""weekday_hours"": 7.75, ""timezone"": ""EST -> America/New_York clock time"", ""tz_missing_filled"": 4}",255123.82179290007,42977.887626953125,12035.345032745556,12803.580800148065,768.2357674025043,0.5660942964008463,320516.9789302907,137521.13901367187,40296.991728473826,40969.045067391795,672.0533389179636,1.508699796046862
cs-87466,"NREL ComStock MA (simulated, AMY2018)",Outpatient · Plymouth County,Outpatient,National Grid,2018,2018-01-01,35040,495.9558410644531,123.5390298411182,1082.199136270523,0.2490928014396818,"{""missing_intervals"": 0, ""filled_by_median"": 0, ""sqft"": 75000.0, ""weekday_hours"": 10.75, ""timezone"": ""EST -> America/New_York clock time"", ""tz_missing_filled"": 4}",274477.21332016774,44418.46452148437,8971.342058917005,9378.007249854834,406.6651909378288,0.39222237578398583,340502.8246880204,142130.71352539066,29721.304823161357,30089.637854649194,368.333031487844,1.0474381767749374
cs-87467,"NREL ComStock MA (simulated, AMY2018)",Outpatient · Berkshire County,Outpatient,National Grid,2018,2018-01-01,35040,411.4906921386719,101.05793029227758,885.2669804887771,0.2455898328271813,"{""missing_intervals"": 0, ""filled_by_median"": 0, ""sqft"": 58000.0, ""weekday_hours"": 9.5, ""timezone"": ""EST -> America/New_York clock time"", ""tz_missing_filled"": 4}",226371.44407028714,37583.58155899047,11452.80702728331,12337.38635682897,884.5793295456533,0.6071158175088872,282882.98014349607,120260.37643051146,38688.68099110319,39477.31072708234,788.6297359791479,1.6411880688535387
cs-87468,"NREL ComStock MA (simulated, AMY2018)",Outpatient · Essex County,Outpatient,Municipal/other,2018,2018-01-01,35040,468.0084533691406,118.84820442569854,1041.109543763161,0.2539445678173622,"{""missing_intervals"": 0, ""filled_by_median"": 0, ""sqft"": 67000.0, ""weekday_hours"": 9.25, ""timezone"": ""EST -> America/New_York clock time"", ""tz_missing_filled"": 4}",262577.98166302353,41401.58089569091,11197.47900667281,12361.336638142364,1163.8576314695529,0.5117327326116612,323390.0020623984,132477.25460968018,39202.39582634021,40229.958133052496,1027.5623067122833,1.4546793250130003
cs-89989,"NREL ComStock MA (simulated, AMY2018)",Hospital · Norfolk County,Hospital,Municipal/other,2018,2018-01-01,35040,1350.759033203125,494.1375477634064,4328.642376094818,0.3658221308293844,"{""missing_intervals"": 0, ""filled_by_median"": 0, ""sqft"": 175000.0, ""weekday_hours"": 9.0, ""timezone"": ""EST -> America/New_York clock time"", ""tz_missing_filled"": 4}",1050497.5947474644,145011.54166381835,25788.40631311731,26460.719149605895,672.3128364885924,0.2945850397989735,1254228.5104821061,464009.5984436036,84087.06565373592,84669.31339577006,582.2477420341093,0.804514312513092
cs-89993,"NREL ComStock MA (simulated, AMY2018)",Hospital · Essex County,Hospital,National Grid,2018,2018-01-01,35040,2467.955078125,916.2499880002514,8026.365805130004,0.3712587786226488,"{""missing_intervals"": 0, ""filled_by_median"": 0, ""sqft"": 500000.0, ""weekday_hours"": 7.75, ""timezone"": ""EST -> America/New_York clock time"", ""tz_missing_filled"": 4}",1924700.4022252327,249457.09270996094,20668.785730058953,20984.11881325474,315.3330831958301,0.12886443442000328,2259678.970075193,798215.6736572265,66872.13457240388,67145.22466635235,273.09009394851455,0.35512372575744416
cs-89995,"NREL ComStock MA (simulated, AMY2018)",Hospital · Norfolk County,Hospital,Municipal/other,2018,2018-01-01,35040,1432.9622802734375,515.3118948113429,4514.131040462494,0.3596130211557357,"{""missing_intervals"": 0, ""filled_by_median"": 0, ""sqft"": 175000.0, ""weekday_hours"": 10.75, ""timezone"": ""EST -> America/New_York clock time"", ""tz_missing_filled"": 4}",1101585.3420447893,156963.96310668942,26589.905216221116,27026.044394165438,436.1391779443438,0.28965423777550586,1326145.5120147541,502255.09401245124,86100.53498090009,86478.24761375276,377.71263285261375,0.7791048647452694
cs-93143,"NREL ComStock MA (simulated, AMY2018)",LargeHotel · Barnstable County,LargeHotel,Eversource,2018,2018-01-01,35040,2048.728515625,1068.5575931322628,9360.55086541748,0.5215711037273676,"{""missing_intervals"": 0, ""filled_by_median"": 0, ""sqft"": 500000.0, ""weekday_hours"": 11.25, ""timezone"": ""EST -> America/New_York clock time"", ""tz_missing_filled"": 4}",2148411.817895098,196467.39563964846,15953.90551081195,16628.604032825864,674.6985220139322,0.08911087927142063,2329514.0459571583,625850.7693969727,53331.9410846832,53983.15022901689,651.2091443336394,0.2747282396201393
cs-9361,"NREL ComStock MA (simulated, AMY2018)",RetailStripmall · Worcester County,RetailStripmall,National Grid,2018,2018-01-01,35040,347.97906494140625,69.05281222291188,604.8498054380417,0.1984395590997383,"{""missing_intervals"": 0, ""filled_by_median"": 0, ""sqft"": 21000.0, ""weekday_hours"": 8.25, ""timezone"": ""EST -> America/New_York clock time"", ""tz_missing_filled"": 4}",155486.66397995906,25410.251986465457,13694.91644665376,14579.640449072242,884.7240024184848,1.056933071642897,193035.99183301473,81308.016488266,46321.93050461082,46563.46517887786,841.5346742670345,2.879583028931609
cs-9363,"NREL ComStock MA (simulated, AMY2018)",RetailStripmall · Suffolk County,RetailStripmall,Eversource,2018,2018-01-01,35040,404.5765686035156,60.82785817525566,532.8462953173519,0.1503494341879864,"{""missing_intervals"": 0, ""filled_by_median"": 0, ""sqft"": 21000.0, ""weekday_hours"": 11.75, ""timezone"": ""EST -> America/New_York clock time"", ""tz_missing_filled"": 4}",139147.51970828534,23904.646506195066,9745.411233304123,10490.656649461735,745.2454161576088,0.8404385147850116,175138.9931484568,76490.36276016236,35045.30903694389,35251.535963460876,806.2269265169843,2.4011997607343343
cs-94811,"NREL ComStock MA (simulated, AMY2018)",Hospital · Suffolk County,Hospital,Eversource,2018,2018-01-01,35040,994.3778076171876,361.9701351496726,3170.856182422638,0.3640167071075894,"{""missing_intervals"": 0, ""filled_by_median"": 0, ""sqft"": 175000.0, ""weekday_hours"": 11.25, ""timezone"": ""EST -> America/New_York clock time"", ""tz_missing_filled"": 4}",760728.8260246902,96214.794977417,14223.413889470896,14542.33701629004,318.92312681912153,0.22436505734319465,885395.1297342445,307869.20730285643,46256.53799674997,46532.737201041164,276.19920429118065,0.626927387919571
cs-97214,"NREL ComStock MA (simulated, AMY2018)",LargeHotel · Norfolk County,LargeHotel,Municipal/other,2018,2018-01-01,35040,357.2181701660156,137.877536504617,1207.829083685398,0.385975709019894,"{""missing_intervals"": 0, ""filled_by_median"": 0, ""sqft"": 125000.0, ""weekday_hours"": 14.25, ""timezone"": ""EST -> America/New_York clock time"", ""tz_missing_filled"": 4}",288014.6597455514,32474.258640441894,10867.268917574165,11956.622141523078,1089.3532239489032,0.45277982421484786,325084.7508124938,103911.50620574952,38062.648488704566,38500.459834489484,1037.8113457849213,1.4050237075805057
cs-97645,"NREL ComStock MA (simulated, AMY2018)",LargeHotel · Suffolk County,LargeHotel,Eversource,2018,2018-01-01,35040,1069.5264892578125,549.2448718850471,4811.393391067505,0.5135402230815155,"{""missing_intervals"": 0, ""filled_by_median"": 0, ""sqft"": 300000.0, ""weekday_hours"": 16.0, ""timezone"": ""EST -> America/New_York clock time"", ""tz_missing_filled"": 4}",1110763.6363506687,105629.31789001463,13349.505789008937,13705.277497507555,355.77170849859976,0.14421976397644143,1215844.6391295334,337993.90597229,46445.01160486815,44242.47374832348,317.4621434553337,0.4583974969511216
cs-97647,"NREL ComStock MA (simulated, AMY2018)",LargeHotel · Middlesex County,LargeHotel,National Grid,2018,2018-01-01,35040,1186.9503173828125,581.222283981271,5091.517418529511,0.489677011303091,"{""missing_intervals"": 0, ""filled_by_median"": 0, ""sqft"": 300000.0, ""weekday_hours"": 15.75, ""timezone"": ""EST -> America/New_York clock time"", ""tz_missing_filled"": 4}",1177262.1768271734,113628.58440368652,19238.1910301194,20357.79919316779,1119.6081630483968,0.19609760417481217,1283349.0250585824,354647.7216491699,61396.49700242854,59913.638193008446,1037.1411905799469,0.5740900952455322
cs-97648,"NREL ComStock MA (simulated, AMY2018)",LargeHotel · Hampden County,LargeHotel,National Grid,2018,2018-01-01,35040,462.4728698730469,264.6812484214295,2318.604761997223,0.5723173523542839,"{""missing_intervals"": 0, ""filled_by_median"": 0, ""sqft"": 175000.0, ""weekday_hours"": 11.5, ""timezone"": ""EST -> America/New_York clock time"", ""tz_missing_filled"": 4}",536783.0594429193,50270.0317034912,12908.048397683124,14491.690224631622,1583.6418269485002,0.2885645849795469,583671.4878263788,160854.625479126,46932.28282836053,48435.05804268636,1502.7752143258367,0.9649047549635563
cs-97649,"NREL ComStock MA (simulated, AMY2018)",LargeHotel · Suffolk County,LargeHotel,Eversource,2018,2018-01-01,35040,646.0252685546875,349.5086082223344,3061.7027217025757,0.5410138352703578,"{""missing_intervals"": 0, ""filled_by_median"": 0, ""sqft"": 175000.0, ""weekday_hours"": 10.75, ""timezone"": ""EST -> America/New_York clock time"", ""tz_missing_filled"": 4}",711478.1515578694,70070.08000396729,14961.160641567381,16373.345234365928,1412.1845927985632,0.2523393407172052,777394.7759321376,219685.20851287842,51012.84622984032,52300.92129881928,1288.0750689789857,0.7874431031827793
cs-97651,"NREL ComStock MA (simulated, AMY2018)",LargeHotel · Suffolk County,LargeHotel,Eversource,2018,2018-01-01,35040,870.5869140625,509.7163639212308,4465.116648662567,0.5854859011637268,"{""missing_intervals"": 0, ""filled_by_median"": 0, ""sqft"": 300000.0, ""weekday_hours"": 16.25, ""timezone"": ""EST -> America/New_York clock time"", ""tz_missing_filled"": 4}",1017105.0040760647,84299.31620239258,12217.201543064904,13077.820979996242,860.6194369313598,0.1441408880393384,1081458.645253497,268986.25614013674,41990.55116299656,42801.00538730074,810.4542243042015,0.46593239248445445
cs-97652,"NREL ComStock MA (simulated, AMY2018)",LargeHotel · Suffolk County,LargeHotel,Eversource,2018,2018-01-01,35040,1170.2645263671875,645.2799632871532,5652.736112504959,0.5513966703667196,"{""missing_intervals"": 0, ""filled_by_median"": 0, ""sqft"": 300000.0, ""weekday_hours"": 13.5, ""timezone"": ""EST -> America/New_York clock time"", ""tz_missing_filled"": 4}",1297189.7472107443,116870.34738098145,14597.442641275658,15931.614988180194,1334.1723469045392,0.13503753947482405,1402201.1692743443,371635.1648712159,53718.398074028024,52434.89665769259,1236.4985836645646,0.45972061000486486
cs-97656,"NREL ComStock MA (simulated, AMY2018)",LargeHotel · Norfolk County,LargeHotel,Eversource,2018,2018-01-01,35040,477.1211853027344,266.66618797746423,2336.0111549797057,0.5589066178402118,"{""missing_intervals"": 0, ""filled_by_median"": 0, ""sqft"": 175000.0, ""weekday_hours"": 15.5, ""timezone"": ""EST -> America/New_York clock time"", ""tz_missing_filled"": 4}",544596.759836712,54663.55279174804,18513.46375365131,20878.88677815641,2365.4230245051003,0.4079377282935489,600886.3835637014,174913.06477661134,65158.65942795767,67187.57514196904,2028.9157140113493,1.301250842960066
cs-97792,"NREL ComStock MA (simulated, AMY2018)",Outpatient · Hampden County,Outpatient,National Grid,2018,2018-01-01,35040,326.99688720703125,102.43959050151312,897.3703531527519,0.3132739010957484,"{""missing_intervals"": 0, ""filled_by_median"": 0, ""sqft"": 46000.0, ""weekday_hours"": 11.25, ""timezone"": ""EST -> America/New_York clock time"", ""tz_missing_filled"": 4}",224678.7631198219,33361.93078186035,8425.751664261667,9456.907046050732,1031.155381789069,0.4500159185815806,271571.61337719456,106751.88973083496,30567.06573074423,30882.567135095116,915.5014043508927,1.3506742630698438
cs-98137,"NREL ComStock MA (simulated, AMY2018)",PrimarySchool · Norfolk County,PrimarySchool,National Grid,2018,2018-01-01,35040,1566.2777099609375,182.5575043615277,1599.1643334921598,0.1165550037522277,"{""missing_intervals"": 0, ""filled_by_median"": 0, ""sqft"": 75000.0, ""weekday_hours"": 10.75, ""timezone"": ""EST -> America/New_York clock time"", ""tz_missing_filled"": 4}",416732.4057926312,79172.9979534912,21314.333763668328,21717.385968280385,403.052204612055,0.6137559777179742,548082.1238258396,253338.66922912595,72175.3217200502,70024.04590659178,368.724186541589,1.5802446804775163
cs-98139,"NREL ComStock MA (simulated, AMY2018)",PrimarySchool · Essex County,PrimarySchool,National Grid,2018,2018-01-01,35040,1193.9561767578125,139.56030106109708,1222.5029760749935,0.1168889644174989,"{""missing_intervals"": 0, ""filled_by_median"": 0, ""sqft"": 58000.0, ""weekday_hours"": 13.25, ""timezone"": ""EST -> America/New_York clock time"", ""tz_missing_filled"": 4}",317266.1732140694,58319.15433776855,15553.124654868152,15952.402281231634,399.27762636349325,0.5882678697438307,413159.1581878762,186789.97667167665,53688.51479683945,51564.67162684977,396.15683001032176,1.559355915981191
cs-98140,"NREL ComStock MA (simulated, AMY2018)",PrimarySchool · Middlesex County,PrimarySchool,Municipal/other,2018,2018-01-01,35040,896.5430908203125,112.81580579761228,988.2202612427473,0.1258342258757344,"{""missing_intervals"": 0, ""filled_by_median"": 0, ""sqft"": 58000.0, ""weekday_hours"": 7.5, ""timezone"": ""EST -> America/New_York clock time"", ""tz_missing_filled"": 4}",271816.5132071464,61418.654499053955,23675.116264434586,24263.362922357614,588.2466579230277,1.045195495377084,377848.1271573877,196528.1168937683,77295.2424725456,77846.21190735127,550.9694348056792,2.4548035123228
cs-98141,"NREL ComStock MA (simulated, AMY2018)",PrimarySchool · Plymouth County,PrimarySchool,Eversource,2018,2018-01-01,35040,984.049560546875,139.58892924082062,1222.7413898824454,0.1418515233757592,"{""missing_intervals"": 0, ""filled_by_median"": 0, ""sqft"": 58000.0, ""weekday_hours"": 12.0, ""timezone"": ""EST -> America/New_York clock time"", ""tz_missing_filled"": 4}",306483.651193102,47610.52615051269,14498.162227434792,14990.39260668869,492.23037925390054,0.5676581639899663,376239.4151579062,152344.70903015137,47964.712108471285,48435.567823516976,470.85571504568543,1.5298145864385002
cs-98142,"NREL ComStock MA (simulated, AMY2018)",PrimarySchool · Norfolk County,PrimarySchool,Municipal/other,2018,2018-01-01,35040,824.46875,126.36437929776162,1106.9239094285963,0.1532676396743498,"{""missing_intervals"": 0, ""filled_by_median"": 0, ""sqft"": 46000.0, ""weekday_hours"": 8.75, ""timezone"": ""EST -> America/New_York clock time"", ""tz_missing_filled"": 4}",284318.123799127,49434.11455795287,17530.425597453726,18135.641886919202,605.2162894654884,0.7398934136118221,361044.83796452964,158179.84818496704,57872.96175981323,58417.00762394167,544.0458641284422,1.923516051449506
cs-98143,"NREL ComStock MA (simulated, AMY2018)",PrimarySchool · Suffolk County,PrimarySchool,Eversource,2018,2018-01-01,35040,825.9203491210938,103.44950631432336,906.1668445734978,0.1252536112282613,"{""missing_intervals"": 0, ""filled_by_median"": 0, ""sqft"": 35000.0, ""weekday_hours"": 6.0, ""timezone"": ""EST -> America/New_York clock time"", ""tz_missing_filled"": 4}",243140.2065797124,50227.850251007076,22490.34808126115,23119.881898663607,629.5338174024655,1.1099940267865713,327145.3473820949,160719.6527824402,73935.09298449609,74517.93058983878,582.8376053427119,2.712008967615573
cs-98144,"NREL ComStock MA (simulated, AMY2018)",PrimarySchool · Middlesex County,PrimarySchool,Municipal/other,2018,2018-01-01,35040,601.6516723632812,98.78540404837698,865.323983126998,0.1641903589503025,"{""missing_intervals"": 0, ""filled_by_median"": 0, ""sqft"": 35000.0, ""weekday_hours"": 15.5, ""timezone"": ""EST -> America/New_York clock time"", ""tz_missing_filled"": 4}",219243.30118003598,34760.73055854797,10628.854689462627,11067.64223795411,438.78754849148845,0.5817566857781181,270236.6114573603,111227.78534049989,35579.668140778784,36026.28417811336,446.6160373345756,1.579934026654687
cs-98145,"NREL ComStock MA (simulated, AMY2018)",PrimarySchool · Essex County,PrimarySchool,National Grid,2018,2018-01-01,35040,1004.10302734375,130.14603813892086,1140.0090911545751,0.1296142274196788,"{""missing_intervals"": 0, ""filled_by_median"": 0, ""sqft"": 58000.0, ""weekday_hours"": 8.25, ""timezone"": ""EST -> America/New_York clock time"", ""tz_missing_filled"": 4}",308370.4859362492,66486.96501434327,24026.636618320936,24440.981604154564,414.34498583362983,0.9349780623281075,423307.14436423033,211908.55010681154,79688.9115898641,77546.16161948902,377.25002962492727,2.259038033753475
cs-98147,"NREL ComStock MA (simulated, AMY2018)",PrimarySchool · Essex County,PrimarySchool,National Grid,2018,2018-01-01,35040,443.329833984375,93.72972541615437,821.0065872209668,0.2114221020809031,"{""missing_intervals"": 0, ""filled_by_median"": 0, ""sqft"": 35000.0, ""weekday_hours"": 9.25, ""timezone"": ""EST -> America/New_York clock time"", ""tz_missing_filled"": 4}",203594.2909875566,28525.11694503784,10510.934574244153,11193.138354447767,682.203780203612,0.6195223563446521,242244.2689992491,91274.99719924928,36087.30762309786,36757.263228418364,669.9556053205033,1.787648860656913
cs-98148,"NREL ComStock MA (simulated, AMY2018)",PrimarySchool · Middlesex County,PrimarySchool,National Grid,2018,2018-01-01,35040,762.6978149414062,96.38272471192492,844.2582933658362,0.126370789090735,"{""missing_intervals"": 0, ""filled_by_median"": 0, ""sqft"": 35000.0, ""weekday_hours"": 12.25, ""timezone"": ""EST -> America/New_York clock time"", ""tz_missing_filled"": 4}",220000.24421044477,39940.417661132815,14185.883376015257,14559.100481998343,373.2171059830798,0.7737745979470199,282989.88639896194,127801.8076904297,45755.81394417999,46099.24015418481,343.4262100048327,1.9402451950387931
pt-004,UCI Portugal utility (metered),Portuguese utility customer MT_004,C&I customer (metered),,2014,2012-01-01,105216,321.1382141113281,121.01289008349588,1060.072917131424,0.3768249456651231,"{""dst_march_interpolated"": 12, ""dst_october_halved"": 12, ""missing_after_reindex"": 0}",255965.65867192973,31334.00403213501,16369.503433326503,17885.39253299483,1515.8890996683294,0.767423420075608,288752.59773619234,94397.56108932497,53899.339418584976,53851.679449797586,1548.3400312126196,2.2399523955588316
pt-006,UCI Portugal utility (metered),Portuguese utility customer MT_006,C&I customer (metered),,2014,2012-01-01,105216,500.0,186.39293174308185,1632.8020820693969,0.3727858634861637,"{""dst_march_interpolated"": 12, ""dst_october_halved"": 12, ""missing_after_reindex"": 0}",391283.77473587,47334.49421722411,19212.26530204223,20499.209029299145,1286.9437272569157,0.589207113891022,445540.27083409525,147217.7088760376,63205.862353581324,63904.80779701041,1298.9454434290892,1.702360926483805
pt-008,UCI Portugal utility (metered),Portuguese utility customer MT_008,C&I customer (metered),,2014,2012-01-01,105216,542.0875244140625,251.1360735551407,2199.952004343033,0.4632758775007624,"{""dst_march_interpolated"": 12, ""dst_october_halved"": 12, ""missing_after_reindex"": 0}",516144.9001442097,54193.164684448246,16458.538244267984,17568.39984849834,1109.861604230362,0.3826492499994364,572513.3126657736,171236.02531738282,54753.047315730466,55813.29589194164,1060.2485762111755,1.1476354405270148
pt-018,UCI Portugal utility (metered),Portuguese utility customer MT_018,C&I customer (metered),,2014,2012-01-01,105216,607.0287475585938,245.52291685209423,2150.7807516243456,0.404466704154559,"{""dst_march_interpolated"": 12, ""dst_october_halved"": 12, ""missing_after_reindex"": 0}",513242.36618295725,61388.85030059814,20700.49012562797,21750.20361509961,1049.7134894716546,0.48399332922369376,581191.327896872,188840.09805450443,63853.98215638746,64854.90609863133,1000.9239422438695,1.318408842488122
pt-021,UCI Portugal utility (metered),Portuguese utility customer MT_021,C&I customer (metered),,2014,2012-01-01,105216,505.235595703125,158.6778533208316,1390.0179950904846,0.3140670504420877,"{""dst_march_interpolated"": 12, ""dst_october_halved"": 12, ""missing_after_reindex"": 0}",332474.60418306524,39023.69122238159,14427.981214116116,15691.27134240029,1263.290128284174,0.5207488704131591,377963.0564215723,123713.08977279665,50319.57793455347,51013.64864317653,1294.0707086230468,1.5976030592289856
pt-025,UCI Portugal utility (metered),Portuguese utility customer MT_025,C&I customer (metered),,2014,2012-01-01,105216,532.7102661132812,209.8698991076587,1838.4603161830903,0.3939663123800766,"{""dst_march_interpolated"": 12, ""dst_october_halved"": 12, ""missing_after_reindex"": 0}",440760.3109177664,54091.16874176025,21734.512541228883,23158.991786551545,1424.4792453226582,0.5917369237526635,500805.0016758424,165149.30047912602,69295.57693600128,70604.4321945193,1308.8552585180332,1.6604205637911207
pt-043,UCI Portugal utility (metered),Portuguese utility customer MT_043,C&I customer (metered),,2014,2012-01-01,105216,2886.363525390625,1137.1967752291189,9961.84375100708,0.3939894490854947,"{""dst_march_interpolated"": 12, ""dst_october_halved"": 12, ""missing_after_reindex"": 0}",2342627.838427947,265973.40850219724,31722.893620266084,31830.0,107.10637973394478,0.16249901806795317,2644588.4919760283,831774.995855713,101744.85750321226,101850.00000000003,105.14249678766646,0.4616742051714314
pt-046,UCI Portugal utility (metered),Portuguese utility customer MT_046,C&I customer (metered),,2014,2012-01-01,105216,327.01422119140625,131.0053238925052,1147.6066372983455,0.4006104793094788,"{""dst_march_interpolated"": 12, ""dst_october_halved"": 12, ""missing_after_reindex"": 0}",274322.963222929,31478.009655914306,14665.53686949077,15987.060941241536,1321.5240717507622,0.6415301160583978,309403.3272428532,99758.2943740845,50045.52990915126,51335.64866888835,1290.1187597370972,1.940982226213881
pt-049,UCI Portugal utility (metered),Portuguese utility customer MT_049,C&I customer (metered),,2014,2012-01-01,105216,2130.434814453125,931.3148309150243,8158.317918815613,0.4371477712422238,"{""dst_march_interpolated"": 12, ""dst_october_halved"": 12, ""missing_after_reindex"": 0}",1915632.118124627,214045.21913696284,30813.679790928436,31227.762878087175,414.0830871587241,0.19302461782335031,2150396.638869249,664977.1870666505,98886.91995182916,99285.09075580293,398.1708039737132,0.5518251926053637
pt-050,UCI Portugal utility (metered),Portuguese utility customer MT_050,C&I customer (metered),,2014,2012-01-01,105216,441.2811279296875,165.64556653535666,1451.0551628497242,0.3753742366289232,"{""dst_march_interpolated"": 12, ""dst_october_halved"": 12, ""missing_after_reindex"": 0}",347103.15049466,40854.163437194824,14736.680000544708,15938.550259955035,1201.8702594103343,0.5094743731208429,393760.11289546016,128430.06918334962,50094.62199226053,50718.18377505455,1223.5617827940187,1.526654031782855
pt-064,UCI Portugal utility (metered),Portuguese utility customer MT_064,C&I customer (metered),,2014,2012-01-01,105216,3461.53857421875,1481.0132723290085,12973.676265602113,0.4278482647454722,"{""dst_march_interpolated"": 12, ""dst_october_halved"": 12, ""missing_after_reindex"": 0}",3061100.205941903,356387.18015136715,31727.362011051067,31829.999999999996,102.63798894890351,0.1243763086858708,3470325.811894166,1110774.3593994142,101753.88474373455,101850.0,96.11525626550429,0.3518535962069641
pt-067,UCI Portugal utility (metered),Portuguese utility customer MT_067,C&I customer (metered),,2014,2012-01-01,105216,530.3643798828125,196.90186422750287,1724.860330632925,0.3712577082778629,"{""dst_march_interpolated"": 12, ""dst_october_halved"": 12, ""missing_after_reindex"": 0}",413930.5018582189,50945.1829675293,22389.58380430532,24064.136812690904,1674.5530083855629,0.6490824050064604,471313.85722573975,156279.96140594484,72490.92877329867,73443.8604195131,1552.9316462144416,1.845672754881345
pt-068,UCI Portugal utility (metered),Portuguese utility customer MT_068,C&I customer (metered),,2014,2012-01-01,105216,324.82598876953125,134.16708332607735,1175.3036499364375,0.4130429459610475,"{""dst_march_interpolated"": 12, ""dst_october_halved"": 12, ""missing_after_reindex"": 0}",278446.6295166113,29959.09480682373,14556.36261851776,15978.914521792947,1422.5519032751836,0.627324351978886,305022.40698174457,90349.53540878298,46346.43806312587,47844.35594098909,1497.9178778632304,1.82333246354192
pt-069,UCI Portugal utility (metered),Portuguese utility customer MT_069,C&I customer (metered),,2014,2012-01-01,105216,374.68353271484375,164.9649589782572,1445.0930406495334,0.4402781135935463,"{""dst_march_interpolated"": 12, ""dst_october_halved"": 12, ""missing_after_reindex"": 0}",342146.81060729746,37417.03826568603,15011.190186586937,16135.493768571378,1124.3035819844372,0.526482424077874,379935.58892448095,115687.84925537111,49554.11750589653,50021.08330913961,1066.9658032430962,1.5651321629386914
pt-084,UCI Portugal utility (metered),Portuguese utility customer MT_084,C&I customer (metered),,2014,2012-01-01,105216,626.582275390625,249.74287958479908,2187.74762516284,0.3985795471617896,"{""dst_march_interpolated"": 12, ""dst_october_halved"": 12, ""missing_after_reindex"": 0}",528759.3474385741,68696.3929296875,17394.9197125657,18299.017766110257,904.0980535445742,0.3947713408036491,618877.3344036229,219815.50800781252,57958.15705559879,58766.082375007325,807.9253194084959,1.1238057139988775
pt-085,UCI Portugal utility (metered),Portuguese utility customer MT_085,C&I customer (metered),,2014,2012-01-01,105216,303.9591369628906,120.02068787164067,1051.3812257555724,0.394857970287939,"{""dst_march_interpolated"": 12, ""dst_october_halved"": 12, ""missing_after_reindex"": 0}",250549.12146932585,27778.416339111325,13584.141721258475,14974.430188342247,1390.2884670837702,0.6506097474983906,276893.45379437413,84116.21988296507,44512.20093095251,45309.47248066198,1397.2715497094687,1.9290683974352694
pt-086,UCI Portugal utility (metered),Portuguese utility customer MT_086,C&I customer (metered),,2014,2012-01-01,105216,1263.1578369140625,450.61884175277737,3947.4210537543295,0.3567399327178736,"{""dst_march_interpolated"": 12, ""dst_october_halved"": 12, ""missing_after_reindex"": 0}",951959.2725729049,126649.89276000975,31328.578702988016,31830.0,501.42129701199156,0.3949149456990713,1100540.6035559922,379525.2596679688,103656.79110728316,101658.20056122675,521.40945394359,1.1302458894004022
pt-087,UCI Portugal utility (metered),Portuguese utility customer MT_087,C&I customer (metered),,2014,2012-01-01,105216,337.7308654785156,116.213358897379,1018.02902394104,0.344100497692805,"{""dst_march_interpolated"": 12, ""dst_october_halved"": 12, ""missing_after_reindex"": 0}",245379.2022838701,29310.474856719968,12394.751068235728,13747.453195120146,1352.7021268844237,0.6061516682524724,279794.1803171218,93071.37160110474,44407.38598772355,45103.563875056614,1296.1778873330732,1.904573680727386
pt-088,UCI Portugal utility (metered),Portuguese utility customer MT_088,C&I customer (metered),,2014,2012-01-01,105216,488.8888854980469,141.15804140959702,1236.5444427480695,0.2887323594313148,"{""dst_march_interpolated"": 12, ""dst_october_halved"": 12, ""missing_after_reindex"": 0}",307592.30797291594,46023.821826477055,22315.13517668476,23298.323338653216,983.1881619684518,0.8705732073891645,365811.24412592547,139421.3314338684,69391.70431690174,69767.7869080697,976.0825911679403,2.2763118006186143
pt-089,UCI Portugal utility (metered),Portuguese utility customer MT_089,C&I customer (metered),,2014,2012-01-01,105216,534.3915405273438,194.1215333499865,1700.5046321458815,0.3632571225929683,"{""dst_march_interpolated"": 12, ""dst_october_halved"": 12, ""missing_after_reindex"": 0}",406350.06009010295,48418.65081420897,19676.98997005281,20573.230033493663,896.2400634408586,0.5810848891920337,459076.4967029097,148463.8908294678,60884.810615723596,61762.50032087384,877.6897051502456,1.5914945170053016
pt-090,UCI Portugal utility (metered),Portuguese utility customer MT_090,C&I customer (metered),,2014,2012-01-01,105216,339.33001708984375,140.38004768711926,1229.7292177391648,0.4136977002242366,"{""dst_march_interpolated"": 12, ""dst_october_halved"": 12, ""missing_after_reindex"": 0}",297890.9733917793,37543.07637512207,10170.899027160302,10931.367927641439,760.4689004811298,0.40971630303616235,345283.5123736076,120130.76747741699,35980.32336510936,36143.85228495582,763.5289198464652,1.2504619100205696
pt-097,UCI Portugal utility (metered),Portuguese utility customer MT_097,C&I customer (metered),,2014,2012-01-01,105216,579.8319091796875,186.8251412524208,1636.5882373712063,0.3222056915024393,"{""dst_march_interpolated"": 12, ""dst_october_halved"": 12, ""missing_after_reindex"": 0}",408167.4718156981,62612.373884277345,16563.740814331868,17728.9806156755,1165.2398013436396,0.48696896126434036,499357.65663868655,200347.79390869144,56308.09960652018,57340.507748419695,1032.4081418994756,1.353132742224372
pt-098,UCI Portugal utility (metered),Portuguese utility customer MT_098,C&I customer (metered),,2014,2012-01-01,105216,1683.6903076171875,674.9642916946107,5912.687195244789,0.4008838731451996,"{""dst_march_interpolated"": 12, ""dst_october_halved"": 12, ""missing_after_reindex"": 0}",1432784.0870059808,196695.7657873535,30946.334403961053,31103.433531305986,157.09912734493264,0.25918490874890804,1705425.6259558632,627655.5194030761,98708.55289869494,98853.89230509245,145.33940639755747,0.6945495697711501
pt-099,UCI Portugal utility (metered),Portuguese utility customer MT_099,C&I customer (metered),,2014,2012-01-01,105216,3718.75,1176.294335491581,10304.33837890625,0.3163144431573999,"{""dst_march_interpolated"": 12, ""dst_october_halved"": 12, ""missing_after_reindex"": 0}",2511978.494023437,361361.6796875,31074.540084857028,31154.127638645798,79.58755378879141,0.14844652607714767,3021859.9834228526,1146873.4375,99596.44512331157,99687.33584656222,90.89072325080633,0.39550387775610546
pt-101,UCI Portugal utility (metered),Portuguese utility customer MT_101,C&I customer (metered),,2014,2012-01-01,105216,1573.1707763671875,612.8652620565946,5368.699695615768,0.3895732562944254,"{""dst_march_interpolated"": 12, ""dst_october_halved"": 12, ""missing_after_reindex"": 0}",1286734.4469523772,164325.61032470703,24042.086015132474,24341.806167809977,299.7201526774734,0.2242148975376482,1504831.03317433,525810.9774291994,79531.77236430749,79826.21388163656,294.44151732906903,0.634211580790232
pt-102,UCI Portugal utility (metered),Portuguese utility customer MT_102,C&I customer (metered),,2014,2012-01-01,105216,2558.78466796875,920.0407876080028,8059.557299446106,0.3595616306151945,"{""dst_march_interpolated"": 12, ""dst_october_halved"": 12, ""missing_after_reindex"": 0}",1921927.9087783173,241324.93827758788,28835.102348791042,29111.837659207642,276.73531041661045,0.18003860946347494,2234797.321950532,767305.8853820802,92881.22603816987,93152.39288690852,271.16684873869235,0.4987363737688916
pt-103,UCI Portugal utility (metered),Portuguese utility customer MT_103,C&I customer (metered),,2014,2012-01-01,105216,2430.508544921875,1101.8455655626783,9652.16715432906,0.4533395152486886,"{""dst_march_interpolated"": 12, ""dst_october_halved"": 12, ""missing_after_reindex"": 0}",2274358.792716865,259387.52557739257,20394.00688935691,20755.69425052581,361.68736116890796,0.10760311145979734,2586589.090457728,829991.1869323731,66211.71897593199,66556.3431082954,344.6241323633876,0.30717698092918977
pt-104,UCI Portugal utility (metered),Portuguese utility customer MT_104,C&I customer (metered),,2014,2012-01-01,105216,1596.03955078125,502.9323488632838,4405.687376042366,0.3151127104695507,"{""dst_march_interpolated"": 12, ""dst_october_halved"": 12, ""missing_after_reindex"": 0}",1060510.6974534371,138024.54388122557,21932.015621947372,22438.533999601234,506.51837765386153,0.24816740471863447,1245856.9519712375,441652.5225982666,72045.99910589869,72518.98582096997,472.9867150712598,0.6939416181792465
pt-105,UCI Portugal utility (metered),Portuguese utility customer MT_105,C&I customer (metered),,2014,2012-01-01,105216,645.673583984375,212.23249952719635,1859.15669585824,0.3286993688320572,"{""dst_march_interpolated"": 12, ""dst_october_halved"": 12, ""missing_after_reindex"": 0}",453519.0006728899,61829.68725250244,13286.831602531205,13877.576913132134,590.7453106009307,0.3515662607163296,537256.0592236947,197843.34422454835,45520.836280573065,46114.6391224077,593.802841834633,1.0167405764695847
pt-114,UCI Portugal utility (metered),Portuguese utility customer MT_114,C&I customer (metered),,2014,2012-01-01,105216,774.8344116210938,306.4277062836303,2684.306707044602,0.3954750869189303,"{""dst_march_interpolated"": 12, ""dst_october_halved"": 12, ""missing_after_reindex"": 0}",647457.2410534244,84774.60197998048,26445.22780064371,27378.924736355784,933.6969357120724,0.49013697505552994,734833.818943442,245631.6224136353,70530.44642977511,71509.22930940884,978.782879633709,1.1517779058865603
pt-124,UCI Portugal utility (metered),Portuguese utility customer MT_124,C&I customer (metered),,2014,2012-01-01,105216,703.3493041992188,290.8010803365816,2547.4174637484552,0.4134518632497491,"{""dst_march_interpolated"": 12, ""dst_october_halved"": 12, ""missing_after_reindex"": 0}",613202.2054460949,79092.72744934082,28034.744768542034,28866.37327843102,831.628509888993,0.5486231690536182,705738.8167548041,241386.1245605469,85608.78189565183,86407.4348238856,798.6529282337724,1.4556452874048733
pt-128,UCI Portugal utility (metered),Portuguese utility customer MT_128,C&I customer (metered),,2014,2012-01-01,105216,771.6319580078125,280.6966737615463,2458.902862151146,0.3637701508452872,"{""dst_march_interpolated"": 12, ""dst_october_halved"": 12, ""missing_after_reindex"": 0}",598873.8006142869,81951.50012207031,17244.024642141376,18016.730873723907,772.7062315825242,0.3455290505168911,710513.9889832897,262229.3524169922,57191.64616088219,57889.75813709738,698.1119762152011,0.9659201149757055
pt-139,UCI Portugal utility (metered),Portuguese utility customer MT_139,C&I customer (metered),,2014,2012-01-01,105216,723.7615356445312,357.40781079645024,3130.892422576904,0.4938198469999761,"{""dst_march_interpolated"": 12, ""dst_october_halved"": 12, ""missing_after_reindex"": 0}",735541.3692584673,79659.63068054199,20460.537401203233,21270.32883358124,809.791432378006,0.3338037248155942,821460.9940576658,251190.09258728032,65428.35338683223,66204.82510294077,776.4717161085355,0.9557851758288972
pt-140,UCI Portugal utility (metered),Portuguese utility customer MT_140,C&I customer (metered),,2014,2012-01-01,105216,355.0295715332031,58.36195702144544,511.25074350786207,0.1643861855490178,"{""dst_march_interpolated"": 12, ""dst_october_halved"": 12, ""missing_after_reindex"": 0}",145310.42756640463,34655.14797737121,11342.230504057137,11703.997283514904,361.76677945776464,0.9366620711819663,204010.1877868991,109282.84031791688,36465.24005788528,36166.35700285393,301.1169449686513,2.1449070041134664
pt-143,UCI Portugal utility (metered),Portuguese utility customer MT_143,C&I customer (metered),,2014,2012-01-01,105216,364.7764587402344,207.02708373347377,1813.55725350523,0.5675450780142105,"{""dst_march_interpolated"": 12, ""dst_october_halved"": 12, ""missing_after_reindex"": 0}",421429.2029971401,40068.08055633544,11040.903993857843,11772.851349879284,731.9473560214446,0.3143845917274822,458068.06311070133,126933.01488189699,38791.28515811297,38944.46153161923,753.1763735062505,1.0162145309503041
pt-147,UCI Portugal utility (metered),Portuguese utility customer MT_147,C&I customer (metered),,2014,2012-01-01,105216,3229.268310546875,2621.7315430819717,22966.36831739807,0.8118655035629364,"{""dst_march_interpolated"": 12, ""dst_october_halved"": 12, ""missing_after_reindex"": 0}",5162895.131412492,382425.80645751953,24299.157854899357,24822.826514781722,523.6686598824454,0.05647798121729766,5397215.33351616,1223690.4928588867,78952.9884183823,79428.36570940993,475.37729102751473,0.1755416084915321
pt-148,UCI Portugal utility (metered),Portuguese utility customer MT_148,C&I customer (metered),,2014,2012-01-01,105216,414.1981506347656,331.12964179442355,2900.6956621191503,0.7994474173459293,"{""dst_march_interpolated"": 12, ""dst_october_halved"": 12, ""missing_after_reindex"": 0}",657613.9824308736,50080.5006704712,6511.320472195286,7656.631551911667,1145.31107971639,0.11881719025729025,688731.445444819,160248.1619003296,24878.784098819793,26113.590165999558,1234.8060671797575,0.4334714367412412
pt-152,UCI Portugal utility (metered),Portuguese utility customer MT_152,C&I customer (metered),,2014,2012-01-01,105216,1650.301513671875,1058.5611272241426,9272.99547448349,0.6414349853372391,"{""dst_march_interpolated"": 12, ""dst_october_halved"": 12, ""missing_after_reindex"": 0}",2103013.3448268785,169622.91962890624,15296.491649211588,16181.747567265233,885.2559180536191,0.08728327865444414,2230528.2371353316,542761.3686523438,51264.940231010754,52088.38828920721,823.4480581964453,0.27579981841530243
pt-153,UCI Portugal utility (metered),Portuguese utility customer MT_153,C&I customer (metered),,2014,2012-01-01,105216,338.9296875,206.52131337487057,1809.1267051638663,0.6093337969246809,"{""dst_march_interpolated"": 12, ""dst_october_halved"": 12, ""missing_after_reindex"": 0}",421176.7067621482,40168.81435974121,6293.629462300294,8137.899855815674,1844.2703935153913,0.1793155992129785,458863.4048612727,128532.63407287598,25398.646984322244,26638.520918480637,1839.873934158386,0.664214580162503
pt-155,UCI Portugal utility (metered),Portuguese utility customer MT_155,C&I customer (metered),,2014,2012-01-01,105216,452.77777099609375,142.58304009249767,1249.0274312102797,0.3149073325283184,"{""dst_march_interpolated"": 12, ""dst_october_halved"": 12, ""missing_after_reindex"": 0}",314756.5672040473,49955.416774597164,16211.547065331291,16986.09476102564,774.547695694353,0.6180603839724239,388503.866599626,159847.9170120239,55019.061872951264,55159.2513215982,740.1894486469373,1.6994135689151741
pt-157,UCI Portugal utility (metered),Portuguese utility customer MT_157,C&I customer (metered),,2014,2012-01-01,105216,4682.9970703125,2646.1624350565207,23180.38293109512,0.5650574611356612,"{""dst_march_interpolated"": 12, ""dst_october_halved"": 12, ""missing_after_reindex"": 0}",5323372.213277805,495856.96935302735,31631.835141606105,31829.99999999999,198.16485839389497,0.07130480576813734,5793838.297600351,1581463.3841186522,101677.67787677096,101850.0,172.32212322903797,0.2105913337323544
pt-161,UCI Portugal utility (metered),Portuguese utility customer MT_161,C&I customer (metered),,2014,2012-01-01,105216,2259.25927734375,1501.8481085425642,13156.189430832865,0.6647524361649686,"{""dst_march_interpolated"": 12, ""dst_october_halved"": 12, ""missing_after_reindex"": 0}",2997345.009355892,257816.45423095702,30843.641784024192,31270.29459140216,426.65280737789,0.12348384995820927,3197109.465017029,804426.3976379395,100451.257341983,100832.60134636002,381.34400437693694,0.37703278580027455
pt-162,UCI Portugal utility (metered),Portuguese utility customer MT_162,C&I customer (metered),,2014,2012-01-01,105216,586.42626953125,276.85957754670756,2425.2898993091585,0.4721131912593387,"{""dst_march_interpolated"": 12, ""dst_october_halved"": 12, ""missing_after_reindex"": 0}",574885.4655924562,65707.74036132812,14507.18098464165,15564.510109093611,1057.329124451957,0.30281887825480663,652363.2536595067,210180.37823791508,48984.657233632985,49918.71987129861,934.0626376656073,0.9010560964404034
pt-163,UCI Portugal utility (metered),Portuguese utility customer MT_163,C&I customer (metered),,2014,2012-01-01,105216,3845.6220703125,2407.764596367971,21092.017864183425,0.6261053614590664,"{""dst_march_interpolated"": 12, ""dst_october_halved"": 12, ""missing_after_reindex"": 0}",4823454.589993516,431465.185012207,30492.107736713253,30672.837738405826,180.73000169260195,0.07585959109051152,5208718.359977503,1375444.3570922853,97992.31194284523,98147.2988896209,154.98694677575259,0.22575759755980004
pt-166,UCI Portugal utility (metered),Portuguese utility customer MT_166,C&I customer (metered),,2014,2012-01-01,105216,1953.2967529296875,1250.739784829584,10956.480515107154,0.6403224614762909,"{""dst_march_interpolated"": 12, ""dst_october_halved"": 12, ""missing_after_reindex"": 0}",2520926.0114310198,236140.12061767577,29913.2975243119,30935.77999449528,1022.4824701833422,0.1423919498882782,2747474.013363945,754104.105456543,98455.76489510766,99404.90297683491,949.1380817272584,0.43002014686745943
pt-171,UCI Portugal utility (metered),Portuguese utility customer MT_171,C&I customer (metered),,2014,2012-01-01,105216,378.8821716308594,229.6805093386674,2012.0012618067265,0.6062056400015637,"{""dst_march_interpolated"": 12, ""dst_october_halved"": 12, ""missing_after_reindex"": 0}",466522.28014903725,43540.74670227051,8849.752047845748,9945.351253231403,1095.5992053856608,0.22763548300463338,506480.7710107312,139322.18195495606,32647.131304777482,33188.52320551115,1141.391900733659,0.7735053294827439
pt-174,UCI Portugal utility (metered),Portuguese utility customer MT_174,C&I customer (metered),,2014,2012-01-01,105216,325.89862060546875,157.90357431202582,1383.2353109733465,0.4845174674831873,"{""dst_march_interpolated"": 12, ""dst_october_halved"": 12, ""missing_after_reindex"": 0}",324919.159131837,32800.383062133784,8338.186354141024,9495.296945908627,1157.1105917676105,0.3079480955110232,357973.74888124067,104955.04288024902,30823.92528334176,31392.476349187564,1168.5510658458043,1.0332799669140342
pt-177,UCI Portugal utility (metered),Portuguese utility customer MT_177,C&I customer (metered),,2014,2012-01-01,105216,313.6826477050781,156.14812532132618,1367.8575778148174,0.4977901279006526,"{""dst_march_interpolated"": 12, ""dst_october_halved"": 12, ""missing_after_reindex"": 0}",322048.29278449924,33095.89396850585,8712.406249831518,9746.625615732513,1034.2193659009936,0.3246372588844549,356127.80817713984,105900.62207641602,32361.129143955128,32825.25080725026,1064.1216632951327,1.0904330996087293
pt-189,UCI Portugal utility (metered),Portuguese utility customer MT_189,C&I customer (metered),,2014,2012-01-01,105216,747.6340942382812,393.0060439867243,3442.7329453237057,0.52566629453561,"{""dst_march_interpolated"": 12, ""dst_october_halved"": 12, ""missing_after_reindex"": 0}",800885.5539654536,80227.6639440918,15373.997467950096,15960.40848729796,586.4110193478773,0.2303549723202512,883592.7131576298,256713.4015930176,52505.43889541412,53082.473832456,577.034937041848,0.7130720493306829
pt-190,UCI Portugal utility (metered),Portuguese utility customer MT_190,C&I customer (metered),,2014,2012-01-01,105216,746.0410766601562,342.3389105256085,2998.8888562043308,0.4588740770926129,"{""dst_march_interpolated"": 12, ""dst_october_halved"": 12, ""missing_after_reindex"": 0}",696352.8770936325,68128.02357055663,12735.790012935096,13289.239814522552,553.4498015874633,0.21947131286810426,764245.3915093993,217937.09744262698,43650.350488688695,44212.52772734637,562.1772386576704,0.6853874575936153
pt-191,UCI Portugal utility (metered),Portuguese utility customer MT_191,C&I customer (metered),,2014,2012-01-01,105216,3892.08642578125,1929.4819294167437,16902.261701690673,0.4957448829080004,"{""dst_march_interpolated"": 12, ""dst_october_halved"": 12, ""missing_after_reindex"": 0}",3892862.9407526273,371121.00946777343,31272.989370472933,31662.19950925463,389.210138781782,0.09640099796915048,4260224.840169823,1187517.273461914,100976.79368011054,101313.0700602446,336.27638013413525,0.28442666047480825
pt-192,UCI Portugal utility (metered),Portuguese utility customer MT_192,C&I customer (metered),,2014,2012-01-01,105216,787.4720458984375,453.7635690202452,3974.968864617348,0.5762281612200472,"{""dst_march_interpolated"": 12, ""dst_october_halved"": 12, ""missing_after_reindex"": 0}",918088.6363098661,86517.7859954834,11369.337347723842,12013.658298588973,644.3209508651125,0.14860444054841632,1000336.7044545584,276840.6064605713,39522.013400487805,40172.71841170643,650.7050112185971,0.47410452769945094
pt-193,UCI Portugal utility (metered),Portuguese utility customer MT_193,C&I customer (metered),,2014,2012-01-01,105216,535.7728271484375,261.3640507435622,2289.5490845136046,0.48782625303084,"{""dst_march_interpolated"": 12, ""dst_october_halved"": 12, ""missing_after_reindex"": 0}",531690.2784152888,50952.3371408081,10068.445772019055,11026.067865700363,957.6220936813042,0.22724009478664642,580579.7195747552,163037.87426300047,35802.404453224866,36786.6506499452,984.2461967203199,0.739999760503828
pt-194,UCI Portugal utility (metered),Portuguese utility customer MT_194,C&I customer (metered),,2014,2012-01-01,105216,4194.9150390625,2321.2273144787305,20333.95127483368,0.5533431053701363,"{""dst_march_interpolated"": 12, ""dst_october_halved"": 12, ""missing_after_reindex"": 0}",4679336.574952506,443327.162421875,28106.48232462845,28374.365904930073,267.88358030174277,0.0720781210099136,5114225.526873684,1418563.3519531253,90876.91136550112,91107.99278734054,231.08142183956807,0.2132332511844952
pt-195,UCI Portugal utility (metered),Portuguese utility customer MT_195,C&I customer (metered),,2014,2012-01-01,105216,808.7986450195312,413.3472033796517,3620.921501605749,0.5110631749014244,"{""dst_march_interpolated"": 12, ""dst_october_halved"": 12, ""missing_after_reindex"": 0}",847987.631933638,90104.21337219237,16137.482530204536,16584.792010872166,447.30948066763085,0.22836393252680023,947370.0421707446,288144.161984253,54851.413973293296,55280.73290249298,429.3189291996532,0.6947833880954503
pt-198,UCI Portugal utility (metered),Portuguese utility customer MT_198,C&I customer (metered),,2014,2012-01-01,105216,482.847900390625,230.43161960447964,2018.5809877352417,0.4772343825417071,"{""dst_march_interpolated"": 12, ""dst_october_halved"": 12, ""missing_after_reindex"": 0}",475059.0131438947,50618.97079833985,10113.731908441234,10763.753272444092,650.0213640028596,0.25547306659464136,530258.2493717304,161905.24266815188,35886.275343912675,36581.910434812984,695.6350909003086,0.8121237239348653
pt-199,UCI Portugal utility (metered),Portuguese utility customer MT_199,C&I customer (metered),,2014,2012-01-01,105216,944.9541015625,428.8093915145606,3756.370269667551,0.4537885922771444,"{""dst_march_interpolated"": 12, ""dst_october_halved"": 12, ""missing_after_reindex"": 0}",873859.4949963073,87708.92816223143,12112.98217714388,12709.094815429426,596.1126382855509,0.16633770870263392,964465.9319149331,280652.03686218266,40770.71157744302,41335.153089469386,564.4415120263584,0.5072740495435856
pt-200,UCI Portugal utility (metered),Portuguese utility customer MT_200,C&I customer (metered),,2014,2012-01-01,105216,1508.810546875,779.8523845303038,6831.506888485462,0.5168656768376315,"{""dst_march_interpolated"": 12, ""dst_october_halved"": 12, ""missing_after_reindex"": 0}",1578869.742232829,152758.2948400879,17649.30588092789,18291.763662073718,642.4577811458148,0.1341413195186197,1733361.1938005062,488797.7483337403,58616.584771465,59223.57218385946,606.9874123944755,0.40580060276723534
pt-201,UCI Portugal utility (metered),Portuguese utility customer MT_201,C&I customer (metered),,2014,2012-01-01,105216,568.540771484375,287.89974177232074,2522.0017379255296,0.5063836337025708,"{""dst_march_interpolated"": 12, ""dst_october_halved"": 12, ""missing_after_reindex"": 0}",587829.4449846024,58713.581282043444,11837.536193434782,12533.521201723777,695.9850082889825,0.24165246489981163,647611.3679950819,187872.39250946048,40211.154768582965,40876.17941832587,665.0246497428816,0.7450978797930243
pt-202,UCI Portugal utility (metered),Portuguese utility customer MT_202,C&I customer (metered),,2014,2012-01-01,105216,394.3662109375,230.42652254889137,2018.5363375282884,0.5842958046560685,"{""dst_march_interpolated"": 12, ""dst_october_halved"": 12, ""missing_after_reindex"": 0}",468251.8922809751,43946.321464233406,9349.32324155168,10510.850626770914,1161.527385219255,0.23959727819166884,508964.8460933316,140619.9447418213,34095.43107043933,34664.73899194335,1169.3079215040161,0.8038770771414826
pt-203,UCI Portugal utility (metered),Portuguese utility customer MT_203,C&I customer (metered),,2014,2012-01-01,105216,1006.4515991210938,527.5041580203053,4620.936424257875,0.5241227282871428,"{""dst_march_interpolated"": 12, ""dst_october_halved"": 12, ""missing_after_reindex"": 0}",1072349.5096065516,106350.98827941896,18708.39060772235,19700.52303407365,992.1324263513161,0.20935402616544135,1178579.3384638184,337820.7493682861,60319.58249661031,61265.958289665126,946.3757930547799,0.6141588999029826
pt-204,UCI Portugal utility (metered),Portuguese utility customer MT_204,C&I customer (metered),,2014,2012-01-01,105216,1482.089599609375,844.725686882484,7399.797017090559,0.5699558833049789,"{""dst_march_interpolated"": 12, ""dst_october_halved"": 12, ""missing_after_reindex"": 0}",1697588.4823042667,153290.74536010742,13911.112591045458,14425.808252561827,514.6956615163363,0.09833558181659792,1835895.7500222153,488170.5975097657,47758.78925325423,48282.684896320105,523.8956430658436,0.3121666745141253
pt-205,UCI Portugal utility (metered),Portuguese utility customer MT_205,C&I customer (metered),,2014,2012-01-01,105216,822.0338745117188,520.2729871449405,4557.591367389679,0.6329094253615501,"{""dst_march_interpolated"": 12, ""dst_october_halved"": 12, ""missing_after_reindex"": 0}",1051101.6672299264,98412.24487365721,17756.48195154147,18729.19546424056,972.7135126991052,0.20271852862724773,1143656.6980133129,314397.13709106453,59792.856716446186,60691.12694783187,898.2702313856571,0.6273860694767706
pt-206,UCI Portugal utility (metered),Portuguese utility customer MT_206,C&I customer (metered),,2014,2012-01-01,105216,379.15234375,198.6849997508199,1740.4805978171826,0.524024189817025,"{""dst_march_interpolated"": 12, ""dst_october_halved"": 12, ""missing_after_reindex"": 0}",406735.62832694274,40215.911452941895,8660.361494767967,9432.917494457703,772.5559996897427,0.2555083221125616,446552.77881500276,128683.33589324952,31588.23318878209,31800.28396797074,812.0507791886521,0.8488555356687658
pt-207,UCI Portugal utility (metered),Portuguese utility customer MT_207,C&I customer (metered),,2014,2012-01-01,105216,1624.48974609375,862.4538526138758,7555.095748897553,0.5309075386211168,"{""dst_march_interpolated"": 12, ""dst_october_halved"": 12, ""missing_after_reindex"": 0}",1749600.2681261173,172704.81637939453,18297.617928341002,18863.52677830724,565.908849966203,0.12549804611956344,1928216.0554733984,552299.5241760254,60906.657673852606,61438.471878607226,531.8142047545552,0.37904460447342975
pt-209,UCI Portugal utility (metered),Portuguese utility customer MT_209,C&I customer (metered),,2014,2012-01-01,105216,1039.0625,577.7611301369863,5061.1875,0.5560407868987537,"{""dst_march_interpolated"": 12, ""dst_october_halved"": 12, ""missing_after_reindex"": 0}",1167580.011308594,109995.859375,14429.034755538552,14930.498139305513,501.46338376696804,0.14829683224227375,1272378.148125,351700.78125,48817.134926060884,49322.53423942097,505.39931336005975,0.46040213750604303
pt-210,UCI Portugal utility (metered),Portuguese utility customer MT_210,C&I customer (metered),,2014,2012-01-01,105216,1175.7105712890625,672.0620511279259,5887.263567880631,0.5716220195171584,"{""dst_march_interpolated"": 12, ""dst_october_halved"": 12, ""missing_after_reindex"": 0}",1352695.1746049365,123235.01141723632,15234.618926049327,15950.347466667688,715.7285406183219,0.13514901993051345,1467483.7620386505,394328.80656127934,55786.168413674386,53952.58193796524,686.4135242908524,0.45617814539501605
pt-211,UCI Portugal utility (metered),Portuguese utility customer MT_211,C&I customer (metered),,2014,2012-01-01,105216,336.0,187.90014269406393,1646.00525,0.5592266151609045,"{""dst_march_interpolated"": 12, ""dst_october_halved"": 12, ""missing_after_reindex"": 0}",382869.59956125,36047.475,7180.834608438272,8183.227461041047,1002.3928526027812,0.22506361278097275,416064.45803250006,115345.12500000001,27550.415169891665,28019.933225382963,1069.5180554913059,0.7946003934151843
pt-212,UCI Portugal utility (metered),Portuguese utility customer MT_212,C&I customer (metered),,2014,2012-01-01,105216,589.1472778320312,349.7808704541699,3064.080425178528,0.5937070128564594,"{""dst_march_interpolated"": 12, ""dst_october_halved"": 12, ""missing_after_reindex"": 0}",705896.7091660452,63906.74434417724,9588.129409368099,10548.125952143751,959.9965427756542,0.16299488497169445,762632.0549723677,204489.5353897095,34048.53953120413,35031.0343836482,982.4948524440842,0.5357530826438361
pt-213,UCI Portugal utility (metered),Portuguese utility customer MT_213,C&I customer (metered),,2014,2012-01-01,105216,1744.03466796875,1071.1922969630864,9383.644521396636,0.6142035572094948,"{""dst_march_interpolated"": 12, ""dst_october_halved"": 12, ""missing_after_reindex"": 0}",2147420.673196563,190358.58841186523,19748.386415545043,20261.94896072649,513.5625451813976,0.11035594466629622,2316964.5900240634,609111.6000549317,64734.27260895583,65198.34076016618,464.068151210362,0.33527110196336757
pt-214,UCI Portugal utility (metered),Portuguese utility customer MT_214,C&I customer (metered),,2014,2012-01-01,105216,943.9918823242188,382.77877365285065,3353.1420571989715,0.405489475937446,"{""dst_march_interpolated"": 12, ""dst_october_halved"": 12, ""missing_after_reindex"": 0}",787365.1981144962,85052.87260772704,15866.874107700627,16554.063518027768,687.1894103271552,0.24182233320492758,882769.0374013252,272153.1597579956,54122.483063377884,54814.93836464094,692.4553012630495,0.7357188225273833
pt-215,UCI Portugal utility (metered),Portuguese utility customer MT_215,C&I customer (metered),,2014,2012-01-01,105216,673.8782348632812,369.99439967448853,3241.1509411485195,0.5490523072755931,"{""dst_march_interpolated"": 12, ""dst_october_halved"": 12, ""missing_after_reindex"": 0}",747917.4803287763,69194.54292053223,11124.341011788332,12047.381792466891,923.0407806785443,0.17848505437094253,811695.6244232289,221409.49407653813,40634.36619362782,41572.72249250646,938.3562988786143,0.6007330576286145
pt-216,UCI Portugal utility (metered),Portuguese utility customer MT_216,C&I customer (metered),,2014,2012-01-01,105216,3774.08642578125,2061.41334334552,18057.980887706755,0.5462019442013174,"{""dst_march_interpolated"": 12, ""dst_october_halved"": 12, ""missing_after_reindex"": 0}",4158037.6434569666,394684.9517065429,28833.063462051505,29293.739801742697,460.6763396912429,0.0832115510279408,4545422.717334959,1262917.4467895506,94065.5284956377,94471.94114990722,406.41265426934115,0.2483347341145588
pt-217,UCI Portugal utility (metered),Portuguese utility customer MT_217,C&I customer (metered),,2014,2012-01-01,105216,473.4982299804687,203.66861247281503,1784.1370452618598,0.4301359531612529,"{""dst_march_interpolated"": 12, ""dst_october_halved"": 12, ""missing_after_reindex"": 0}",420568.01180977846,44886.29888519287,10581.860005062688,11488.612660057985,906.7526549952963,0.30193052370846013,469422.0931282043,143627.69530181887,37813.16361976322,38774.81271226155,961.64909249833,0.9666310343710908
pt-218,UCI Portugal utility (metered),Portuguese utility customer MT_218,C&I customer (metered),,2014,2012-01-01,105216,2117.2021484375,1232.39662367873,10795.794423425674,0.5820873668526368,"{""dst_march_interpolated"": 12, ""dst_october_halved"": 12, ""missing_after_reindex"": 0}",2485483.2639592937,234322.55197998046,22647.577012918133,23011.34228459691,363.76527167879976,0.10934329274947335,2711678.163411758,747477.601727295,76474.77445376205,76823.48904884508,348.7145950830309,0.33842411899298674
pt-219,UCI Portugal utility (metered),Portuguese utility customer MT_219,C&I customer (metered),,2014,2012-01-01,105216,1191.3978271484375,536.7174535191767,4701.644892827988,0.4504938999291179,"{""dst_march_interpolated"": 12, ""dst_october_halved"": 12, ""missing_after_reindex"": 0}",1108480.0168313675,125494.62280639648,24923.256179754826,25457.260532648033,534.0043528932001,0.2698100729068503,1259488.734461715,401559.13706665044,84975.32626877184,82949.88197941246,494.5557106406268,0.8096173370388
pt-221,UCI Portugal utility (metered),Portuguese utility customer MT_221,C&I customer (metered),,2014,2012-01-01,105216,318.0635070800781,153.54403472427092,1345.045744184613,0.4827464682567732,"{""dst_march_interpolated"": 12, ""dst_october_halved"": 12, ""missing_after_reindex"": 0}",316926.8203464204,32708.18310760498,8668.967274891962,9765.32103981599,1096.353764924028,0.3282385731349433,350498.7510823357,104412.59714050294,31663.344752524965,32178.527789816228,1115.1830372912518,1.0840556089201103
pt-222,UCI Portugal utility (metered),Portuguese utility customer MT_222,C&I customer (metered),,2014,2012-01-01,105216,1646.6666259765625,912.5296040445702,7993.759331430435,0.5541677894293817,"{""dst_march_interpolated"": 12, ""dst_october_halved"": 12, ""missing_after_reindex"": 0}",1844304.7655659448,176026.97290161133,17278.726764141393,17742.538551917976,463.8117877766199,0.11242432652179954,2018121.2633864712,562574.1319519044,58891.254111794726,59366.28238978069,475.0282779860572,0.3501747205000358
pt-225,UCI Portugal utility (metered),Portuguese utility customer MT_225,C&I customer (metered),,2014,2012-01-01,105216,576.2828979492188,302.77700568630814,2652.3265698120595,0.5253964793398891,"{""dst_march_interpolated"": 12, ""dst_october_halved"": 12, ""missing_after_reindex"": 0}",613937.8051162511,57721.29793395996,11644.817701677202,12642.734961427437,997.9172597502402,0.22760906928294897,668094.1150603904,184697.27284240726,40846.34891105971,41907.31964362956,1060.9707325698546,0.7336633804780787
pt-226,UCI Portugal utility (metered),Portuguese utility customer MT_226,C&I customer (metered),,2014,2012-01-01,105216,828.5492553710938,484.31515495151825,4242.6007573752995,0.5845339330304525,"{""dst_march_interpolated"": 12, ""dst_october_halved"": 12, ""missing_after_reindex"": 0}",973568.9721173217,86559.16136901855,11564.836751698123,12351.826407832596,786.9896561345013,0.1425456695878079,1049052.3153429057,276972.9998565674,41554.918572370545,42372.52716739753,817.6085950270062,0.4753423786166936
pt-227,UCI Portugal utility (metered),Portuguese utility customer MT_227,C&I customer (metered),,2014,2012-01-01,105216,518.935546875,243.6765058637754,2134.6061913666726,0.4695698865325015,"{""dst_march_interpolated"": 12, ""dst_october_halved"": 12, ""missing_after_reindex"": 0}",499006.15838077327,50367.6350906372,10216.470679376784,11179.253600047294,962.7829206704882,0.24568363755336992,549713.2691941827,160298.20727539065,36035.950634120476,37034.931748188916,998.9811140684251,0.786649025669948
pt-229,UCI Portugal utility (metered),Portuguese utility customer MT_229,C&I customer (metered),,2014,2012-01-01,105216,1513.1375732421875,943.92120972454,8268.74979718697,0.6238171772458255,"{""dst_march_interpolated"": 12, ""dst_october_halved"": 12, ""missing_after_reindex"": 0}",1891150.4427092506,166004.68297485352,17475.298668951524,18309.928947586588,834.630278635057,0.11088678049695412,2036649.8440854507,531183.6934020997,58644.902033722465,59448.48165352198,803.5796197996096,0.34553746509168864
pt-231,UCI Portugal utility (metered),Portuguese utility customer MT_231,C&I customer (metered),,2014,2012-01-01,105216,1274.109619140625,611.4219606821667,5356.056375575781,0.4798817554603858,"{""dst_march_interpolated"": 12, ""dst_october_halved"": 12, ""missing_after_reindex"": 0}",1254595.3286561295,135305.11358703612,23995.17751163004,24807.562565995504,812.3850543654407,0.22950996513592328,1409675.7721315871,432950.8582733155,80343.81639206313,81090.80413403809,746.9877419749537,0.6839344307144414
pt-235,UCI Portugal utility (metered),Portuguese utility customer MT_235,C&I customer (metered),,2014,2012-01-01,105216,1548.0391845703125,746.3206074977575,6537.768521680355,0.4821070518992791,"{""dst_march_interpolated"": 12, ""dst_october_halved"": 12, ""missing_after_reindex"": 0}",1531478.584220299,166572.83733642576,25753.40107644978,26481.38773502827,727.9866585784912,0.2017924482272373,1724074.7160052836,532833.5962646485,85526.82192001372,86177.86844902932,651.0465290155262,0.5952885066478868
pt-238,UCI Portugal utility (metered),Portuguese utility customer MT_238,C&I customer (metered),,2014,2012-01-01,105216,740.2000122070312,393.9800445639379,3451.265190380097,0.5322616023596378,"{""dst_march_interpolated"": 12, ""dst_october_halved"": 12, ""missing_after_reindex"": 0}",800119.5651094997,77749.5496295166,15583.626917816931,16186.799156532648,603.1722387157351,0.23371947289929218,876275.9012596989,247847.73125,52411.29238387812,52994.79993745034,583.507553572279,0.7177368540004411
pt-240,UCI Portugal utility (metered),Portuguese utility customer MT_240,C&I customer (metered),,2014,2012-01-01,105216,713.44580078125,355.51262453021525,3114.2905908846856,0.4983036190568583,"{""dst_march_interpolated"": 12, ""dst_october_halved"": 12, ""missing_after_reindex"": 0}",729286.1500481983,76862.41919128418,16411.244087001956,17274.962061520197,863.7179745182148,0.27003793919712876,812791.7517860511,245534.58082275392,55528.1428681171,56376.91133390476,848.7684657876744,0.8198135782667285
pt-241,UCI Portugal utility (metered),Portuguese utility customer MT_241,C&I customer (metered),,2014,2012-01-01,105216,4777.77783203125,2640.832523596341,23133.69290670395,0.5527323823832142,"{""dst_march_interpolated"": 12, ""dst_october_halved"": 12, ""missing_after_reindex"": 0}",5335539.806678443,515960.3756469726,31658.858963204257,31830.000000000004,171.14103679580148,0.07120297501724682,5854875.216164026,1650975.9428100586,101708.53655269434,101850.00000000001,141.4634473057231,0.20845917181339618
pt-242,UCI Portugal utility (metered),Portuguese utility customer MT_242,C&I customer (metered),,2014,2012-01-01,105216,360.240234375,179.99335281190264,1576.741770632267,0.4996481115558419,"{""dst_march_interpolated"": 12, ""dst_october_halved"": 12, ""missing_after_reindex"": 0}",371011.07645949593,38629.00249267578,10737.125768519225,11696.070845573597,958.9450770543772,0.3472821093423529,411648.9976594355,123503.06403656007,38700.99097960179,39099.404301431954,998.4133218301577,1.1281744748457707
pt-244,UCI Portugal utility (metered),Portuguese utility customer MT_244,C&I customer (metered),,2014,2012-01-01,105216,312.2079162597656,152.08848911381273,1332.2951646369993,0.4871384778958356,"{""dst_march_interpolated"": 12, ""dst_october_halved"": 12, ""missing_after_reindex"": 0}",313000.48218765453,31501.353728179933,8648.329383022628,9729.833851604248,1081.504468581621,0.3315648329706147,344569.9351170172,100798.39388046267,32924.88638832223,33455.323840437675,1130.4374521154605,1.1466428042414374
pt-245,UCI Portugal utility (metered),Portuguese utility customer MT_245,C&I customer (metered),,2014,2012-01-01,105216,327.4827575683594,196.16714095595765,1718.424154774189,0.5990151738447156,"{""dst_march_interpolated"": 12, ""dst_october_halved"": 12, ""missing_after_reindex"": 0}",398689.8422200319,36929.994971008295,9799.77040990978,11219.89205189915,1420.1216419893717,0.2949592200897281,432034.55936712294,118169.02255096436,36223.30479670796,37054.075626385755,1430.7708296777855,1.006122422699812
pt-246,UCI Portugal utility (metered),Portuguese utility customer MT_246,C&I customer (metered),,2014,2012-01-01,105216,1170.04150390625,586.4117114797847,5136.966592562914,0.5011888121250536,"{""dst_march_interpolated"": 12, ""dst_october_halved"": 12, ""missing_after_reindex"": 0}",1196225.1929903144,122665.24845947266,21766.47924422963,22602.07760405106,835.5983598214079,0.21835165524128067,1327341.9224827604,390388.3769348145,74211.28771142954,72494.23685715755,802.9491457279946,0.6709163912124692
pt-247,UCI Portugal utility (metered),Portuguese utility customer MT_247,C&I customer (metered),,2014,2012-01-01,105216,1195.1219482421875,435.0964362191283,3811.444781279564,0.3640602842739839,"{""dst_march_interpolated"": 12, ""dst_october_halved"": 12, ""missing_after_reindex"": 0}",901464.1103055519,103742.22215026854,22961.042137466706,23730.10234042268,769.0602029559741,0.30565000037129436,1028287.1264709968,331955.5553253174,78393.52260013168,76594.73050586006,721.2079057284063,0.9148439642826877
pt-252,UCI Portugal utility (metered),Portuguese utility customer MT_252,C&I customer (metered),,2014,2012-01-01,105216,397.1932373046875,213.30279239635215,1868.532461392045,0.5370252369949776,"{""dst_march_interpolated"": 12, ""dst_october_halved"": 12, ""missing_after_reindex"": 0}",437764.00361963274,44533.19647918701,10073.246893842079,11129.735519488315,1056.4886256462123,0.27612814604815034,483612.53187940083,142497.83416290284,36465.16407891236,36958.44861656835,1093.2845376559817,0.9048193338713333
pt-253,UCI Portugal utility (metered),Portuguese utility customer MT_253,C&I customer (metered),,2014,2012-01-01,105216,706.7291259765625,318.45737196615295,2789.6865784235,0.4506073971779593,"{""dst_march_interpolated"": 12, ""dst_october_halved"": 12, ""missing_after_reindex"": 0}",656406.15066002,71229.2487310791,14369.066347124332,15060.270912095093,691.2045649707652,0.26268613722177026,736251.9737065842,227920.16912536623,49368.732213470874,50084.09941239946,715.3671989285649,0.8046495054935464
pt-254,UCI Portugal utility (metered),Portuguese utility customer MT_254,C&I customer (metered),,2014,2012-01-01,105216,441.4383544921875,242.17276725010717,2121.433441110939,0.5485992886338406,"{""dst_march_interpolated"": 12, ""dst_october_halved"": 12, ""missing_after_reindex"": 0}",495496.68446134834,49635.03252868652,11549.312752604048,12771.863019897186,1222.5502672931507,0.27970268495723816,545846.560382862,158822.7478179932,40976.57299119734,42251.35713310691,1274.7841419095894,0.900837179498707
pt-255,UCI Portugal utility (metered),Portuguese utility customer MT_255,C&I customer (metered),,2014,2012-01-01,105216,1174.0377197265625,601.1564925791738,5266.130874993562,0.5120418896925946,"{""dst_march_interpolated"": 12, ""dst_october_halved"": 12, ""missing_after_reindex"": 0}",1227978.795497759,127596.66041259764,18845.322193510132,19287.506374902405,442.18418139225105,0.18415942290799459,1367658.5306697106,407257.79293212894,64828.62303318402,62701.47558120638,392.85254802234704,0.5688141147463668
pt-260,UCI Portugal utility (metered),Portuguese utility customer MT_260,C&I customer (metered),,2014,2012-01-01,105216,306.28570556640625,159.7964009416702,1399.816472249031,0.521723338822368,"{""dst_march_interpolated"": 12, ""dst_october_halved"": 12, ""missing_after_reindex"": 0}",330170.866240561,34485.04613449096,9045.906308204416,10309.381566473236,1263.4752582688307,0.3287718172546554,366374.3313577878,110345.64715042117,34022.39990489284,34718.80498730102,1296.4050824081714,1.1143488064397546
pt-262,UCI Portugal utility (metered),Portuguese utility customer MT_262,C&I customer (metered),,2014,2012-01-01,105216,368.15185546875,181.42021278507633,1589.2410639972686,0.4927863600037618,"{""dst_march_interpolated"": 12, ""dst_october_halved"": 12, ""missing_after_reindex"": 0}",372452.21161466907,37513.493811950684,10676.85019067092,11645.369403669534,968.5192129986135,0.3439963525323444,410451.0391990478,120036.10885162355,38881.28316534753,39300.929045526675,1019.6458801791305,1.1367382548102287
pt-263,UCI Portugal utility (metered),Portuguese utility customer MT_263,C&I customer (metered),,2014,2012-01-01,105216,387.4352416992187,184.4242823561849,1615.55671344018,0.4760131823510282,"{""dst_march_interpolated"": 12, ""dst_october_halved"": 12, ""missing_after_reindex"": 0}",382396.2048246978,41838.17099822998,11267.030741468654,12009.336028860953,742.3052873923043,0.3535714193596814,428357.36669104005,133165.35650024415,39636.61110489952,39815.57854046201,778.9674355625029,1.1103797208695074
pt-264,UCI Portugal utility (metered),Portuguese utility customer MT_264,C&I customer (metered),,2014,2012-01-01,105216,389.49078369140625,192.17134099406735,1683.4209471080303,0.4933912406675194,"{""dst_march_interpolated"": 12, ""dst_october_halved"": 12, ""missing_after_reindex"": 0}",393835.31768250605,39151.13021575927,9084.830437996465,10299.814844369857,1214.9844063734017,0.2768110435028161,432787.6411755545,125276.23664703371,33445.21690336346,34050.97696160982,1205.7600582463601,0.9273430307534181
pt-266,UCI Portugal utility (metered),Portuguese utility customer MT_266,C&I customer (metered),,2014,2012-01-01,105216,458.1047058105469,262.9767055255093,2303.6759404034615,0.5740537090973817,"{""dst_march_interpolated"": 12, ""dst_october_halved"": 12, ""missing_after_reindex"": 0}",533879.9603532329,50172.085421142576,10243.777832357177,11343.524584572766,1099.7467522155857,0.23024901310578239,580585.6154081566,160479.3219467163,36601.674285464134,37724.2117156554,1122.5374301912525,0.7565121831631914
pt-268,UCI Portugal utility (metered),Portuguese utility customer MT_268,C&I customer (metered),,2014,2012-01-01,105216,428.0157165527344,216.60763010992304,1897.482839762926,0.5060740102127431,"{""dst_march_interpolated"": 12, ""dst_october_halved"": 12, ""missing_after_reindex"": 0}",442976.98406708986,43806.792905578615,9865.102217057476,10819.092444367881,953.9902273103944,0.26724012953855997,486543.5395576205,140173.47965545655,35617.19937923218,36025.384488925745,1008.1851096935789,0.8784545632635395
pt-269,UCI Portugal utility (metered),Portuguese utility customer MT_269,C&I customer (metered),,2014,2012-01-01,105216,1307.94287109375,725.5404790867682,6355.734596800089,0.5547187840704728,"{""dst_march_interpolated"": 12, ""dst_october_halved"": 12, ""missing_after_reindex"": 0}",1472757.297331442,145734.7170361328,27281.935133032443,28202.209409224895,920.2742761924455,0.2222927173333925,1624324.186922306,466127.6855651855,89470.69574803306,90308.27331994034,837.5775719072699,0.6609815685935796
pt-273,UCI Portugal utility (metered),Portuguese utility customer MT_273,C&I customer (metered),,2014,2012-01-01,105216,903.9039306640624,464.1259400280643,4065.743234645843,0.5134682174543587,"{""dst_march_interpolated"": 12, ""dst_october_halved"": 12, ""missing_after_reindex"": 0}",947357.7176519606,96891.92266479493,16763.159751886626,17539.49289228255,776.3331403959382,0.21233575583382827,1050010.2576481993,310035.8882629395,55930.711769083355,56666.56083120267,735.8490621192759,0.6392018900198897
pt-274,UCI Portugal utility (metered),Portuguese utility customer MT_274,C&I customer (metered),,2014,2012-01-01,105216,538.8026733398438,313.1762306378857,2743.423780387878,0.581244760157961,"{""dst_march_interpolated"": 12, ""dst_october_halved"": 12, ""missing_after_reindex"": 0}",633979.706411875,58907.84970855713,13091.709421063853,14258.043295387606,1166.3338743237546,0.2478005391401336,687900.7927826447,187967.07392883304,45757.99766842529,46913.901583575884,1155.903915150615,0.7982197110137664
pt-276,UCI Portugal utility (metered),Portuguese utility customer MT_276,C&I customer (metered),,2014,2012-01-01,105216,3489.702880859375,1828.1111174692303,16014.253389030457,0.5238586721798617,"{""dst_march_interpolated"": 12, ""dst_october_halved"": 12, ""missing_after_reindex"": 0}",3721987.2798068835,383383.41853515623,31367.436204173573,31620.125010996555,252.68880682298914,0.1011312522458736,4138262.0887067933,1226754.6709960937,101053.89144657605,101255.73253147013,201.8410848939675,0.2930328411697734
pt-280,UCI Portugal utility (metered),Portuguese utility customer MT_280,C&I customer (metered),,2014,2012-01-01,105216,555.7222290039062,267.46772636795697,2343.017282983303,0.4812975123334087,"{""dst_march_interpolated"": 12, ""dst_october_halved"": 12, ""missing_after_reindex"": 0}",551713.8678869304,59720.35041442871,15153.658031649124,16133.14208831684,979.4840566677303,0.3295981974791633,618341.7913356476,191093.8639556885,52614.88212377706,53619.586068010576,1004.7039442335044,1.021083475728718
pt-283,UCI Portugal utility (metered),Portuguese utility customer MT_283,C&I customer (metered),,2014,2012-01-01,105216,385.6130676269531,250.74215193643963,2196.501250963211,0.6502428807184789,"{""dst_march_interpolated"": 12, ""dst_october_halved"": 12, ""missing_after_reindex"": 0}",506412.06597916625,45153.355641784656,9478.040753117413,10707.958011940911,1229.917258823476,0.22459277074588516,545133.0986696882,144482.22658233644,34935.997599809445,35620.689274035496,1284.6916742260437,0.7690451602017621
pt-290,UCI Portugal utility (metered),Portuguese utility customer MT_290,C&I customer (metered),,2014,2012-01-01,105216,1154.425048828125,559.1191548978901,4897.883796905518,0.4843269430661269,"{""dst_march_interpolated"": 12, ""dst_october_halved"": 12, ""missing_after_reindex"": 0}",1140018.3856127749,116597.61520690918,21369.231802401715,21853.162288922445,483.9304865207523,0.22493565442892896,1266643.2354990602,373090.38984680176,72634.20971937422,70566.3215238905,452.1118045162657,0.6881262949224011
pt-292,UCI Portugal utility (metered),Portuguese utility customer MT_292,C&I customer (metered),,2014,2012-01-01,105216,409.9774169921875,240.60173344568577,2107.6711849842072,0.5868658210758732,"{""dst_march_interpolated"": 12, ""dst_october_halved"": 12, ""missing_after_reindex"": 0}",490975.3608014522,48186.164952697756,12003.511730866565,12923.59706103808,920.0853301715106,0.29337957109552115,538712.1948985988,154186.64468841554,42404.569852419416,43336.81928894589,932.2494365264756,0.9445764232695978
pt-294,UCI Portugal utility (metered),Portuguese utility customer MT_294,C&I customer (metered),,2014,2012-01-01,105216,1184.391845703125,594.3908104439985,5206.863499489426,0.5018531768860102,"{""dst_march_interpolated"": 12, ""dst_october_halved"": 12, ""missing_after_reindex"": 0}",1209595.621293674,121673.75937194824,22468.285758524507,23218.280614869487,749.9948563449725,0.2229004671940971,1338975.0253768908,389333.09431457525,76338.02333393999,74498.36298543893,680.3396514989872,0.6841473983052305
pt-295,UCI Portugal utility (metered),Portuguese utility customer MT_295,C&I customer (metered),,2014,2012-01-01,105216,495.30120849609375,244.96989540912244,2145.9362837839126,0.4945877199713201,"{""dst_march_interpolated"": 12, ""dst_october_halved"": 12, ""missing_after_reindex"": 0}",503352.64908019407,52482.10952850341,14211.027280670554,15197.446764668299,986.4194839977426,0.338792947011743,559404.6711346614,167932.8575393677,49295.07279472587,50291.15082470225,996.0780299763537,1.057447147048068
pt-298,UCI Portugal utility (metered),Portuguese utility customer MT_298,C&I customer (metered),,2014,2012-01-01,105216,1535.176513671875,875.9127375896663,7672.995581285477,0.5705615802411121,"{""dst_march_interpolated"": 12, ""dst_october_halved"": 12, ""missing_after_reindex"": 0}",1768041.1256438238,166981.42854003908,26296.962147340775,27020.636133211545,723.6739858708024,0.17848201673090514,1927621.882963526,530302.9950927735,82839.36531470792,83487.5727920325,648.2074773245549,0.5156988476641529
pt-299,UCI Portugal utility (metered),Portuguese utility customer MT_299,C&I customer (metered),,2014,2012-01-01,105216,1034.0404052734375,461.52952971131833,4042.9986802711487,0.4463360690332728,"{""dst_march_interpolated"": 12, ""dst_october_halved"": 12, ""missing_after_reindex"": 0}",942012.2243441951,96509.56051574707,20175.67063449767,20884.693100501427,709.022466003742,0.2570115772993514,1044657.9518914139,308812.401461792,66831.37057732309,67488.4262653942,657.0556880711374,0.76769285628454
pt-307,UCI Portugal utility (metered),Portuguese utility customer MT_307,C&I customer (metered),,2014,2012-01-01,105216,1404.769287109375,745.5378490810525,6530.911557950019,0.530719069616878,"{""dst_march_interpolated"": 12, ""dst_october_halved"": 12, ""missing_after_reindex"": 0}",1511675.6677207,147834.30030273437,21616.532209904282,22273.429284269863,656.8970743655955,0.1715965878513951,1663038.2691088081,473041.8939941406,72148.33881506984,72779.02339672124,630.6845816514688,0.5206014087966803
pt-309,UCI Portugal utility (metered),Portuguese utility customer MT_309,C&I customer (metered),,2014,2012-01-01,105216,386.516845703125,211.94050754510445,1856.598846095115,0.5483344643350713,"{""dst_march_interpolated"": 12, ""dst_october_halved"": 12, ""missing_after_reindex"": 0}",430982.2000883226,40447.43144439697,10180.76458820919,11357.831037564785,1177.0664493556142,0.2834668694750589,467989.9949372859,129041.60640563964,37633.81046866878,38290.81770578465,1257.0072371158603,0.9649901290828745
pt-310,UCI Portugal utility (metered),Portuguese utility customer MT_310,C&I customer (metered),,2014,2012-01-01,105216,1089.3721923828125,542.6581716472156,4753.685583629608,0.4981384465673252,"{""dst_march_interpolated"": 12, ""dst_october_halved"": 12, ""missing_after_reindex"": 0}",1110208.5825497454,116846.0740270996,25672.295947670034,26547.657496716056,875.361549046007,0.2774861915267501,1241261.9552328552,373885.41123657225,89684.48481043799,88014.5891002772,850.1042898391897,0.867031985624149
pt-312,UCI Portugal utility (metered),Portuguese utility customer MT_312,C&I customer (metered),,2014,2012-01-01,105216,724.0364379882812,361.8291441423232,3169.623302686751,0.4997388600325934,"{""dst_march_interpolated"": 12, ""dst_october_halved"": 12, ""missing_after_reindex"": 0}",741196.5135535722,77082.75542419433,13973.656010632854,14562.233348585072,588.5773379522288,0.22623402709175638,823952.0052857739,246650.28714904786,48413.38836548846,49005.718892456935,592.3305269684788,0.7050904138334674
pt-313,UCI Portugal utility (metered),Portuguese utility customer MT_313,C&I customer (metered),,2014,2012-01-01,105216,426.7144775390625,222.4357812319172,1948.5374435915944,0.5212754498388324,"{""dst_march_interpolated"": 12, ""dst_october_halved"": 12, ""missing_after_reindex"": 0}",454598.0575866255,44756.21726745605,10013.244471623348,11186.30301292657,1173.0585413032168,0.2643190652801753,498849.4607808121,143211.45864562987,36431.366577016764,37623.53497049906,1192.1683934822831,0.8763693925616786
pt-314,UCI Portugal utility (metered),Portuguese utility customer MT_314,C&I customer (metered),,2014,2012-01-01,105216,2039.3258056640625,1057.2929492484488,9261.886235416412,0.5184521994042851,"{""dst_march_interpolated"": 12, ""dst_october_halved"": 12, ""missing_after_reindex"": 0}",2140294.357299803,208087.134263916,24491.718754325528,24956.283071845155,464.5643175196019,0.13731785258859983,2351589.813240679,665839.6049255371,80808.3533807185,81235.83854464968,427.4851639311237,0.4123594323757924
pt-316,UCI Portugal utility (metered),Portuguese utility customer MT_316,C&I customer (metered),,2014,2012-01-01,105216,738.167236328125,391.6823936171455,3431.137768086195,0.5306147094329144,"{""dst_march_interpolated"": 12, ""dst_october_halved"": 12, ""missing_after_reindex"": 0}",792836.853916657,74467.47460998535,13148.694759690952,14107.73893098865,959.0441712976972,0.19901236469625277,862812.8727107309,238038.43367004397,46052.78773565748,47034.560212933626,981.7724772761358,0.6405020953056264
pt-317,UCI Portugal utility (metered),Portuguese utility customer MT_317,C&I customer (metered),,2014,2012-01-01,105216,1080.0301513671875,492.3191894336174,4312.7160994384885,0.4558383752623951,"{""dst_march_interpolated"": 12, ""dst_october_halved"": 12, ""missing_after_reindex"": 0}",1012532.9602061317,110275.7233807373,19593.806885374448,20266.92929561324,673.1224102388442,0.2322153370460419,1140188.8812196676,352861.52768859867,67364.18554082094,65489.613423437826,645.4278826168957,0.7089792224820964
pt-318,UCI Portugal utility (metered),Portuguese utility customer MT_318,C&I customer (metered),,2014,2012-01-01,105216,332.60736083984375,160.77266781101488,1408.3685700244905,0.4833707450281887,"{""dst_march_interpolated"": 12, ""dst_october_halved"": 12, ""missing_after_reindex"": 0}",330477.28927601833,33084.32344100952,8314.144830062323,9502.561727629669,1188.4168975673383,0.3018958978370797,363444.74508603424,105863.59856948853,30378.83022251698,30974.12927792239,1195.2990554054159,1.0030299449890487
pt-323,UCI Portugal utility (metered),Portuguese utility customer MT_323,C&I customer (metered),,2014,2012-01-01,105216,3586.219482421875,1658.3020512872636,14526.725969276427,0.4624095260804744,"{""dst_march_interpolated"": 12, ""dst_october_halved"": 12, ""missing_after_reindex"": 0}",3416771.4989004927,388349.2896752929,31756.13914131999,31830.000000000004,73.86085867989459,0.11153033494293321,3882046.8223438635,1240570.2571411133,101787.10467679112,101850.00000000001,62.89532320894068,0.31463949612643294
pt-324,UCI Portugal utility (metered),Portuguese utility customer MT_324,C&I customer (metered),,2014,2012-01-01,105216,586.8662109375,315.26399839174803,2761.7126259117126,0.537199096687001,"{""dst_march_interpolated"": 12, ""dst_october_halved"": 12, ""missing_after_reindex"": 0}",642197.0411763743,63260.444198303216,14099.283170242314,14862.487055003134,763.2038847608201,0.2634571435162385,705136.0532066678,201882.36022491453,48014.494775081985,48794.07557134722,779.5807962652107,0.817110307550979
pt-325,UCI Portugal utility (metered),Portuguese utility customer MT_325,C&I customer (metered),,2014,2012-01-01,105216,564.2701416015625,304.5129860113745,2667.5337574596406,0.5396581593828059,"{""dst_march_interpolated"": 12, ""dst_october_halved"": 12, ""missing_after_reindex"": 0}",615226.9999531381,55904.759924621576,10887.651369110448,11952.94154951418,1065.2901804037392,0.21236359333916938,665042.096624156,178884.69363250732,38666.78324440533,39768.62832747075,1101.8450830654365,0.6977022977766341
pt-326,UCI Portugal utility (metered),Portuguese utility customer MT_326,C&I customer (metered),,2014,2012-01-01,105216,473.3541259765625,225.09099816209104,1971.7971438999175,0.4755234734623104,"{""dst_march_interpolated"": 12, ""dst_october_halved"": 12, ""missing_after_reindex"": 0}",463403.77063064347,48676.48404602051,11583.029563607128,12564.755458726253,981.7258951191288,0.2999465338275651,515615.9088933581,155755.57336120604,39720.81797432616,40688.557141080135,967.7391667539705,0.9244280625765111
pt-327,UCI Portugal utility (metered),Portuguese utility customer MT_327,C&I customer (metered),,2014,2012-01-01,105216,932.5723266601562,502.7794902408096,4404.348334509492,0.539131899872502,"{""dst_march_interpolated"": 12, ""dst_october_halved"": 12, ""missing_after_reindex"": 0}",1022246.2197579688,101289.67829833984,17066.671807843522,17777.283271148975,710.6114633054385,0.20034318321334713,1125549.2304706373,324107.877307129,57829.60966846811,58521.800360634006,692.190692165881,0.6165481679832402
pt-328,UCI Portugal utility (metered),Portuguese utility customer MT_328,C&I customer (metered),,2014,2012-01-01,105216,2325.926025390625,1179.0479654453388,10328.46017730117,0.5069155048674968,"{""dst_march_interpolated"": 12, ""dst_october_halved"": 12, ""missing_after_reindex"": 0}",2403235.273366569,248824.147668457,28576.801771026105,29066.17885742439,489.37708639824996,0.14269165614065407,2675555.7448209305,796190.3688354493,93330.32378093858,93791.68451994137,461.36073900279007,0.4185911235597223
pt-329,UCI Portugal utility (metered),Portuguese utility customer MT_329,C&I customer (metered),,2014,2012-01-01,105216,337.8823547363281,194.45791155127085,1703.4513051891329,0.5755195819652056,"{""dst_march_interpolated"": 12, ""dst_october_halved"": 12, ""missing_after_reindex"": 0}",397069.7997715741,38308.96567504883,9651.839047770136,11006.530052881371,1354.6910051112463,0.2916919610604272,432677.03264747496,121529.51721649172,35274.21654375104,36074.50025348899,1400.2837097379306,0.9783061419622195
pt-331,UCI Portugal utility (metered),Portuguese utility customer MT_331,C&I customer (metered),,2014,2012-01-01,105216,427.0833435058594,190.7126807772678,1670.6430836088657,0.4465467541106559,"{""dst_march_interpolated"": 12, ""dst_october_halved"": 12, ""missing_after_reindex"": 0}",396202.7340993804,44232.893458557126,12773.66997219565,13394.2838768955,620.6139046998578,0.3868828417218828,446728.7600719485,141536.92110443115,43895.22631939814,44545.514284252225,650.2879648540948,1.179110822746094
pt-336,UCI Portugal utility (metered),Portuguese utility customer MT_336,C&I customer (metered),,2014,2012-01-01,105216,629.9212646484375,153.6689650445224,1346.140133790016,0.2439494801469924,"{""dst_march_interpolated"": 12, ""dst_october_halved"": 12, ""missing_after_reindex"": 0}",329451.5044739605,44914.97094665527,11379.688327735581,11887.695837404728,508.0075096691435,0.4144957848981996,390004.25898067607,143719.44049377443,39141.88345142684,39652.33439573138,510.45094430453173,1.2043524925721258
pt-338,UCI Portugal utility (metered),Portuguese utility customer MT_338,C&I customer (metered),,2014,2012-01-01,105216,658.0086669921875,248.91540156434115,2180.4989177036286,0.3782859011601689,"{""dst_march_interpolated"": 12, ""dst_october_halved"": 12, ""missing_after_reindex"": 0}",512553.5584735062,54381.99147094727,11929.079945309539,12846.502829600795,917.4228842912489,0.27928585603823064,567936.8771641626,170190.90863342286,38083.640013950244,39027.18424025561,943.5442263053628,0.8046733687189425
pt-340,UCI Portugal utility (metered),Portuguese utility customer MT_340,C&I customer (metered),,2014,2012-01-01,105216,383.8827819824219,130.4665519803167,1142.8869953475744,0.3398603899517712,"{""dst_march_interpolated"": 12, ""dst_october_halved"": 12, ""missing_after_reindex"": 0}",279825.9642094461,37488.66661270141,11861.330351728157,12951.854740104834,1090.524388376678,0.5086588895453649,327927.25052005344,118538.97425460815,41862.17752596248,42429.01692707164,1166.8394011091623,1.531882847536729
pt-341,UCI Portugal utility (metered),Portuguese utility customer MT_341,C&I customer (metered),,2014,2012-01-01,105216,2277.078125,990.2534022726423,8674.619803908348,0.4348789755611228,"{""dst_march_interpolated"": 12, ""dst_october_halved"": 12, ""missing_after_reindex"": 0}",2049106.5423915861,237696.07219604496,26213.939599704667,26588.051251305842,374.11165160118253,0.15351435793539228,2338571.883925114,759428.1509216309,85206.36998762301,85560.44650024052,354.0765126174665,0.4372225830985908
pt-342,UCI Portugal utility (metered),Portuguese utility customer MT_342,C&I customer (metered),,2014,2012-01-01,105216,712.3287963867188,248.0824675244828,2173.202415514469,0.3482696035635212,"{""dst_march_interpolated"": 12, ""dst_october_halved"": 12, ""missing_after_reindex"": 0}",527056.290189146,70253.95925628663,17374.71212772603,17990.601709928866,615.8895822028171,0.39558686503464124,616937.3342701409,220515.89978179935,54105.906632774684,54722.165597628846,616.258964854158,1.0524097724794157
pt-343,UCI Portugal utility (metered),Portuguese utility customer MT_343,C&I customer (metered),,2014,2012-01-01,105216,573.0061645507812,145.5153181416327,1274.7141869207026,0.2539507027044152,"{""dst_march_interpolated"": 12, ""dst_october_halved"": 12, ""missing_after_reindex"": 0}",326625.9473413309,56727.6993447876,20522.08614561393,21489.493405992456,967.4072603785262,0.7539665349673371,414545.2168903504,181226.35053863528,69554.4004962039,70524.7428746576,970.3423784537026,2.0134180107431257
pt-344,UCI Portugal utility (metered),Portuguese utility customer MT_344,C&I customer (metered),,2014,2012-01-01,105216,542.8737182617188,171.04038034254285,1498.3137318006754,0.3150647647674196,"{""dst_march_interpolated"": 12, ""dst_october_halved"": 12, ""missing_after_reindex"": 0}",374404.240012986,57998.464432678215,18309.842964315743,18874.34482870242,564.5018643866679,0.5868472952233877,459001.30163062713,185092.40989685062,61292.70477864211,61870.40899213416,577.7042134920412,1.602419110208963
pt-345,UCI Portugal utility (metered),Portuguese utility customer MT_345,C&I customer (metered),,2014,2012-01-01,105216,4864.734375,1945.5047919117017,17042.621977146508,0.3999200453594553,"{""dst_march_interpolated"": 12, ""dst_october_halved"": 12, ""missing_after_reindex"": 0}",4010399.700376923,457306.3710302734,30284.327437266416,30396.257198149116,111.92976088274736,0.09061738390142039,4551476.761017265,1453289.5935058596,95418.82873258163,95521.95588705112,103.12715446957736,0.25157240274144865
pt-346,UCI Portugal utility (metered),Portuguese utility customer MT_346,C&I customer (metered),,2014,2012-01-01,105216,760.6491088867188,270.7049664530036,2371.3755061283114,0.3558867857601328,"{""dst_march_interpolated"": 12, ""dst_october_halved"": 12, ""missing_after_reindex"": 0}",566171.1822912657,68136.42919799805,16131.191963810685,16747.78064889563,616.5886850849347,0.34190066471123265,650419.5252478338,218023.72962036135,53959.50252749753,54574.96703606383,615.4645085663178,0.9955328909956133
pt-349,UCI Portugal utility (metered),Portuguese utility customer MT_349,C&I customer (metered),,2014,2012-01-01,105216,576.458740234375,189.6372958369434,1661.222711531624,0.3289694172385021,"{""dst_march_interpolated"": 12, ""dst_october_halved"": 12, ""missing_after_reindex"": 0}",410224.00979003124,60036.162076721186,21334.300665165643,22220.080321823756,885.7796566581164,0.6240775816925599,493024.54251574207,189542.78369140628,71820.87236070276,72662.46176031022,841.5893996074628,1.7480883688481181
pt-350,UCI Portugal utility (metered),Portuguese utility customer MT_350,C&I customer (metered),,2014,2012-01-01,105216,1567.1641845703125,568.7831541858308,4982.540430667877,0.3629378209289415,"{""dst_march_interpolated"": 12, ""dst_october_halved"": 12, ""missing_after_reindex"": 0}",1225886.1688494617,182639.80175537107,26633.036884557965,26987.98799658136,354.95111202339467,0.2607064593237465,1493333.5021354875,584412.9377563477,86979.18191381643,87292.15289060443,312.97097678799764,0.6989397756584314
pt-352,UCI Portugal utility (metered),Portuguese utility customer MT_352,C&I customer (metered),,2014,2012-01-01,105216,547.6369018554688,84.89522872276638,743.6822036114335,0.1550210156312142,"{""dst_march_interpolated"": 12, ""dst_october_halved"": 12, ""missing_after_reindex"": 0}",192521.24943758224,33525.370938339234,12154.206030494655,12883.446014656098,729.2399841614424,0.7575811646351401,242285.33271536106,105364.70229377746,43052.50587544173,43220.10871623281,767.6028407910708,2.132320866126231
pt-353,UCI Portugal utility (metered),Portuguese utility customer MT_353,C&I customer (metered),,2014,2012-01-01,105216,964.0795288085938,499.04785780969274,4371.6592344129085,0.5176417949942516,"{""dst_march_interpolated"": 12, ""dst_october_halved"": 12, ""missing_after_reindex"": 0}",1013420.5303016033,99362.41233703612,14206.723202514011,15110.057680067193,903.3344775531441,0.16822303607706815,1111423.0476888202,315915.7468658447,48295.12675482099,49245.785817038035,950.6590622170188,0.5214409780893025
pt-354,UCI Portugal utility (metered),Portuguese utility customer MT_354,C&I customer (metered),,2014,2012-01-01,105216,374.74951171875,125.77200736219072,1101.7627844927906,0.3356162007666144,"{""dst_march_interpolated"": 12, ""dst_october_halved"": 12, ""missing_after_reindex"": 0}",274455.6595221818,40643.317533264155,12746.327162522606,13802.946550648252,1056.6193881256422,0.5573065107003531,331973.9530526067,130050.95478363038,44665.67654363424,45663.09636121976,997.4198175855036,1.6145487126174467
pt-355,UCI Portugal utility (metered),Portuguese utility customer MT_355,C&I customer (metered),,2014,2012-01-01,105216,1470.319580078125,647.6547568193038,5673.455669737101,0.4404857050090368,"{""dst_march_interpolated"": 12, ""dst_october_halved"": 12, ""missing_after_reindex"": 0}",1339439.2564474707,153594.6871496582,21545.527330337092,22000.37277176894,454.84544143185485,0.19302579547337956,1525661.4325869952,491319.0248596191,71561.51145789123,72003.81003274824,442.29857485696266,0.5628628469938912
pt-356,UCI Portugal utility (metered),Portuguese utility customer MT_356,C&I customer (metered),,2014,2012-01-01,105216,550.3875732421875,89.0955324698801,780.4768644361496,0.1618778053891041,"{""dst_march_interpolated"": 12, ""dst_october_halved"": 12, ""missing_after_reindex"": 0}",205786.45204077548,38934.17634937286,11710.24314576694,12571.022571274923,860.7794255079862,0.6828579644366455,268181.99037180195,124582.02517070771,39541.02340900097,40186.34289200359,645.3194830026196,1.7692921148440481
pt-358,UCI Portugal utility (metered),Portuguese utility customer MT_358,C&I customer (metered),,2014,2012-01-01,105216,2250.398681640625,730.5440624935715,6399.565987443685,0.3246287284353444,"{""dst_march_interpolated"": 12, ""dst_october_halved"": 12, ""missing_after_reindex"": 0}",1550327.1683289132,213469.13576904294,29625.83350651416,29818.09273876326,192.25923224908183,0.22931288913769834,1848347.8622846366,682194.6485839845,97438.48276862116,97616.84893243542,178.3661638142221,0.6325983420556976
pt-359,UCI Portugal utility (metered),Portuguese utility customer MT_359,C&I customer (metered),,2014,2012-01-01,105216,300.5697937011719,105.6880460809355,925.8272836689948,0.3516256400202713,"{""dst_march_interpolated"": 12, ""dst_october_halved"": 12, ""missing_after_reindex"": 0}",225898.44261894393,28958.347225036614,12434.11771541618,14156.812397400006,1722.6946819838158,0.6605154548882286,262356.50868462067,92371.081880188,45359.71190254491,46359.69898479308,1599.9870822481653,2.0747209419716093
pt-360,UCI Portugal utility (metered),Portuguese utility customer MT_360,C&I customer (metered),,2014,2012-01-01,105216,1355.26318359375,494.6760562539645,4333.362252784729,0.3650036850718784,"{""dst_march_interpolated"": 12, ""dst_october_halved"": 12, ""missing_after_reindex"": 0}",1042726.2414496022,136033.6943347168,25275.275276758475,26026.047432929525,750.7721561710568,0.2908752952255697,1220326.8365339006,429251.58678588877,80579.77620968172,81323.145942937,743.3697332552329,0.7923756862240557
pt-361,UCI Portugal utility (metered),Portuguese utility customer MT_361,C&I customer (metered),,2014,2012-01-01,105216,852.962158203125,285.4889299097671,2500.8830260095597,0.334702925756034,"{""dst_march_interpolated"": 12, ""dst_october_halved"": 12, ""missing_after_reindex"": 0}",607138.196671665,81767.42983276368,19383.56048308539,20029.664987407545,646.1045043221602,0.3831133127056643,717545.6579002361,261640.36218872073,64836.627753891415,65465.14676208516,628.5190081937217,1.0843066562809187
pt-367,UCI Portugal utility (metered),Portuguese utility customer MT_367,C&I customer (metered),,2014,2012-01-01,105216,1121.158935546875,570.6582919778549,4998.966637726009,0.5089896480194409,"{""dst_march_interpolated"": 12, ""dst_october_halved"": 12, ""missing_after_reindex"": 0}",1156799.9416710685,113011.87038269042,25385.846755957107,26100.571887380414,714.7251314232853,0.26333867257239685,1273519.0960736729,361616.6823272705,86028.54934823363,84136.90206036092,628.3527121272855,0.8106219964518558
pt-368,UCI Portugal utility (metered),Portuguese utility customer MT_368,C&I customer (metered),,2014,2012-01-01,105216,362.27044677734375,125.82040717699756,1102.1867668704986,0.347310713021889,"{""dst_march_interpolated"": 12, ""dst_october_halved"": 12, ""missing_after_reindex"": 0}",276660.23032838246,42811.97038452149,18816.686371238364,20341.214597847014,1524.5282266086542,0.8161644201150497,332018.82935854414,130018.86556854247,63448.80198310387,64347.223902160775,1498.4219190569129,2.293200133463012
pt-369,UCI Portugal utility (metered),Portuguese utility customer MT_369,C&I customer (metered),,2014,2012-01-01,105216,1455.278564453125,810.7670831137052,7102.319648076057,0.557121573090978,"{""dst_march_interpolated"": 12, ""dst_october_halved"": 12, ""missing_after_reindex"": 0}",1633556.6417768437,151534.75927612305,19898.432453430534,20472.59658383773,574.1641304071818,0.14617258032843022,1778606.7508824833,484882.6651672364,67781.59525886025,68334.97822237152,553.382963511307,0.45731252436928643
